DateKey,AccountKey,ProductKey,RegionKey,DepartmentKey,ScenarioKey,Amount
20240101,101,1,1,5,1,605.0
20240101,101,1,2,5,1,249.6
20240101,101,1,3,5,1,148.7
20240101,101,1,4,5,1,78.4
20240101,101,1,5,5,1,45.7
20240101,101,2,1,5,1,462.9
20240101,101,2,2,5,1,193.9
20240101,101,2,3,5,1,113.1
20240101,101,2,4,5,1,60.3
20240101,101,2,5,5,1,34.8
20240101,101,3,1,5,1,372.9
20240101,101,3,2,5,1,151.0
20240101,101,3,3,5,1,89.8
20240101,101,3,4,5,1,47.4
20240101,101,3,5,5,1,26.8
20240101,101,4,1,5,1,281.0
20240101,101,4,2,5,1,114.5
20240101,101,4,3,5,1,68.6
20240101,101,4,4,5,1,36.5
20240101,101,4,5,5,1,21.2
20240101,101,5,1,5,1,186.6
20240101,101,5,2,5,1,74.3
20240101,101,5,3,5,1,44.1
20240101,101,5,4,5,1,23.7
20240101,101,5,5,5,1,13.3
20240101,101,6,1,5,1,121.3
20240101,101,6,2,5,1,49.8
20240101,101,6,3,5,1,29.7
20240101,101,6,4,5,1,15.8
20240101,101,6,5,5,1,8.9
20240101,102,1,1,5,1,160.2
20240101,102,1,2,5,1,65.9
20240101,102,1,3,5,1,38.8
20240101,102,1,4,5,1,20.8
20240101,102,1,5,5,1,11.7
20240101,102,2,1,5,1,122.2
20240101,102,2,2,5,1,50.5
20240101,102,2,3,5,1,29.2
20240101,102,2,4,5,1,16.1
20240101,102,2,5,5,1,9.2
20240101,102,3,1,5,1,94.9
20240101,102,3,2,5,1,39.2
20240101,102,3,3,5,1,22.7
20240101,102,3,4,5,1,12.5
20240101,102,3,5,5,1,7.2
20240101,102,4,1,5,1,73.5
20240101,102,4,2,5,1,30.3
20240101,102,4,3,5,1,18.0
20240101,102,4,4,5,1,9.6
20240101,102,4,5,5,1,5.6
20240101,102,5,1,5,1,48.1
20240101,102,5,2,5,1,19.2
20240101,102,5,3,5,1,11.5
20240101,102,5,4,5,1,6.1
20240101,102,5,5,5,1,3.5
20240101,102,6,1,5,1,31.4
20240101,102,6,2,5,1,13.1
20240101,102,6,3,5,1,7.6
20240101,102,6,4,5,1,4.2
20240101,102,6,5,5,1,2.4
20240101,103,1,1,5,1,552.4
20240101,103,1,2,5,1,223.7
20240101,103,1,3,5,1,132.8
20240101,103,1,4,5,1,72.5
20240101,103,1,5,5,1,40.6
20240101,103,2,1,5,1,421.9
20240101,103,2,2,5,1,175.5
20240101,103,2,3,5,1,104.8
20240101,103,2,4,5,1,56.2
20240101,103,2,5,5,1,32.2
20240101,103,3,1,5,1,330.8
20240101,103,3,2,5,1,137.0
20240101,103,3,3,5,1,80.6
20240101,103,3,4,5,1,44.0
20240101,103,3,5,5,1,24.6
20240101,103,4,1,5,1,262.2
20240101,103,4,2,5,1,106.2
20240101,103,4,3,5,1,63.5
20240101,103,4,4,5,1,33.3
20240101,103,4,5,5,1,19.3
20240101,103,5,1,5,1,167.9
20240101,103,5,2,5,1,67.7
20240101,103,5,3,5,1,40.9
20240101,103,5,4,5,1,21.3
20240101,103,5,5,5,1,12.2
20240101,103,6,1,5,1,112.2
20240101,103,6,2,5,1,45.0
20240101,103,6,3,5,1,26.8
20240101,103,6,4,5,1,14.6
20240101,103,6,5,5,1,8.4
20240101,201,1,1,1,1,-182.0
20240101,201,1,1,2,1,-85.7
20240101,201,1,2,1,1,-74.2
20240101,201,1,2,2,1,-34.9
20240101,201,1,3,1,1,-43.8
20240101,201,1,3,2,1,-20.6
20240101,201,1,4,1,1,-23.6
20240101,201,1,4,2,1,-11.1
20240101,201,1,5,1,1,-13.5
20240101,201,1,5,2,1,-6.3
20240101,201,2,1,1,1,-139.5
20240101,201,2,1,2,1,-65.7
20240101,201,2,2,1,1,-56.9
20240101,201,2,2,2,1,-26.8
20240101,201,2,3,1,1,-33.6
20240101,201,2,3,2,1,-15.8
20240101,201,2,4,1,1,-18.1
20240101,201,2,4,2,1,-8.5
20240101,201,2,5,1,1,-10.3
20240101,201,2,5,2,1,-4.9
20240101,201,3,1,1,1,-109.2
20240101,201,3,1,2,1,-51.4
20240101,201,3,2,1,1,-44.5
20240101,201,3,2,2,1,-20.9
20240101,201,3,3,1,1,-26.3
20240101,201,3,3,2,1,-12.4
20240101,201,3,4,1,1,-14.2
20240101,201,3,4,2,1,-6.7
20240101,201,3,5,1,1,-8.1
20240101,201,3,5,2,1,-3.8
20240101,201,4,1,1,1,-84.9
20240101,201,4,1,2,1,-40.0
20240101,201,4,2,1,1,-34.6
20240101,201,4,2,2,1,-16.3
20240101,201,4,3,1,1,-20.4
20240101,201,4,3,2,1,-9.6
20240101,201,4,4,1,1,-11.0
20240101,201,4,4,2,1,-5.2
20240101,201,4,5,1,1,-6.3
20240101,201,4,5,2,1,-3.0
20240101,201,5,1,1,1,-54.6
20240101,201,5,1,2,1,-25.7
20240101,201,5,2,1,1,-22.2
20240101,201,5,2,2,1,-10.5
20240101,201,5,3,1,1,-13.1
20240101,201,5,3,2,1,-6.2
20240101,201,5,4,1,1,-7.1
20240101,201,5,4,2,1,-3.3
20240101,201,5,5,1,1,-4.0
20240101,201,5,5,2,1,-1.9
20240101,201,6,1,1,1,-36.4
20240101,201,6,1,2,1,-17.1
20240101,201,6,2,1,1,-14.8
20240101,201,6,2,2,1,-7.0
20240101,201,6,3,1,1,-8.8
20240101,201,6,3,2,1,-4.1
20240101,201,6,4,1,1,-4.7
20240101,201,6,4,2,1,-2.2
20240101,201,6,5,1,1,-2.7
20240101,201,6,5,2,1,-1.3
20240101,202,1,1,1,1,-131.8
20240101,202,1,1,2,1,-62.0
20240101,202,1,2,1,1,-53.7
20240101,202,1,2,2,1,-25.3
20240101,202,1,3,1,1,-31.7
20240101,202,1,3,2,1,-14.9
20240101,202,1,4,1,1,-17.1
20240101,202,1,4,2,1,-8.0
20240101,202,1,5,1,1,-9.8
20240101,202,1,5,2,1,-4.6
20240101,202,2,1,1,1,-101.0
20240101,202,2,1,2,1,-47.6
20240101,202,2,2,1,1,-41.2
20240101,202,2,2,2,1,-19.4
20240101,202,2,3,1,1,-24.3
20240101,202,2,3,2,1,-11.4
20240101,202,2,4,1,1,-13.1
20240101,202,2,4,2,1,-6.2
20240101,202,2,5,1,1,-7.5
20240101,202,2,5,2,1,-3.5
20240101,202,3,1,1,1,-79.1
20240101,202,3,1,2,1,-37.2
20240101,202,3,2,1,1,-32.2
20240101,202,3,2,2,1,-15.2
20240101,202,3,3,1,1,-19.0
20240101,202,3,3,2,1,-9.0
20240101,202,3,4,1,1,-10.3
20240101,202,3,4,2,1,-4.8
20240101,202,3,5,1,1,-5.9
20240101,202,3,5,2,1,-2.8
20240101,202,4,1,1,1,-61.5
20240101,202,4,1,2,1,-28.9
20240101,202,4,2,1,1,-25.1
20240101,202,4,2,2,1,-11.8
20240101,202,4,3,1,1,-14.8
20240101,202,4,3,2,1,-7.0
20240101,202,4,4,1,1,-8.0
20240101,202,4,4,2,1,-3.8
20240101,202,4,5,1,1,-4.6
20240101,202,4,5,2,1,-2.1
20240101,202,5,1,1,1,-39.5
20240101,202,5,1,2,1,-18.6
20240101,202,5,2,1,1,-16.1
20240101,202,5,2,2,1,-7.6
20240101,202,5,3,1,1,-9.5
20240101,202,5,3,2,1,-4.5
20240101,202,5,4,1,1,-5.1
20240101,202,5,4,2,1,-2.4
20240101,202,5,5,1,1,-2.9
20240101,202,5,5,2,1,-1.4
20240101,202,6,1,1,1,-26.4
20240101,202,6,1,2,1,-12.4
20240101,202,6,2,1,1,-10.7
20240101,202,6,2,2,1,-5.1
20240101,202,6,3,1,1,-6.3
20240101,202,6,3,2,1,-3.0
20240101,202,6,4,1,1,-3.4
20240101,202,6,4,2,1,-1.6
20240101,202,6,5,1,1,-2.0
20240101,202,6,5,2,1,-0.9
20240101,401,1,1,3,1,-193.3
20240101,401,1,2,3,1,-78.8
20240101,401,1,3,3,1,-46.5
20240101,401,1,4,3,1,-25.1
20240101,401,1,5,3,1,-14.3
20240101,401,2,1,3,1,-148.2
20240101,401,2,2,3,1,-60.4
20240101,401,2,3,3,1,-35.7
20240101,401,2,4,3,1,-19.2
20240101,401,2,5,3,1,-11.0
20240101,401,3,1,3,1,-116.0
20240101,401,3,2,3,1,-47.3
20240101,401,3,3,3,1,-27.9
20240101,401,3,4,3,1,-15.0
20240101,401,3,5,3,1,-8.6
20240101,401,4,1,3,1,-90.2
20240101,401,4,2,3,1,-36.8
20240101,401,4,3,3,1,-21.7
20240101,401,4,4,3,1,-11.7
20240101,401,4,5,3,1,-6.7
20240101,401,5,1,3,1,-58.0
20240101,401,5,2,3,1,-23.6
20240101,401,5,3,3,1,-14.0
20240101,401,5,4,3,1,-7.5
20240101,401,5,5,3,1,-4.3
20240101,401,6,1,3,1,-38.7
20240101,401,6,2,3,1,-15.8
20240101,401,6,3,3,1,-9.3
20240101,401,6,4,3,1,-5.0
20240101,401,6,5,3,1,-2.9
20240101,401,1,1,4,1,-67.9
20240101,401,1,2,4,1,-27.7
20240101,401,1,3,4,1,-16.4
20240101,401,1,4,4,1,-8.8
20240101,401,1,5,4,1,-5.0
20240101,401,2,1,4,1,-52.1
20240101,401,2,2,4,1,-21.2
20240101,401,2,3,4,1,-12.5
20240101,401,2,4,4,1,-6.8
20240101,401,2,5,4,1,-3.9
20240101,401,3,1,4,1,-40.8
20240101,401,3,2,4,1,-16.6
20240101,401,3,3,4,1,-9.8
20240101,401,3,4,4,1,-5.3
20240101,401,3,5,4,1,-3.0
20240101,401,4,1,4,1,-31.7
20240101,401,4,2,4,1,-12.9
20240101,401,4,3,4,1,-7.6
20240101,401,4,4,4,1,-4.1
20240101,401,4,5,4,1,-2.3
20240101,401,5,1,4,1,-20.4
20240101,401,5,2,4,1,-8.3
20240101,401,5,3,4,1,-4.9
20240101,401,5,4,4,1,-2.6
20240101,401,5,5,4,1,-1.5
20240101,401,6,1,4,1,-13.6
20240101,401,6,2,4,1,-5.5
20240101,401,6,3,4,1,-3.3
20240101,401,6,4,4,1,-1.8
20240101,401,6,5,4,1,-1.0
20240101,402,1,1,5,1,-170.0
20240101,402,1,2,5,1,-69.2
20240101,402,1,3,5,1,-40.9
20240101,402,1,4,5,1,-22.0
20240101,402,1,5,5,1,-12.6
20240101,402,2,1,5,1,-130.3
20240101,402,2,2,5,1,-53.1
20240101,402,2,3,5,1,-31.4
20240101,402,2,4,5,1,-16.9
20240101,402,2,5,5,1,-9.7
20240101,402,3,1,5,1,-102.0
20240101,402,3,2,5,1,-41.5
20240101,402,3,3,5,1,-24.5
20240101,402,3,4,5,1,-13.2
20240101,402,3,5,5,1,-7.6
20240101,402,4,1,5,1,-79.3
20240101,402,4,2,5,1,-32.3
20240101,402,4,3,5,1,-19.1
20240101,402,4,4,5,1,-10.3
20240101,402,4,5,5,1,-5.9
20240101,402,5,1,5,1,-51.0
20240101,402,5,2,5,1,-20.8
20240101,402,5,3,5,1,-12.3
20240101,402,5,4,5,1,-6.6
20240101,402,5,5,5,1,-3.8
20240101,402,6,1,5,1,-34.0
20240101,402,6,2,5,1,-13.8
20240101,402,6,3,5,1,-8.2
20240101,402,6,4,5,1,-4.4
20240101,402,6,5,5,1,-2.5
20240101,402,1,1,6,1,-66.1
20240101,402,1,2,6,1,-26.9
20240101,402,1,3,6,1,-15.9
20240101,402,1,4,6,1,-8.6
20240101,402,1,5,6,1,-4.9
20240101,402,2,1,6,1,-50.7
20240101,402,2,2,6,1,-20.6
20240101,402,2,3,6,1,-12.2
20240101,402,2,4,6,1,-6.6
20240101,402,2,5,6,1,-3.8
20240101,402,3,1,6,1,-39.7
20240101,402,3,2,6,1,-16.2
20240101,402,3,3,6,1,-9.5
20240101,402,3,4,6,1,-5.1
20240101,402,3,5,6,1,-2.9
20240101,402,4,1,6,1,-30.8
20240101,402,4,2,6,1,-12.6
20240101,402,4,3,6,1,-7.4
20240101,402,4,4,6,1,-4.0
20240101,402,4,5,6,1,-2.3
20240101,402,5,1,6,1,-19.8
20240101,402,5,2,6,1,-8.1
20240101,402,5,3,6,1,-4.8
20240101,402,5,4,6,1,-2.6
20240101,402,5,5,6,1,-1.5
20240101,402,6,1,6,1,-13.2
20240101,402,6,2,6,1,-5.4
20240101,402,6,3,6,1,-3.2
20240101,402,6,4,6,1,-1.7
20240101,402,6,5,6,1,-1.0
20240101,403,1,1,7,1,-60.0
20240101,403,1,2,7,1,-24.4
20240101,403,1,3,7,1,-14.4
20240101,403,1,4,7,1,-7.8
20240101,403,1,5,7,1,-4.4
20240101,403,2,1,7,1,-46.0
20240101,403,2,2,7,1,-18.7
20240101,403,2,3,7,1,-11.1
20240101,403,2,4,7,1,-6.0
20240101,403,2,5,7,1,-3.4
20240101,403,3,1,7,1,-36.0
20240101,403,3,2,7,1,-14.7
20240101,403,3,3,7,1,-8.7
20240101,403,3,4,7,1,-4.7
20240101,403,3,5,7,1,-2.7
20240101,403,4,1,7,1,-28.0
20240101,403,4,2,7,1,-11.4
20240101,403,4,3,7,1,-6.7
20240101,403,4,4,7,1,-3.6
20240101,403,4,5,7,1,-2.1
20240101,403,5,1,7,1,-18.0
20240101,403,5,2,7,1,-7.3
20240101,403,5,3,7,1,-4.3
20240101,403,5,4,7,1,-2.3
20240101,403,5,5,7,1,-1.3
20240101,403,6,1,7,1,-12.0
20240101,403,6,2,7,1,-4.9
20240101,403,6,3,7,1,-2.9
20240101,403,6,4,7,1,-1.6
20240101,403,6,5,7,1,-0.9
20240101,403,1,1,8,1,-43.4
20240101,403,1,2,8,1,-17.7
20240101,403,1,3,8,1,-10.5
20240101,403,1,4,8,1,-5.6
20240101,403,1,5,8,1,-3.2
20240101,403,2,1,8,1,-33.3
20240101,403,2,2,8,1,-13.6
20240101,403,2,3,8,1,-8.0
20240101,403,2,4,8,1,-4.3
20240101,403,2,5,8,1,-2.5
20240101,403,3,1,8,1,-26.1
20240101,403,3,2,8,1,-10.6
20240101,403,3,3,8,1,-6.3
20240101,403,3,4,8,1,-3.4
20240101,403,3,5,8,1,-1.9
20240101,403,4,1,8,1,-20.3
20240101,403,4,2,8,1,-8.3
20240101,403,4,3,8,1,-4.9
20240101,403,4,4,8,1,-2.6
20240101,403,4,5,8,1,-1.5
20240101,403,5,1,8,1,-13.0
20240101,403,5,2,8,1,-5.3
20240101,403,5,3,8,1,-3.1
20240101,403,5,4,8,1,-1.7
20240101,403,5,5,8,1,-1.0
20240101,403,6,1,8,1,-8.7
20240101,403,6,2,8,1,-3.5
20240101,403,6,3,8,1,-2.1
20240101,403,6,4,8,1,-1.1
20240101,403,6,5,8,1,-0.6
20240101,404,1,1,7,1,-17.2
20240101,404,1,2,7,1,-7.0
20240101,404,1,3,7,1,-4.2
20240101,404,1,4,7,1,-2.2
20240101,404,1,5,7,1,-1.3
20240101,404,2,1,7,1,-13.2
20240101,404,2,2,7,1,-5.4
20240101,404,2,3,7,1,-3.2
20240101,404,2,4,7,1,-1.7
20240101,404,2,5,7,1,-1.0
20240101,404,3,1,7,1,-10.3
20240101,404,3,2,7,1,-4.2
20240101,404,3,3,7,1,-2.5
20240101,404,3,4,7,1,-1.3
20240101,404,3,5,7,1,-0.8
20240101,404,4,1,7,1,-8.0
20240101,404,4,2,7,1,-3.3
20240101,404,4,3,7,1,-1.9
20240101,404,4,4,7,1,-1.0
20240101,404,4,5,7,1,-0.6
20240101,404,5,1,7,1,-5.2
20240101,404,5,2,7,1,-2.1
20240101,404,5,3,7,1,-1.2
20240101,404,5,4,7,1,-0.7
20240101,404,5,5,7,1,-0.4
20240101,404,6,1,7,1,-3.4
20240101,404,6,2,7,1,-1.4
20240101,404,6,3,7,1,-0.8
20240101,404,6,4,7,1,-0.4
20240101,404,6,5,7,1,-0.3
20240101,404,1,1,8,1,-17.2
20240101,404,1,2,8,1,-7.0
20240101,404,1,3,8,1,-4.2
20240101,404,1,4,8,1,-2.2
20240101,404,1,5,8,1,-1.3
20240101,404,2,1,8,1,-13.2
20240101,404,2,2,8,1,-5.4
20240101,404,2,3,8,1,-3.2
20240101,404,2,4,8,1,-1.7
20240101,404,2,5,8,1,-1.0
20240101,404,3,1,8,1,-10.3
20240101,404,3,2,8,1,-4.2
20240101,404,3,3,8,1,-2.5
20240101,404,3,4,8,1,-1.3
20240101,404,3,5,8,1,-0.8
20240101,404,4,1,8,1,-8.0
20240101,404,4,2,8,1,-3.3
20240101,404,4,3,8,1,-1.9
20240101,404,4,4,8,1,-1.0
20240101,404,4,5,8,1,-0.6
20240101,404,5,1,8,1,-5.2
20240101,404,5,2,8,1,-2.1
20240101,404,5,3,8,1,-1.2
20240101,404,5,4,8,1,-0.7
20240101,404,5,5,8,1,-0.4
20240101,404,6,1,8,1,-3.4
20240101,404,6,2,8,1,-1.4
20240101,404,6,3,8,1,-0.8
20240101,404,6,4,8,1,-0.4
20240101,404,6,5,8,1,-0.3
20240101,301,1,1,7,1,5337.2
20240101,501,1,1,7,1,1629.0
20240101,502,1,1,7,1,1416.2
20240101,503,1,1,7,1,-73.7
20240101,504,1,1,7,1,1060.6
20240101,601,1,1,7,1,1555.3
20240101,602,1,1,7,1,-335.6
20240101,603,1,1,7,1,64169.7
20240201,101,1,1,5,1,635.1
20240201,101,1,2,5,1,256.3
20240201,101,1,3,5,1,152.6
20240201,101,1,4,5,1,82.2
20240201,101,1,5,5,1,46.8
20240201,101,2,1,5,1,488.2
20240201,101,2,2,5,1,193.5
20240201,101,2,3,5,1,117.3
20240201,101,2,4,5,1,62.5
20240201,101,2,5,5,1,36.1
20240201,101,3,1,5,1,380.9
20240201,101,3,2,5,1,155.9
20240201,101,3,3,5,1,92.4
20240201,101,3,4,5,1,49.9
20240201,101,3,5,5,1,27.8
20240201,101,4,1,5,1,292.2
20240201,101,4,2,5,1,120.1
20240201,101,4,3,5,1,70.4
20240201,101,4,4,5,1,38.5
20240201,101,4,5,5,1,22.1
20240201,101,5,1,5,1,190.6
20240201,101,5,2,5,1,76.3
20240201,101,5,3,5,1,45.1
20240201,101,5,4,5,1,24.2
20240201,101,5,5,5,1,14.1
20240201,101,6,1,5,1,127.9
20240201,101,6,2,5,1,51.5
20240201,101,6,3,5,1,30.8
20240201,101,6,4,5,1,16.1
20240201,101,6,5,5,1,9.4
20240201,102,1,1,5,1,163.8
20240201,102,1,2,5,1,65.9
20240201,102,1,3,5,1,40.0
20240201,102,1,4,5,1,21.1
20240201,102,1,5,5,1,12.4
20240201,102,2,1,5,1,124.6
20240201,102,2,2,5,1,51.4
20240201,102,2,3,5,1,30.6
20240201,102,2,4,5,1,16.6
20240201,102,2,5,5,1,9.2
20240201,102,3,1,5,1,97.9
20240201,102,3,2,5,1,39.7
20240201,102,3,3,5,1,23.6
20240201,102,3,4,5,1,12.9
20240201,102,3,5,5,1,7.2
20240201,102,4,1,5,1,77.1
20240201,102,4,2,5,1,31.4
20240201,102,4,3,5,1,18.3
20240201,102,4,4,5,1,10.0
20240201,102,4,5,5,1,5.7
20240201,102,5,1,5,1,50.2
20240201,102,5,2,5,1,20.1
20240201,102,5,3,5,1,11.8
20240201,102,5,4,5,1,6.4
20240201,102,5,5,5,1,3.6
20240201,102,6,1,5,1,33.2
20240201,102,6,2,5,1,13.5
20240201,102,6,3,5,1,7.9
20240201,102,6,4,5,1,4.2
20240201,102,6,5,5,1,2.4
20240201,103,1,1,5,1,574.1
20240201,103,1,2,5,1,231.5
20240201,103,1,3,5,1,138.8
20240201,103,1,4,5,1,75.2
20240201,103,1,5,5,1,41.9
20240201,103,2,1,5,1,444.2
20240201,103,2,2,5,1,182.1
20240201,103,2,3,5,1,104.5
20240201,103,2,4,5,1,56.6
20240201,103,2,5,5,1,32.4
20240201,103,3,1,5,1,349.9
20240201,103,3,2,5,1,138.4
20240201,103,3,3,5,1,84.0
20240201,103,3,4,5,1,45.2
20240201,103,3,5,5,1,26.0
20240201,103,4,1,5,1,264.8
20240201,103,4,2,5,1,109.3
20240201,103,4,3,5,1,64.0
20240201,103,4,4,5,1,34.5
20240201,103,4,5,5,1,19.8
20240201,103,5,1,5,1,174.1
20240201,103,5,2,5,1,70.0
20240201,103,5,3,5,1,41.4
20240201,103,5,4,5,1,22.7
20240201,103,5,5,5,1,13.0
20240201,103,6,1,5,1,116.7
20240201,103,6,2,5,1,46.8
20240201,103,6,3,5,1,27.6
20240201,103,6,4,5,1,15.1
20240201,103,6,5,5,1,8.7
20240201,201,1,1,1,1,-190.8
20240201,201,1,1,2,1,-89.8
20240201,201,1,2,1,1,-77.7
20240201,201,1,2,2,1,-36.6
20240201,201,1,3,1,1,-45.9
20240201,201,1,3,2,1,-21.6
20240201,201,1,4,1,1,-24.7
20240201,201,1,4,2,1,-11.6
20240201,201,1,5,1,1,-14.1
20240201,201,1,5,2,1,-6.6
20240201,201,2,1,1,1,-146.3
20240201,201,2,1,2,1,-68.8
20240201,201,2,2,1,1,-59.6
20240201,201,2,2,2,1,-28.0
20240201,201,2,3,1,1,-35.2
20240201,201,2,3,2,1,-16.6
20240201,201,2,4,1,1,-19.0
20240201,201,2,4,2,1,-8.9
20240201,201,2,5,1,1,-10.8
20240201,201,2,5,2,1,-5.1
20240201,201,3,1,1,1,-114.5
20240201,201,3,1,2,1,-53.9
20240201,201,3,2,1,1,-46.6
20240201,201,3,2,2,1,-21.9
20240201,201,3,3,1,1,-27.6
20240201,201,3,3,2,1,-13.0
20240201,201,3,4,1,1,-14.8
20240201,201,3,4,2,1,-7.0
20240201,201,3,5,1,1,-8.5
20240201,201,3,5,2,1,-4.0
20240201,201,4,1,1,1,-89.0
20240201,201,4,1,2,1,-41.9
20240201,201,4,2,1,1,-36.3
20240201,201,4,2,2,1,-17.1
20240201,201,4,3,1,1,-21.4
20240201,201,4,3,2,1,-10.1
20240201,201,4,4,1,1,-11.5
20240201,201,4,4,2,1,-5.4
20240201,201,4,5,1,1,-6.6
20240201,201,4,5,2,1,-3.1
20240201,201,5,1,1,1,-57.2
20240201,201,5,1,2,1,-26.9
20240201,201,5,2,1,1,-23.3
20240201,201,5,2,2,1,-11.0
20240201,201,5,3,1,1,-13.8
20240201,201,5,3,2,1,-6.5
20240201,201,5,4,1,1,-7.4
20240201,201,5,4,2,1,-3.5
20240201,201,5,5,1,1,-4.2
20240201,201,5,5,2,1,-2.0
20240201,201,6,1,1,1,-38.2
20240201,201,6,1,2,1,-18.0
20240201,201,6,2,1,1,-15.5
20240201,201,6,2,2,1,-7.3
20240201,201,6,3,1,1,-9.2
20240201,201,6,3,2,1,-4.3
20240201,201,6,4,1,1,-4.9
20240201,201,6,4,2,1,-2.3
20240201,201,6,5,1,1,-2.8
20240201,201,6,5,2,1,-1.3
20240201,202,1,1,1,1,-138.1
20240201,202,1,1,2,1,-65.0
20240201,202,1,2,1,1,-56.3
20240201,202,1,2,2,1,-26.5
20240201,202,1,3,1,1,-33.3
20240201,202,1,3,2,1,-15.6
20240201,202,1,4,1,1,-17.9
20240201,202,1,4,2,1,-8.4
20240201,202,1,5,1,1,-10.2
20240201,202,1,5,2,1,-4.8
20240201,202,2,1,1,1,-105.9
20240201,202,2,1,2,1,-49.8
20240201,202,2,2,1,1,-43.1
20240201,202,2,2,2,1,-20.3
20240201,202,2,3,1,1,-25.5
20240201,202,2,3,2,1,-12.0
20240201,202,2,4,1,1,-13.7
20240201,202,2,4,2,1,-6.5
20240201,202,2,5,1,1,-7.8
20240201,202,2,5,2,1,-3.7
20240201,202,3,1,1,1,-82.9
20240201,202,3,1,2,1,-39.0
20240201,202,3,2,1,1,-33.8
20240201,202,3,2,2,1,-15.9
20240201,202,3,3,1,1,-20.0
20240201,202,3,3,2,1,-9.4
20240201,202,3,4,1,1,-10.7
20240201,202,3,4,2,1,-5.1
20240201,202,3,5,1,1,-6.1
20240201,202,3,5,2,1,-2.9
20240201,202,4,1,1,1,-64.5
20240201,202,4,1,2,1,-30.3
20240201,202,4,2,1,1,-26.3
20240201,202,4,2,2,1,-12.4
20240201,202,4,3,1,1,-15.5
20240201,202,4,3,2,1,-7.3
20240201,202,4,4,1,1,-8.4
20240201,202,4,4,2,1,-3.9
20240201,202,4,5,1,1,-4.8
20240201,202,4,5,2,1,-2.2
20240201,202,5,1,1,1,-41.4
20240201,202,5,1,2,1,-19.5
20240201,202,5,2,1,1,-16.9
20240201,202,5,2,2,1,-7.9
20240201,202,5,3,1,1,-10.0
20240201,202,5,3,2,1,-4.7
20240201,202,5,4,1,1,-5.4
20240201,202,5,4,2,1,-2.5
20240201,202,5,5,1,1,-3.1
20240201,202,5,5,2,1,-1.4
20240201,202,6,1,1,1,-27.6
20240201,202,6,1,2,1,-13.0
20240201,202,6,2,1,1,-11.3
20240201,202,6,2,2,1,-5.3
20240201,202,6,3,1,1,-6.7
20240201,202,6,3,2,1,-3.1
20240201,202,6,4,1,1,-3.6
20240201,202,6,4,2,1,-1.7
20240201,202,6,5,1,1,-2.0
20240201,202,6,5,2,1,-1.0
20240201,401,1,1,3,1,-200.1
20240201,401,1,2,3,1,-81.5
20240201,401,1,3,3,1,-48.2
20240201,401,1,4,3,1,-25.9
20240201,401,1,5,3,1,-14.8
20240201,401,2,1,3,1,-153.4
20240201,401,2,2,3,1,-62.5
20240201,401,2,3,3,1,-36.9
20240201,401,2,4,3,1,-19.9
20240201,401,2,5,3,1,-11.4
20240201,401,3,1,3,1,-120.1
20240201,401,3,2,3,1,-48.9
20240201,401,3,3,3,1,-28.9
20240201,401,3,4,3,1,-15.6
20240201,401,3,5,3,1,-8.9
20240201,401,4,1,3,1,-93.4
20240201,401,4,2,3,1,-38.0
20240201,401,4,3,3,1,-22.5
20240201,401,4,4,3,1,-12.1
20240201,401,4,5,3,1,-6.9
20240201,401,5,1,3,1,-60.0
20240201,401,5,2,3,1,-24.5
20240201,401,5,3,3,1,-14.5
20240201,401,5,4,3,1,-7.8
20240201,401,5,5,3,1,-4.4
20240201,401,6,1,3,1,-40.0
20240201,401,6,2,3,1,-16.3
20240201,401,6,3,3,1,-9.6
20240201,401,6,4,3,1,-5.2
20240201,401,6,5,3,1,-3.0
20240201,401,1,1,4,1,-70.3
20240201,401,1,2,4,1,-28.6
20240201,401,1,3,4,1,-16.9
20240201,401,1,4,4,1,-9.1
20240201,401,1,5,4,1,-5.2
20240201,401,2,1,4,1,-53.9
20240201,401,2,2,4,1,-22.0
20240201,401,2,3,4,1,-13.0
20240201,401,2,4,4,1,-7.0
20240201,401,2,5,4,1,-4.0
20240201,401,3,1,4,1,-42.2
20240201,401,3,2,4,1,-17.2
20240201,401,3,3,4,1,-10.2
20240201,401,3,4,4,1,-5.5
20240201,401,3,5,4,1,-3.1
20240201,401,4,1,4,1,-32.8
20240201,401,4,2,4,1,-13.4
20240201,401,4,3,4,1,-7.9
20240201,401,4,4,4,1,-4.3
20240201,401,4,5,4,1,-2.4
20240201,401,5,1,4,1,-21.1
20240201,401,5,2,4,1,-8.6
20240201,401,5,3,4,1,-5.1
20240201,401,5,4,4,1,-2.7
20240201,401,5,5,4,1,-1.6
20240201,401,6,1,4,1,-14.1
20240201,401,6,2,4,1,-5.7
20240201,401,6,3,4,1,-3.4
20240201,401,6,4,4,1,-1.8
20240201,401,6,5,4,1,-1.0
20240201,402,1,1,5,1,-175.9
20240201,402,1,2,5,1,-71.7
20240201,402,1,3,5,1,-42.3
20240201,402,1,4,5,1,-22.8
20240201,402,1,5,5,1,-13.0
20240201,402,2,1,5,1,-134.9
20240201,402,2,2,5,1,-54.9
20240201,402,2,3,5,1,-32.5
20240201,402,2,4,5,1,-17.5
20240201,402,2,5,5,1,-10.0
20240201,402,3,1,5,1,-105.5
20240201,402,3,2,5,1,-43.0
20240201,402,3,3,5,1,-25.4
20240201,402,3,4,5,1,-13.7
20240201,402,3,5,5,1,-7.8
20240201,402,4,1,5,1,-82.1
20240201,402,4,2,5,1,-33.4
20240201,402,4,3,5,1,-19.8
20240201,402,4,4,5,1,-10.6
20240201,402,4,5,5,1,-6.1
20240201,402,5,1,5,1,-52.8
20240201,402,5,2,5,1,-21.5
20240201,402,5,3,5,1,-12.7
20240201,402,5,4,5,1,-6.8
20240201,402,5,5,5,1,-3.9
20240201,402,6,1,5,1,-35.2
20240201,402,6,2,5,1,-14.3
20240201,402,6,3,5,1,-8.5
20240201,402,6,4,5,1,-4.6
20240201,402,6,5,5,1,-2.6
20240201,402,1,1,6,1,-68.4
20240201,402,1,2,6,1,-27.9
20240201,402,1,3,6,1,-16.5
20240201,402,1,4,6,1,-8.9
20240201,402,1,5,6,1,-5.1
20240201,402,2,1,6,1,-52.4
20240201,402,2,2,6,1,-21.4
20240201,402,2,3,6,1,-12.6
20240201,402,2,4,6,1,-6.8
20240201,402,2,5,6,1,-3.9
20240201,402,3,1,6,1,-41.0
20240201,402,3,2,6,1,-16.7
20240201,402,3,3,6,1,-9.9
20240201,402,3,4,6,1,-5.3
20240201,402,3,5,6,1,-3.0
20240201,402,4,1,6,1,-31.9
20240201,402,4,2,6,1,-13.0
20240201,402,4,3,6,1,-7.7
20240201,402,4,4,6,1,-4.1
20240201,402,4,5,6,1,-2.4
20240201,402,5,1,6,1,-20.5
20240201,402,5,2,6,1,-8.4
20240201,402,5,3,6,1,-4.9
20240201,402,5,4,6,1,-2.7
20240201,402,5,5,6,1,-1.5
20240201,402,6,1,6,1,-13.7
20240201,402,6,2,6,1,-5.6
20240201,402,6,3,6,1,-3.3
20240201,402,6,4,6,1,-1.8
20240201,402,6,5,6,1,-1.0
20240201,403,1,1,7,1,-62.1
20240201,403,1,2,7,1,-25.3
20240201,403,1,3,7,1,-14.9
20240201,403,1,4,7,1,-8.0
20240201,403,1,5,7,1,-4.6
20240201,403,2,1,7,1,-47.6
20240201,403,2,2,7,1,-19.4
20240201,403,2,3,7,1,-11.5
20240201,403,2,4,7,1,-6.2
20240201,403,2,5,7,1,-3.5
20240201,403,3,1,7,1,-37.3
20240201,403,3,2,7,1,-15.2
20240201,403,3,3,7,1,-9.0
20240201,403,3,4,7,1,-4.8
20240201,403,3,5,7,1,-2.8
20240201,403,4,1,7,1,-29.0
20240201,403,4,2,7,1,-11.8
20240201,403,4,3,7,1,-7.0
20240201,403,4,4,7,1,-3.8
20240201,403,4,5,7,1,-2.1
20240201,403,5,1,7,1,-18.6
20240201,403,5,2,7,1,-7.6
20240201,403,5,3,7,1,-4.5
20240201,403,5,4,7,1,-2.4
20240201,403,5,5,7,1,-1.4
20240201,403,6,1,7,1,-12.4
20240201,403,6,2,7,1,-5.1
20240201,403,6,3,7,1,-3.0
20240201,403,6,4,7,1,-1.6
20240201,403,6,5,7,1,-0.9
20240201,403,1,1,8,1,-45.0
20240201,403,1,2,8,1,-18.3
20240201,403,1,3,8,1,-10.8
20240201,403,1,4,8,1,-5.8
20240201,403,1,5,8,1,-3.3
20240201,403,2,1,8,1,-34.5
20240201,403,2,2,8,1,-14.0
20240201,403,2,3,8,1,-8.3
20240201,403,2,4,8,1,-4.5
20240201,403,2,5,8,1,-2.6
20240201,403,3,1,8,1,-27.0
20240201,403,3,2,8,1,-11.0
20240201,403,3,3,8,1,-6.5
20240201,403,3,4,8,1,-3.5
20240201,403,3,5,8,1,-2.0
20240201,403,4,1,8,1,-21.0
20240201,403,4,2,8,1,-8.5
20240201,403,4,3,8,1,-5.1
20240201,403,4,4,8,1,-2.7
20240201,403,4,5,8,1,-1.6
20240201,403,5,1,8,1,-13.5
20240201,403,5,2,8,1,-5.5
20240201,403,5,3,8,1,-3.2
20240201,403,5,4,8,1,-1.7
20240201,403,5,5,8,1,-1.0
20240201,403,6,1,8,1,-9.0
20240201,403,6,2,8,1,-3.7
20240201,403,6,3,8,1,-2.2
20240201,403,6,4,8,1,-1.2
20240201,403,6,5,8,1,-0.7
20240201,404,1,1,7,1,-17.8
20240201,404,1,2,7,1,-7.3
20240201,404,1,3,7,1,-4.3
20240201,404,1,4,7,1,-2.3
20240201,404,1,5,7,1,-1.3
20240201,404,2,1,7,1,-13.7
20240201,404,2,2,7,1,-5.6
20240201,404,2,3,7,1,-3.3
20240201,404,2,4,7,1,-1.8
20240201,404,2,5,7,1,-1.0
20240201,404,3,1,7,1,-10.7
20240201,404,3,2,7,1,-4.4
20240201,404,3,3,7,1,-2.6
20240201,404,3,4,7,1,-1.4
20240201,404,3,5,7,1,-0.8
20240201,404,4,1,7,1,-8.3
20240201,404,4,2,7,1,-3.4
20240201,404,4,3,7,1,-2.0
20240201,404,4,4,7,1,-1.1
20240201,404,4,5,7,1,-0.6
20240201,404,5,1,7,1,-5.4
20240201,404,5,2,7,1,-2.2
20240201,404,5,3,7,1,-1.3
20240201,404,5,4,7,1,-0.7
20240201,404,5,5,7,1,-0.4
20240201,404,6,1,7,1,-3.6
20240201,404,6,2,7,1,-1.5
20240201,404,6,3,7,1,-0.9
20240201,404,6,4,7,1,-0.5
20240201,404,6,5,7,1,-0.3
20240201,404,1,1,8,1,-17.8
20240201,404,1,2,8,1,-7.3
20240201,404,1,3,8,1,-4.3
20240201,404,1,4,8,1,-2.3
20240201,404,1,5,8,1,-1.3
20240201,404,2,1,8,1,-13.7
20240201,404,2,2,8,1,-5.6
20240201,404,2,3,8,1,-3.3
20240201,404,2,4,8,1,-1.8
20240201,404,2,5,8,1,-1.0
20240201,404,3,1,8,1,-10.7
20240201,404,3,2,8,1,-4.4
20240201,404,3,3,8,1,-2.6
20240201,404,3,4,8,1,-1.4
20240201,404,3,5,8,1,-0.8
20240201,404,4,1,8,1,-8.3
20240201,404,4,2,8,1,-3.4
20240201,404,4,3,8,1,-2.0
20240201,404,4,4,8,1,-1.1
20240201,404,4,5,8,1,-0.6
20240201,404,5,1,8,1,-5.4
20240201,404,5,2,8,1,-2.2
20240201,404,5,3,8,1,-1.3
20240201,404,5,4,8,1,-0.7
20240201,404,5,5,8,1,-0.4
20240201,404,6,1,8,1,-3.6
20240201,404,6,2,8,1,-1.5
20240201,404,6,3,8,1,-0.9
20240201,404,6,4,8,1,-0.5
20240201,404,6,5,8,1,-0.3
20240201,301,1,1,7,1,5487.1
20240201,501,1,1,7,1,1648.9
20240201,502,1,1,7,1,1428.6
20240201,503,1,1,7,1,-76.3
20240201,504,1,1,7,1,1068.3
20240201,601,1,1,7,1,1572.6
20240201,602,1,1,7,1,-347.4
20240201,603,1,1,7,1,65125.2
20240301,101,1,1,5,1,665.4
20240301,101,1,2,5,1,270.5
20240301,101,1,3,5,1,163.4
20240301,101,1,4,5,1,87.3
20240301,101,1,5,5,1,50.2
20240301,101,2,1,5,1,507.4
20240301,101,2,2,5,1,207.6
20240301,101,2,3,5,1,123.1
20240301,101,2,4,5,1,66.6
20240301,101,2,5,5,1,37.8
20240301,101,3,1,5,1,407.4
20240301,101,3,2,5,1,164.4
20240301,101,3,3,5,1,96.6
20240301,101,3,4,5,1,52.8
20240301,101,3,5,5,1,29.3
20240301,101,4,1,5,1,309.4
20240301,101,4,2,5,1,126.8
20240301,101,4,3,5,1,73.9
20240301,101,4,4,5,1,40.0
20240301,101,4,5,5,1,22.9
20240301,101,5,1,5,1,202.4
20240301,101,5,2,5,1,81.1
20240301,101,5,3,5,1,48.3
20240301,101,5,4,5,1,26.2
20240301,101,5,5,5,1,15.1
20240301,101,6,1,5,1,133.3
20240301,101,6,2,5,1,54.5
20240301,101,6,3,5,1,31.7
20240301,101,6,4,5,1,17.2
20240301,101,6,5,5,1,10.0
20240301,102,1,1,5,1,177.4
20240301,102,1,2,5,1,71.0
20240301,102,1,3,5,1,42.8
20240301,102,1,4,5,1,22.6
20240301,102,1,5,5,1,13.1
20240301,102,2,1,5,1,136.4
20240301,102,2,2,5,1,54.0
20240301,102,2,3,5,1,32.5
20240301,102,2,4,5,1,17.4
20240301,102,2,5,5,1,10.0
20240301,102,3,1,5,1,105.5
20240301,102,3,2,5,1,42.0
20240301,102,3,3,5,1,25.4
20240301,102,3,4,5,1,13.5
20240301,102,3,5,5,1,7.9
20240301,102,4,1,5,1,81.0
20240301,102,4,2,5,1,32.9
20240301,102,4,3,5,1,19.5
20240301,102,4,4,5,1,10.7
20240301,102,4,5,5,1,6.1
20240301,102,5,1,5,1,52.7
20240301,102,5,2,5,1,21.7
20240301,102,5,3,5,1,12.6
20240301,102,5,4,5,1,6.9
20240301,102,5,5,5,1,3.9
20240301,102,6,1,5,1,35.0
20240301,102,6,2,5,1,14.1
20240301,102,6,3,5,1,8.5
20240301,102,6,4,5,1,4.6
20240301,102,6,5,5,1,2.6
20240301,103,1,1,5,1,611.4
20240301,103,1,2,5,1,249.1
20240301,103,1,3,5,1,146.3
20240301,103,1,4,5,1,79.6
20240301,103,1,5,5,1,44.8
20240301,103,2,1,5,1,473.2
20240301,103,2,2,5,1,193.1
20240301,103,2,3,5,1,114.6
20240301,103,2,4,5,1,60.5
20240301,103,2,5,5,1,34.3
20240301,103,3,1,5,1,367.4
20240301,103,3,2,5,1,151.4
20240301,103,3,3,5,1,88.0
20240301,103,3,4,5,1,47.8
20240301,103,3,5,5,1,27.1
20240301,103,4,1,5,1,280.8
20240301,103,4,2,5,1,116.5
20240301,103,4,3,5,1,67.9
20240301,103,4,4,5,1,37.2
20240301,103,4,5,5,1,21.2
20240301,103,5,1,5,1,181.4
20240301,103,5,2,5,1,75.6
20240301,103,5,3,5,1,43.4
20240301,103,5,4,5,1,23.4
20240301,103,5,5,5,1,13.5
20240301,103,6,1,5,1,121.0
20240301,103,6,2,5,1,50.2
20240301,103,6,3,5,1,29.3
20240301,103,6,4,5,1,16.0
20240301,103,6,5,5,1,9.0
20240301,201,1,1,1,1,-203.2
20240301,201,1,1,2,1,-95.6
20240301,201,1,2,1,1,-82.8
20240301,201,1,2,2,1,-38.9
20240301,201,1,3,1,1,-48.9
20240301,201,1,3,2,1,-23.0
20240301,201,1,4,1,1,-26.3
20240301,201,1,4,2,1,-12.4
20240301,201,1,5,1,1,-15.0
20240301,201,1,5,2,1,-7.1
20240301,201,2,1,1,1,-155.8
20240301,201,2,1,2,1,-73.3
20240301,201,2,2,1,1,-63.5
20240301,201,2,2,2,1,-29.9
20240301,201,2,3,1,1,-37.5
20240301,201,2,3,2,1,-17.6
20240301,201,2,4,1,1,-20.2
20240301,201,2,4,2,1,-9.5
20240301,201,2,5,1,1,-11.5
20240301,201,2,5,2,1,-5.4
20240301,201,3,1,1,1,-121.9
20240301,201,3,1,2,1,-57.4
20240301,201,3,2,1,1,-49.7
20240301,201,3,2,2,1,-23.4
20240301,201,3,3,1,1,-29.3
20240301,201,3,3,2,1,-13.8
20240301,201,3,4,1,1,-15.8
20240301,201,3,4,2,1,-7.4
20240301,201,3,5,1,1,-9.0
20240301,201,3,5,2,1,-4.2
20240301,201,4,1,1,1,-94.8
20240301,201,4,1,2,1,-44.6
20240301,201,4,2,1,1,-38.6
20240301,201,4,2,2,1,-18.2
20240301,201,4,3,1,1,-22.8
20240301,201,4,3,2,1,-10.7
20240301,201,4,4,1,1,-12.3
20240301,201,4,4,2,1,-5.8
20240301,201,4,5,1,1,-7.0
20240301,201,4,5,2,1,-3.3
20240301,201,5,1,1,1,-60.9
20240301,201,5,1,2,1,-28.7
20240301,201,5,2,1,1,-24.8
20240301,201,5,2,2,1,-11.7
20240301,201,5,3,1,1,-14.7
20240301,201,5,3,2,1,-6.9
20240301,201,5,4,1,1,-7.9
20240301,201,5,4,2,1,-3.7
20240301,201,5,5,1,1,-4.5
20240301,201,5,5,2,1,-2.1
20240301,201,6,1,1,1,-40.6
20240301,201,6,1,2,1,-19.1
20240301,201,6,2,1,1,-16.6
20240301,201,6,2,2,1,-7.8
20240301,201,6,3,1,1,-9.8
20240301,201,6,3,2,1,-4.6
20240301,201,6,4,1,1,-5.3
20240301,201,6,4,2,1,-2.5
20240301,201,6,5,1,1,-3.0
20240301,201,6,5,2,1,-1.4
20240301,202,1,1,1,1,-147.1
20240301,202,1,1,2,1,-69.2
20240301,202,1,2,1,1,-59.9
20240301,202,1,2,2,1,-28.2
20240301,202,1,3,1,1,-35.4
20240301,202,1,3,2,1,-16.7
20240301,202,1,4,1,1,-19.1
20240301,202,1,4,2,1,-9.0
20240301,202,1,5,1,1,-10.9
20240301,202,1,5,2,1,-5.1
20240301,202,2,1,1,1,-112.8
20240301,202,2,1,2,1,-53.1
20240301,202,2,2,1,1,-45.9
20240301,202,2,2,2,1,-21.6
20240301,202,2,3,1,1,-27.2
20240301,202,2,3,2,1,-12.8
20240301,202,2,4,1,1,-14.6
20240301,202,2,4,2,1,-6.9
20240301,202,2,5,1,1,-8.4
20240301,202,2,5,2,1,-3.9
20240301,202,3,1,1,1,-88.3
20240301,202,3,1,2,1,-41.5
20240301,202,3,2,1,1,-36.0
20240301,202,3,2,2,1,-16.9
20240301,202,3,3,1,1,-21.2
20240301,202,3,3,2,1,-10.0
20240301,202,3,4,1,1,-11.4
20240301,202,3,4,2,1,-5.4
20240301,202,3,5,1,1,-6.5
20240301,202,3,5,2,1,-3.1
20240301,202,4,1,1,1,-68.7
20240301,202,4,1,2,1,-32.3
20240301,202,4,2,1,1,-28.0
20240301,202,4,2,2,1,-13.2
20240301,202,4,3,1,1,-16.5
20240301,202,4,3,2,1,-7.8
20240301,202,4,4,1,1,-8.9
20240301,202,4,4,2,1,-4.2
20240301,202,4,5,1,1,-5.1
20240301,202,4,5,2,1,-2.4
20240301,202,5,1,1,1,-44.1
20240301,202,5,1,2,1,-20.8
20240301,202,5,2,1,1,-18.0
20240301,202,5,2,2,1,-8.5
20240301,202,5,3,1,1,-10.6
20240301,202,5,3,2,1,-5.0
20240301,202,5,4,1,1,-5.7
20240301,202,5,4,2,1,-2.7
20240301,202,5,5,1,1,-3.3
20240301,202,5,5,2,1,-1.5
20240301,202,6,1,1,1,-29.4
20240301,202,6,1,2,1,-13.8
20240301,202,6,2,1,1,-12.0
20240301,202,6,2,2,1,-5.6
20240301,202,6,3,1,1,-7.1
20240301,202,6,3,2,1,-3.3
20240301,202,6,4,1,1,-3.8
20240301,202,6,4,2,1,-1.8
20240301,202,6,5,1,1,-2.2
20240301,202,6,5,2,1,-1.0
20240301,401,1,1,3,1,-212.1
20240301,401,1,2,3,1,-86.4
20240301,401,1,3,3,1,-51.1
20240301,401,1,4,3,1,-27.5
20240301,401,1,5,3,1,-15.7
20240301,401,2,1,3,1,-162.6
20240301,401,2,2,3,1,-66.3
20240301,401,2,3,3,1,-39.2
20240301,401,2,4,3,1,-21.1
20240301,401,2,5,3,1,-12.0
20240301,401,3,1,3,1,-127.3
20240301,401,3,2,3,1,-51.9
20240301,401,3,3,3,1,-30.6
20240301,401,3,4,3,1,-16.5
20240301,401,3,5,3,1,-9.4
20240301,401,4,1,3,1,-99.0
20240301,401,4,2,3,1,-40.3
20240301,401,4,3,3,1,-23.8
20240301,401,4,4,3,1,-12.8
20240301,401,4,5,3,1,-7.3
20240301,401,5,1,3,1,-63.6
20240301,401,5,2,3,1,-25.9
20240301,401,5,3,3,1,-15.3
20240301,401,5,4,3,1,-8.2
20240301,401,5,5,3,1,-4.7
20240301,401,6,1,3,1,-42.4
20240301,401,6,2,3,1,-17.3
20240301,401,6,3,3,1,-10.2
20240301,401,6,4,3,1,-5.5
20240301,401,6,5,3,1,-3.1
20240301,401,1,1,4,1,-74.5
20240301,401,1,2,4,1,-30.4
20240301,401,1,3,4,1,-17.9
20240301,401,1,4,4,1,-9.7
20240301,401,1,5,4,1,-5.5
20240301,401,2,1,4,1,-57.1
20240301,401,2,2,4,1,-23.3
20240301,401,2,3,4,1,-13.8
20240301,401,2,4,4,1,-7.4
20240301,401,2,5,4,1,-4.2
20240301,401,3,1,4,1,-44.7
20240301,401,3,2,4,1,-18.2
20240301,401,3,3,4,1,-10.8
20240301,401,3,4,4,1,-5.8
20240301,401,3,5,4,1,-3.3
20240301,401,4,1,4,1,-34.8
20240301,401,4,2,4,1,-14.2
20240301,401,4,3,4,1,-8.4
20240301,401,4,4,4,1,-4.5
20240301,401,4,5,4,1,-2.6
20240301,401,5,1,4,1,-22.4
20240301,401,5,2,4,1,-9.1
20240301,401,5,3,4,1,-5.4
20240301,401,5,4,4,1,-2.9
20240301,401,5,5,4,1,-1.7
20240301,401,6,1,4,1,-14.9
20240301,401,6,2,4,1,-6.1
20240301,401,6,3,4,1,-3.6
20240301,401,6,4,4,1,-1.9
20240301,401,6,5,4,1,-1.1
20240301,402,1,1,5,1,-186.5
20240301,402,1,2,5,1,-76.0
20240301,402,1,3,5,1,-44.9
20240301,402,1,4,5,1,-24.2
20240301,402,1,5,5,1,-13.8
20240301,402,2,1,5,1,-143.0
20240301,402,2,2,5,1,-58.2
20240301,402,2,3,5,1,-34.4
20240301,402,2,4,5,1,-18.5
20240301,402,2,5,5,1,-10.6
20240301,402,3,1,5,1,-111.9
20240301,402,3,2,5,1,-45.6
20240301,402,3,3,5,1,-26.9
20240301,402,3,4,5,1,-14.5
20240301,402,3,5,5,1,-8.3
20240301,402,4,1,5,1,-87.0
20240301,402,4,2,5,1,-35.5
20240301,402,4,3,5,1,-21.0
20240301,402,4,4,5,1,-11.3
20240301,402,4,5,5,1,-6.4
20240301,402,5,1,5,1,-55.9
20240301,402,5,2,5,1,-22.8
20240301,402,5,3,5,1,-13.5
20240301,402,5,4,5,1,-7.3
20240301,402,5,5,5,1,-4.1
20240301,402,6,1,5,1,-37.3
20240301,402,6,2,5,1,-15.2
20240301,402,6,3,5,1,-9.0
20240301,402,6,4,5,1,-4.8
20240301,402,6,5,5,1,-2.8
20240301,402,1,1,6,1,-72.5
20240301,402,1,2,6,1,-29.5
20240301,402,1,3,6,1,-17.5
20240301,402,1,4,6,1,-9.4
20240301,402,1,5,6,1,-5.4
20240301,402,2,1,6,1,-55.6
20240301,402,2,2,6,1,-22.7
20240301,402,2,3,6,1,-13.4
20240301,402,2,4,6,1,-7.2
20240301,402,2,5,6,1,-4.1
20240301,402,3,1,6,1,-43.5
20240301,402,3,2,6,1,-17.7
20240301,402,3,3,6,1,-10.5
20240301,402,3,4,6,1,-5.6
20240301,402,3,5,6,1,-3.2
20240301,402,4,1,6,1,-33.8
20240301,402,4,2,6,1,-13.8
20240301,402,4,3,6,1,-8.1
20240301,402,4,4,6,1,-4.4
20240301,402,4,5,6,1,-2.5
20240301,402,5,1,6,1,-21.8
20240301,402,5,2,6,1,-8.9
20240301,402,5,3,6,1,-5.2
20240301,402,5,4,6,1,-2.8
20240301,402,5,5,6,1,-1.6
20240301,402,6,1,6,1,-14.5
20240301,402,6,2,6,1,-5.9
20240301,402,6,3,6,1,-3.5
20240301,402,6,4,6,1,-1.9
20240301,402,6,5,6,1,-1.1
20240301,403,1,1,7,1,-65.8
20240301,403,1,2,7,1,-26.8
20240301,403,1,3,7,1,-15.8
20240301,403,1,4,7,1,-8.5
20240301,403,1,5,7,1,-4.9
20240301,403,2,1,7,1,-50.5
20240301,403,2,2,7,1,-20.6
20240301,403,2,3,7,1,-12.1
20240301,403,2,4,7,1,-6.5
20240301,403,2,5,7,1,-3.7
20240301,403,3,1,7,1,-39.5
20240301,403,3,2,7,1,-16.1
20240301,403,3,3,7,1,-9.5
20240301,403,3,4,7,1,-5.1
20240301,403,3,5,7,1,-2.9
20240301,403,4,1,7,1,-30.7
20240301,403,4,2,7,1,-12.5
20240301,403,4,3,7,1,-7.4
20240301,403,4,4,7,1,-4.0
20240301,403,4,5,7,1,-2.3
20240301,403,5,1,7,1,-19.7
20240301,403,5,2,7,1,-8.0
20240301,403,5,3,7,1,-4.8
20240301,403,5,4,7,1,-2.6
20240301,403,5,5,7,1,-1.5
20240301,403,6,1,7,1,-13.2
20240301,403,6,2,7,1,-5.4
20240301,403,6,3,7,1,-3.2
20240301,403,6,4,7,1,-1.7
20240301,403,6,5,7,1,-1.0
20240301,403,1,1,8,1,-47.7
20240301,403,1,2,8,1,-19.4
20240301,403,1,3,8,1,-11.5
20240301,403,1,4,8,1,-6.2
20240301,403,1,5,8,1,-3.5
20240301,403,2,1,8,1,-36.5
20240301,403,2,2,8,1,-14.9
20240301,403,2,3,8,1,-8.8
20240301,403,2,4,8,1,-4.7
20240301,403,2,5,8,1,-2.7
20240301,403,3,1,8,1,-28.6
20240301,403,3,2,8,1,-11.7
20240301,403,3,3,8,1,-6.9
20240301,403,3,4,8,1,-3.7
20240301,403,3,5,8,1,-2.1
20240301,403,4,1,8,1,-22.2
20240301,403,4,2,8,1,-9.1
20240301,403,4,3,8,1,-5.4
20240301,403,4,4,8,1,-2.9
20240301,403,4,5,8,1,-1.6
20240301,403,5,1,8,1,-14.3
20240301,403,5,2,8,1,-5.8
20240301,403,5,3,8,1,-3.4
20240301,403,5,4,8,1,-1.9
20240301,403,5,5,8,1,-1.1
20240301,403,6,1,8,1,-9.5
20240301,403,6,2,8,1,-3.9
20240301,403,6,3,8,1,-2.3
20240301,403,6,4,8,1,-1.2
20240301,403,6,5,8,1,-0.7
20240301,404,1,1,7,1,-18.9
20240301,404,1,2,7,1,-7.7
20240301,404,1,3,7,1,-4.6
20240301,404,1,4,7,1,-2.5
20240301,404,1,5,7,1,-1.4
20240301,404,2,1,7,1,-14.5
20240301,404,2,2,7,1,-5.9
20240301,404,2,3,7,1,-3.5
20240301,404,2,4,7,1,-1.9
20240301,404,2,5,7,1,-1.1
20240301,404,3,1,7,1,-11.3
20240301,404,3,2,7,1,-4.6
20240301,404,3,3,7,1,-2.7
20240301,404,3,4,7,1,-1.5
20240301,404,3,5,7,1,-0.8
20240301,404,4,1,7,1,-8.8
20240301,404,4,2,7,1,-3.6
20240301,404,4,3,7,1,-2.1
20240301,404,4,4,7,1,-1.1
20240301,404,4,5,7,1,-0.7
20240301,404,5,1,7,1,-5.7
20240301,404,5,2,7,1,-2.3
20240301,404,5,3,7,1,-1.4
20240301,404,5,4,7,1,-0.7
20240301,404,5,5,7,1,-0.4
20240301,404,6,1,7,1,-3.8
20240301,404,6,2,7,1,-1.5
20240301,404,6,3,7,1,-0.9
20240301,404,6,4,7,1,-0.5
20240301,404,6,5,7,1,-0.3
20240301,404,1,1,8,1,-18.9
20240301,404,1,2,8,1,-7.7
20240301,404,1,3,8,1,-4.6
20240301,404,1,4,8,1,-2.5
20240301,404,1,5,8,1,-1.4
20240301,404,2,1,8,1,-14.5
20240301,404,2,2,8,1,-5.9
20240301,404,2,3,8,1,-3.5
20240301,404,2,4,8,1,-1.9
20240301,404,2,5,8,1,-1.1
20240301,404,3,1,8,1,-11.3
20240301,404,3,2,8,1,-4.6
20240301,404,3,3,8,1,-2.7
20240301,404,3,4,8,1,-1.5
20240301,404,3,5,8,1,-0.8
20240301,404,4,1,8,1,-8.8
20240301,404,4,2,8,1,-3.6
20240301,404,4,3,8,1,-2.1
20240301,404,4,4,8,1,-1.1
20240301,404,4,5,8,1,-0.7
20240301,404,5,1,8,1,-5.7
20240301,404,5,2,8,1,-2.3
20240301,404,5,3,8,1,-1.4
20240301,404,5,4,8,1,-0.7
20240301,404,5,5,8,1,-0.4
20240301,404,6,1,8,1,-3.8
20240301,404,6,2,8,1,-1.5
20240301,404,6,3,8,1,-0.9
20240301,404,6,4,8,1,-0.5
20240301,404,6,5,8,1,-0.3
20240301,301,1,1,7,1,5802.3
20240301,501,1,1,7,1,1733.5
20240301,502,1,1,7,1,1500.0
20240301,503,1,1,7,1,-80.8
20240301,504,1,1,7,1,1121.2
20240301,601,1,1,7,1,1652.7
20240301,602,1,1,7,1,-368.3
20240301,603,1,1,7,1,66134.4
20240401,101,1,1,5,1,671.0
20240401,101,1,2,5,1,268.7
20240401,101,1,3,5,1,160.9
20240401,101,1,4,5,1,86.0
20240401,101,1,5,5,1,49.5
20240401,101,2,1,5,1,500.5
20240401,101,2,2,5,1,208.0
20240401,101,2,3,5,1,120.2
20240401,101,2,4,5,1,66.8
20240401,101,2,5,5,1,37.1
20240401,101,3,1,5,1,402.2
20240401,101,3,2,5,1,163.2
20240401,101,3,3,5,1,95.0
20240401,101,3,4,5,1,52.1
20240401,101,3,5,5,1,29.4
20240401,101,4,1,5,1,310.4
20240401,101,4,2,5,1,127.3
20240401,101,4,3,5,1,75.5
20240401,101,4,4,5,1,39.6
20240401,101,4,5,5,1,23.0
20240401,101,5,1,5,1,199.2
20240401,101,5,2,5,1,81.7
20240401,101,5,3,5,1,47.1
20240401,101,5,4,5,1,25.5
20240401,101,5,5,5,1,14.5
20240401,101,6,1,5,1,133.2
20240401,101,6,2,5,1,53.6
20240401,101,6,3,5,1,31.8
20240401,101,6,4,5,1,17.4
20240401,101,6,5,5,1,9.7
20240401,102,1,1,5,1,170.0
20240401,102,1,2,5,1,70.5
20240401,102,1,3,5,1,41.7
20240401,102,1,4,5,1,22.7
20240401,102,1,5,5,1,12.6
20240401,102,2,1,5,1,133.7
20240401,102,2,2,5,1,54.6
20240401,102,2,3,5,1,32.2
20240401,102,2,4,5,1,17.3
20240401,102,2,5,5,1,9.7
20240401,102,3,1,5,1,101.8
20240401,102,3,2,5,1,42.7
20240401,102,3,3,5,1,25.4
20240401,102,3,4,5,1,13.6
20240401,102,3,5,5,1,7.8
20240401,102,4,1,5,1,81.8
20240401,102,4,2,5,1,32.7
20240401,102,4,3,5,1,19.3
20240401,102,4,4,5,1,10.5
20240401,102,4,5,5,1,5.9
20240401,102,5,1,5,1,51.5
20240401,102,5,2,5,1,21.4
20240401,102,5,3,5,1,12.3
20240401,102,5,4,5,1,6.7
20240401,102,5,5,5,1,3.8
20240401,102,6,1,5,1,33.9
20240401,102,6,2,5,1,14.2
20240401,102,6,3,5,1,8.3
20240401,102,6,4,5,1,4.5
20240401,102,6,5,5,1,2.6
20240401,103,1,1,5,1,606.5
20240401,103,1,2,5,1,242.5
20240401,103,1,3,5,1,145.7
20240401,103,1,4,5,1,78.3
20240401,103,1,5,5,1,45.3
20240401,103,2,1,5,1,463.5
20240401,103,2,2,5,1,188.5
20240401,103,2,3,5,1,112.2
20240401,103,2,4,5,1,59.5
20240401,103,2,5,5,1,33.8
20240401,103,3,1,5,1,363.1
20240401,103,3,2,5,1,146.8
20240401,103,3,3,5,1,87.8
20240401,103,3,4,5,1,46.5
20240401,103,3,5,5,1,27.3
20240401,103,4,1,5,1,282.1
20240401,103,4,2,5,1,115.0
20240401,103,4,3,5,1,67.3
20240401,103,4,4,5,1,36.5
20240401,103,4,5,5,1,21.1
20240401,103,5,1,5,1,180.3
20240401,103,5,2,5,1,74.4
20240401,103,5,3,5,1,43.2
20240401,103,5,4,5,1,23.6
20240401,103,5,5,5,1,13.6
20240401,103,6,1,5,1,121.9
20240401,103,6,2,5,1,49.9
20240401,103,6,3,5,1,29.6
20240401,103,6,4,5,1,15.4
20240401,103,6,5,5,1,8.8
20240401,201,1,1,1,1,-200.3
20240401,201,1,1,2,1,-94.3
20240401,201,1,2,1,1,-81.6
20240401,201,1,2,2,1,-38.4
20240401,201,1,3,1,1,-48.2
20240401,201,1,3,2,1,-22.7
20240401,201,1,4,1,1,-26.0
20240401,201,1,4,2,1,-12.2
20240401,201,1,5,1,1,-14.8
20240401,201,1,5,2,1,-7.0
20240401,201,2,1,1,1,-153.6
20240401,201,2,1,2,1,-72.3
20240401,201,2,2,1,1,-62.6
20240401,201,2,2,2,1,-29.4
20240401,201,2,3,1,1,-37.0
20240401,201,2,3,2,1,-17.4
20240401,201,2,4,1,1,-19.9
20240401,201,2,4,2,1,-9.4
20240401,201,2,5,1,1,-11.4
20240401,201,2,5,2,1,-5.4
20240401,201,3,1,1,1,-120.2
20240401,201,3,1,2,1,-56.6
20240401,201,3,2,1,1,-49.0
20240401,201,3,2,2,1,-23.0
20240401,201,3,3,1,1,-28.9
20240401,201,3,3,2,1,-13.6
20240401,201,3,4,1,1,-15.6
20240401,201,3,4,2,1,-7.3
20240401,201,3,5,1,1,-8.9
20240401,201,3,5,2,1,-4.2
20240401,201,4,1,1,1,-93.5
20240401,201,4,1,2,1,-44.0
20240401,201,4,2,1,1,-38.1
20240401,201,4,2,2,1,-17.9
20240401,201,4,3,1,1,-22.5
20240401,201,4,3,2,1,-10.6
20240401,201,4,4,1,1,-12.1
20240401,201,4,4,2,1,-5.7
20240401,201,4,5,1,1,-6.9
20240401,201,4,5,2,1,-3.3
20240401,201,5,1,1,1,-60.1
20240401,201,5,1,2,1,-28.3
20240401,201,5,2,1,1,-24.5
20240401,201,5,2,2,1,-11.5
20240401,201,5,3,1,1,-14.5
20240401,201,5,3,2,1,-6.8
20240401,201,5,4,1,1,-7.8
20240401,201,5,4,2,1,-3.7
20240401,201,5,5,1,1,-4.5
20240401,201,5,5,2,1,-2.1
20240401,201,6,1,1,1,-40.1
20240401,201,6,1,2,1,-18.9
20240401,201,6,2,1,1,-16.3
20240401,201,6,2,2,1,-7.7
20240401,201,6,3,1,1,-9.6
20240401,201,6,3,2,1,-4.5
20240401,201,6,4,1,1,-5.2
20240401,201,6,4,2,1,-2.4
20240401,201,6,5,1,1,-3.0
20240401,201,6,5,2,1,-1.4
20240401,202,1,1,1,1,-145.0
20240401,202,1,1,2,1,-68.3
20240401,202,1,2,1,1,-59.1
20240401,202,1,2,2,1,-27.8
20240401,202,1,3,1,1,-34.9
20240401,202,1,3,2,1,-16.4
20240401,202,1,4,1,1,-18.8
20240401,202,1,4,2,1,-8.8
20240401,202,1,5,1,1,-10.7
20240401,202,1,5,2,1,-5.1
20240401,202,2,1,1,1,-111.2
20240401,202,2,1,2,1,-52.3
20240401,202,2,2,1,1,-45.3
20240401,202,2,2,2,1,-21.3
20240401,202,2,3,1,1,-26.8
20240401,202,2,3,2,1,-12.6
20240401,202,2,4,1,1,-14.4
20240401,202,2,4,2,1,-6.8
20240401,202,2,5,1,1,-8.2
20240401,202,2,5,2,1,-3.9
20240401,202,3,1,1,1,-87.0
20240401,202,3,1,2,1,-41.0
20240401,202,3,2,1,1,-35.5
20240401,202,3,2,2,1,-16.7
20240401,202,3,3,1,1,-20.9
20240401,202,3,3,2,1,-9.9
20240401,202,3,4,1,1,-11.3
20240401,202,3,4,2,1,-5.3
20240401,202,3,5,1,1,-6.4
20240401,202,3,5,2,1,-3.0
20240401,202,4,1,1,1,-67.7
20240401,202,4,1,2,1,-31.9
20240401,202,4,2,1,1,-27.6
20240401,202,4,2,2,1,-13.0
20240401,202,4,3,1,1,-16.3
20240401,202,4,3,2,1,-7.7
20240401,202,4,4,1,1,-8.8
20240401,202,4,4,2,1,-4.1
20240401,202,4,5,1,1,-5.0
20240401,202,4,5,2,1,-2.4
20240401,202,5,1,1,1,-43.5
20240401,202,5,1,2,1,-20.5
20240401,202,5,2,1,1,-17.7
20240401,202,5,2,2,1,-8.3
20240401,202,5,3,1,1,-10.5
20240401,202,5,3,2,1,-4.9
20240401,202,5,4,1,1,-5.6
20240401,202,5,4,2,1,-2.7
20240401,202,5,5,1,1,-3.2
20240401,202,5,5,2,1,-1.5
20240401,202,6,1,1,1,-29.0
20240401,202,6,1,2,1,-13.7
20240401,202,6,2,1,1,-11.8
20240401,202,6,2,2,1,-5.6
20240401,202,6,3,1,1,-7.0
20240401,202,6,3,2,1,-3.3
20240401,202,6,4,1,1,-3.8
20240401,202,6,4,2,1,-1.8
20240401,202,6,5,1,1,-2.1
20240401,202,6,5,2,1,-1.0
20240401,401,1,1,3,1,-210.1
20240401,401,1,2,3,1,-85.6
20240401,401,1,3,3,1,-50.6
20240401,401,1,4,3,1,-27.2
20240401,401,1,5,3,1,-15.6
20240401,401,2,1,3,1,-161.1
20240401,401,2,2,3,1,-65.6
20240401,401,2,3,3,1,-38.8
20240401,401,2,4,3,1,-20.9
20240401,401,2,5,3,1,-11.9
20240401,401,3,1,3,1,-126.1
20240401,401,3,2,3,1,-51.4
20240401,401,3,3,3,1,-30.3
20240401,401,3,4,3,1,-16.3
20240401,401,3,5,3,1,-9.3
20240401,401,4,1,3,1,-98.0
20240401,401,4,2,3,1,-39.9
20240401,401,4,3,3,1,-23.6
20240401,401,4,4,3,1,-12.7
20240401,401,4,5,3,1,-7.3
20240401,401,5,1,3,1,-63.0
20240401,401,5,2,3,1,-25.7
20240401,401,5,3,3,1,-15.2
20240401,401,5,4,3,1,-8.2
20240401,401,5,5,3,1,-4.7
20240401,401,6,1,3,1,-42.0
20240401,401,6,2,3,1,-17.1
20240401,401,6,3,3,1,-10.1
20240401,401,6,4,3,1,-5.4
20240401,401,6,5,3,1,-3.1
20240401,401,1,1,4,1,-73.8
20240401,401,1,2,4,1,-30.1
20240401,401,1,3,4,1,-17.8
20240401,401,1,4,4,1,-9.6
20240401,401,1,5,4,1,-5.5
20240401,401,2,1,4,1,-56.6
20240401,401,2,2,4,1,-23.1
20240401,401,2,3,4,1,-13.6
20240401,401,2,4,4,1,-7.3
20240401,401,2,5,4,1,-4.2
20240401,401,3,1,4,1,-44.3
20240401,401,3,2,4,1,-18.0
20240401,401,3,3,4,1,-10.7
20240401,401,3,4,4,1,-5.7
20240401,401,3,5,4,1,-3.3
20240401,401,4,1,4,1,-34.4
20240401,401,4,2,4,1,-14.0
20240401,401,4,3,4,1,-8.3
20240401,401,4,4,4,1,-4.5
20240401,401,4,5,4,1,-2.6
20240401,401,5,1,4,1,-22.1
20240401,401,5,2,4,1,-9.0
20240401,401,5,3,4,1,-5.3
20240401,401,5,4,4,1,-2.9
20240401,401,5,5,4,1,-1.6
20240401,401,6,1,4,1,-14.8
20240401,401,6,2,4,1,-6.0
20240401,401,6,3,4,1,-3.6
20240401,401,6,4,4,1,-1.9
20240401,401,6,5,4,1,-1.1
20240401,402,1,1,5,1,-184.7
20240401,402,1,2,5,1,-75.2
20240401,402,1,3,5,1,-44.5
20240401,402,1,4,5,1,-23.9
20240401,402,1,5,5,1,-13.7
20240401,402,2,1,5,1,-141.6
20240401,402,2,2,5,1,-57.7
20240401,402,2,3,5,1,-34.1
20240401,402,2,4,5,1,-18.4
20240401,402,2,5,5,1,-10.5
20240401,402,3,1,5,1,-110.8
20240401,402,3,2,5,1,-45.1
20240401,402,3,3,5,1,-26.7
20240401,402,3,4,5,1,-14.4
20240401,402,3,5,5,1,-8.2
20240401,402,4,1,5,1,-86.2
20240401,402,4,2,5,1,-35.1
20240401,402,4,3,5,1,-20.7
20240401,402,4,4,5,1,-11.2
20240401,402,4,5,5,1,-6.4
20240401,402,5,1,5,1,-55.4
20240401,402,5,2,5,1,-22.6
20240401,402,5,3,5,1,-13.3
20240401,402,5,4,5,1,-7.2
20240401,402,5,5,5,1,-4.1
20240401,402,6,1,5,1,-36.9
20240401,402,6,2,5,1,-15.0
20240401,402,6,3,5,1,-8.9
20240401,402,6,4,5,1,-4.8
20240401,402,6,5,5,1,-2.7
20240401,402,1,1,6,1,-71.8
20240401,402,1,2,6,1,-29.3
20240401,402,1,3,6,1,-17.3
20240401,402,1,4,6,1,-9.3
20240401,402,1,5,6,1,-5.3
20240401,402,2,1,6,1,-55.1
20240401,402,2,2,6,1,-22.4
20240401,402,2,3,6,1,-13.3
20240401,402,2,4,6,1,-7.1
20240401,402,2,5,6,1,-4.1
20240401,402,3,1,6,1,-43.1
20240401,402,3,2,6,1,-17.6
20240401,402,3,3,6,1,-10.4
20240401,402,3,4,6,1,-5.6
20240401,402,3,5,6,1,-3.2
20240401,402,4,1,6,1,-33.5
20240401,402,4,2,6,1,-13.7
20240401,402,4,3,6,1,-8.1
20240401,402,4,4,6,1,-4.3
20240401,402,4,5,6,1,-2.5
20240401,402,5,1,6,1,-21.5
20240401,402,5,2,6,1,-8.8
20240401,402,5,3,6,1,-5.2
20240401,402,5,4,6,1,-2.8
20240401,402,5,5,6,1,-1.6
20240401,402,6,1,6,1,-14.4
20240401,402,6,2,6,1,-5.9
20240401,402,6,3,6,1,-3.5
20240401,402,6,4,6,1,-1.9
20240401,402,6,5,6,1,-1.1
20240401,403,1,1,7,1,-65.2
20240401,403,1,2,7,1,-26.6
20240401,403,1,3,7,1,-15.7
20240401,403,1,4,7,1,-8.5
20240401,403,1,5,7,1,-4.8
20240401,403,2,1,7,1,-50.0
20240401,403,2,2,7,1,-20.4
20240401,403,2,3,7,1,-12.0
20240401,403,2,4,7,1,-6.5
20240401,403,2,5,7,1,-3.7
20240401,403,3,1,7,1,-39.1
20240401,403,3,2,7,1,-15.9
20240401,403,3,3,7,1,-9.4
20240401,403,3,4,7,1,-5.1
20240401,403,3,5,7,1,-2.9
20240401,403,4,1,7,1,-30.4
20240401,403,4,2,7,1,-12.4
20240401,403,4,3,7,1,-7.3
20240401,403,4,4,7,1,-3.9
20240401,403,4,5,7,1,-2.3
20240401,403,5,1,7,1,-19.6
20240401,403,5,2,7,1,-8.0
20240401,403,5,3,7,1,-4.7
20240401,403,5,4,7,1,-2.5
20240401,403,5,5,7,1,-1.4
20240401,403,6,1,7,1,-13.0
20240401,403,6,2,7,1,-5.3
20240401,403,6,3,7,1,-3.1
20240401,403,6,4,7,1,-1.7
20240401,403,6,5,7,1,-1.0
20240401,403,1,1,8,1,-47.2
20240401,403,1,2,8,1,-19.2
20240401,403,1,3,8,1,-11.4
20240401,403,1,4,8,1,-6.1
20240401,403,1,5,8,1,-3.5
20240401,403,2,1,8,1,-36.2
20240401,403,2,2,8,1,-14.7
20240401,403,2,3,8,1,-8.7
20240401,403,2,4,8,1,-4.7
20240401,403,2,5,8,1,-2.7
20240401,403,3,1,8,1,-28.3
20240401,403,3,2,8,1,-11.5
20240401,403,3,3,8,1,-6.8
20240401,403,3,4,8,1,-3.7
20240401,403,3,5,8,1,-2.1
20240401,403,4,1,8,1,-22.0
20240401,403,4,2,8,1,-9.0
20240401,403,4,3,8,1,-5.3
20240401,403,4,4,8,1,-2.9
20240401,403,4,5,8,1,-1.6
20240401,403,5,1,8,1,-14.2
20240401,403,5,2,8,1,-5.8
20240401,403,5,3,8,1,-3.4
20240401,403,5,4,8,1,-1.8
20240401,403,5,5,8,1,-1.0
20240401,403,6,1,8,1,-9.4
20240401,403,6,2,8,1,-3.8
20240401,403,6,3,8,1,-2.3
20240401,403,6,4,8,1,-1.2
20240401,403,6,5,8,1,-0.7
20240401,404,1,1,7,1,-18.7
20240401,404,1,2,7,1,-7.6
20240401,404,1,3,7,1,-4.5
20240401,404,1,4,7,1,-2.4
20240401,404,1,5,7,1,-1.4
20240401,404,2,1,7,1,-14.4
20240401,404,2,2,7,1,-5.9
20240401,404,2,3,7,1,-3.5
20240401,404,2,4,7,1,-1.9
20240401,404,2,5,7,1,-1.1
20240401,404,3,1,7,1,-11.2
20240401,404,3,2,7,1,-4.6
20240401,404,3,3,7,1,-2.7
20240401,404,3,4,7,1,-1.5
20240401,404,3,5,7,1,-0.8
20240401,404,4,1,7,1,-8.7
20240401,404,4,2,7,1,-3.6
20240401,404,4,3,7,1,-2.1
20240401,404,4,4,7,1,-1.1
20240401,404,4,5,7,1,-0.6
20240401,404,5,1,7,1,-5.6
20240401,404,5,2,7,1,-2.3
20240401,404,5,3,7,1,-1.4
20240401,404,5,4,7,1,-0.7
20240401,404,5,5,7,1,-0.4
20240401,404,6,1,7,1,-3.7
20240401,404,6,2,7,1,-1.5
20240401,404,6,3,7,1,-0.9
20240401,404,6,4,7,1,-0.5
20240401,404,6,5,7,1,-0.3
20240401,404,1,1,8,1,-18.7
20240401,404,1,2,8,1,-7.6
20240401,404,1,3,8,1,-4.5
20240401,404,1,4,8,1,-2.4
20240401,404,1,5,8,1,-1.4
20240401,404,2,1,8,1,-14.4
20240401,404,2,2,8,1,-5.9
20240401,404,2,3,8,1,-3.5
20240401,404,2,4,8,1,-1.9
20240401,404,2,5,8,1,-1.1
20240401,404,3,1,8,1,-11.2
20240401,404,3,2,8,1,-4.6
20240401,404,3,3,8,1,-2.7
20240401,404,3,4,8,1,-1.5
20240401,404,3,5,8,1,-0.8
20240401,404,4,1,8,1,-8.7
20240401,404,4,2,8,1,-3.6
20240401,404,4,3,8,1,-2.1
20240401,404,4,4,8,1,-1.1
20240401,404,4,5,8,1,-0.6
20240401,404,5,1,8,1,-5.6
20240401,404,5,2,8,1,-2.3
20240401,404,5,3,8,1,-1.4
20240401,404,5,4,8,1,-0.7
20240401,404,5,5,8,1,-0.4
20240401,404,6,1,8,1,-3.7
20240401,404,6,2,8,1,-1.5
20240401,404,6,3,8,1,-0.9
20240401,404,6,4,8,1,-0.5
20240401,404,6,5,8,1,-0.3
20240401,301,1,1,7,1,5761.0
20240401,501,1,1,7,1,1731.2
20240401,502,1,1,7,1,1499.9
20240401,503,1,1,7,1,-80.1
20240401,504,1,1,7,1,1121.6
20240401,601,1,1,7,1,1651.1
20240401,602,1,1,7,1,-364.7
20240401,603,1,1,7,1,67086.4
20240501,101,1,1,5,1,664.9
20240501,101,1,2,5,1,275.5
20240501,101,1,3,5,1,163.7
20240501,101,1,4,5,1,86.6
20240501,101,1,5,5,1,49.6
20240501,101,2,1,5,1,509.6
20240501,101,2,2,5,1,211.0
20240501,101,2,3,5,1,123.8
20240501,101,2,4,5,1,67.5
20240501,101,2,5,5,1,38.2
20240501,101,3,1,5,1,397.9
20240501,101,3,2,5,1,164.8
20240501,101,3,3,5,1,97.6
20240501,101,3,4,5,1,51.9
20240501,101,3,5,5,1,30.3
20240501,101,4,1,5,1,316.1
20240501,101,4,2,5,1,126.5
20240501,101,4,3,5,1,75.3
20240501,101,4,4,5,1,40.1
20240501,101,4,5,5,1,23.4
20240501,101,5,1,5,1,198.3
20240501,101,5,2,5,1,83.1
20240501,101,5,3,5,1,49.1
20240501,101,5,4,5,1,26.4
20240501,101,5,5,5,1,14.9
20240501,101,6,1,5,1,133.6
20240501,101,6,2,5,1,53.8
20240501,101,6,3,5,1,32.6
20240501,101,6,4,5,1,17.4
20240501,101,6,5,5,1,9.8
20240501,102,1,1,5,1,174.1
20240501,102,1,2,5,1,72.3
20240501,102,1,3,5,1,42.3
20240501,102,1,4,5,1,22.6
20240501,102,1,5,5,1,12.9
20240501,102,2,1,5,1,135.3
20240501,102,2,2,5,1,54.6
20240501,102,2,3,5,1,32.3
20240501,102,2,4,5,1,17.7
20240501,102,2,5,5,1,9.8
20240501,102,3,1,5,1,104.9
20240501,102,3,2,5,1,43.0
20240501,102,3,3,5,1,25.6
20240501,102,3,4,5,1,13.4
20240501,102,3,5,5,1,7.7
20240501,102,4,1,5,1,82.9
20240501,102,4,2,5,1,33.7
20240501,102,4,3,5,1,19.9
20240501,102,4,4,5,1,10.7
20240501,102,4,5,5,1,6.1
20240501,102,5,1,5,1,52.6
20240501,102,5,2,5,1,21.6
20240501,102,5,3,5,1,12.6
20240501,102,5,4,5,1,6.9
20240501,102,5,5,5,1,3.8
20240501,102,6,1,5,1,35.6
20240501,102,6,2,5,1,14.5
20240501,102,6,3,5,1,8.3
20240501,102,6,4,5,1,4.5
20240501,102,6,5,5,1,2.6
20240501,103,1,1,5,1,610.9
20240501,103,1,2,5,1,246.1
20240501,103,1,3,5,1,146.9
20240501,103,1,4,5,1,79.1
20240501,103,1,5,5,1,45.2
20240501,103,2,1,5,1,465.3
20240501,103,2,2,5,1,190.4
20240501,103,2,3,5,1,114.7
20240501,103,2,4,5,1,59.9
20240501,103,2,5,5,1,34.6
20240501,103,3,1,5,1,370.7
20240501,103,3,2,5,1,151.2
20240501,103,3,3,5,1,88.2
20240501,103,3,4,5,1,48.0
20240501,103,3,5,5,1,27.7
20240501,103,4,1,5,1,282.1
20240501,103,4,2,5,1,117.7
20240501,103,4,3,5,1,68.9
20240501,103,4,4,5,1,37.6
20240501,103,4,5,5,1,20.9
20240501,103,5,1,5,1,186.8
20240501,103,5,2,5,1,75.1
20240501,103,5,3,5,1,43.9
20240501,103,5,4,5,1,23.6
20240501,103,5,5,5,1,13.5
20240501,103,6,1,5,1,122.2
20240501,103,6,2,5,1,50.3
20240501,103,6,3,5,1,29.1
20240501,103,6,4,5,1,15.8
20240501,103,6,5,5,1,9.1
20240501,201,1,1,1,1,-200.0
20240501,201,1,1,2,1,-94.1
20240501,201,1,2,1,1,-81.5
20240501,201,1,2,2,1,-38.3
20240501,201,1,3,1,1,-48.1
20240501,201,1,3,2,1,-22.7
20240501,201,1,4,1,1,-25.9
20240501,201,1,4,2,1,-12.2
20240501,201,1,5,1,1,-14.8
20240501,201,1,5,2,1,-7.0
20240501,201,2,1,1,1,-153.3
20240501,201,2,1,2,1,-72.1
20240501,201,2,2,1,1,-62.5
20240501,201,2,2,2,1,-29.4
20240501,201,2,3,1,1,-36.9
20240501,201,2,3,2,1,-17.4
20240501,201,2,4,1,1,-19.9
20240501,201,2,4,2,1,-9.4
20240501,201,2,5,1,1,-11.4
20240501,201,2,5,2,1,-5.3
20240501,201,3,1,1,1,-120.0
20240501,201,3,1,2,1,-56.5
20240501,201,3,2,1,1,-48.9
20240501,201,3,2,2,1,-23.0
20240501,201,3,3,1,1,-28.9
20240501,201,3,3,2,1,-13.6
20240501,201,3,4,1,1,-15.6
20240501,201,3,4,2,1,-7.3
20240501,201,3,5,1,1,-8.9
20240501,201,3,5,2,1,-4.2
20240501,201,4,1,1,1,-93.3
20240501,201,4,1,2,1,-43.9
20240501,201,4,2,1,1,-38.0
20240501,201,4,2,2,1,-17.9
20240501,201,4,3,1,1,-22.5
20240501,201,4,3,2,1,-10.6
20240501,201,4,4,1,1,-12.1
20240501,201,4,4,2,1,-5.7
20240501,201,4,5,1,1,-6.9
20240501,201,4,5,2,1,-3.3
20240501,201,5,1,1,1,-60.0
20240501,201,5,1,2,1,-28.2
20240501,201,5,2,1,1,-24.4
20240501,201,5,2,2,1,-11.5
20240501,201,5,3,1,1,-14.4
20240501,201,5,3,2,1,-6.8
20240501,201,5,4,1,1,-7.8
20240501,201,5,4,2,1,-3.7
20240501,201,5,5,1,1,-4.4
20240501,201,5,5,2,1,-2.1
20240501,201,6,1,1,1,-40.0
20240501,201,6,1,2,1,-18.8
20240501,201,6,2,1,1,-16.3
20240501,201,6,2,2,1,-7.7
20240501,201,6,3,1,1,-9.6
20240501,201,6,3,2,1,-4.5
20240501,201,6,4,1,1,-5.2
20240501,201,6,4,2,1,-2.4
20240501,201,6,5,1,1,-3.0
20240501,201,6,5,2,1,-1.4
20240501,202,1,1,1,1,-144.8
20240501,202,1,1,2,1,-68.1
20240501,202,1,2,1,1,-59.0
20240501,202,1,2,2,1,-27.8
20240501,202,1,3,1,1,-34.9
20240501,202,1,3,2,1,-16.4
20240501,202,1,4,1,1,-18.8
20240501,202,1,4,2,1,-8.8
20240501,202,1,5,1,1,-10.7
20240501,202,1,5,2,1,-5.0
20240501,202,2,1,1,1,-111.0
20240501,202,2,1,2,1,-52.2
20240501,202,2,2,1,1,-45.2
20240501,202,2,2,2,1,-21.3
20240501,202,2,3,1,1,-26.7
20240501,202,2,3,2,1,-12.6
20240501,202,2,4,1,1,-14.4
20240501,202,2,4,2,1,-6.8
20240501,202,2,5,1,1,-8.2
20240501,202,2,5,2,1,-3.9
20240501,202,3,1,1,1,-86.9
20240501,202,3,1,2,1,-40.9
20240501,202,3,2,1,1,-35.4
20240501,202,3,2,2,1,-16.7
20240501,202,3,3,1,1,-20.9
20240501,202,3,3,2,1,-9.8
20240501,202,3,4,1,1,-11.3
20240501,202,3,4,2,1,-5.3
20240501,202,3,5,1,1,-6.4
20240501,202,3,5,2,1,-3.0
20240501,202,4,1,1,1,-67.6
20240501,202,4,1,2,1,-31.8
20240501,202,4,2,1,1,-27.5
20240501,202,4,2,2,1,-13.0
20240501,202,4,3,1,1,-16.3
20240501,202,4,3,2,1,-7.7
20240501,202,4,4,1,1,-8.8
20240501,202,4,4,2,1,-4.1
20240501,202,4,5,1,1,-5.0
20240501,202,4,5,2,1,-2.4
20240501,202,5,1,1,1,-43.4
20240501,202,5,1,2,1,-20.4
20240501,202,5,2,1,1,-17.7
20240501,202,5,2,2,1,-8.3
20240501,202,5,3,1,1,-10.5
20240501,202,5,3,2,1,-4.9
20240501,202,5,4,1,1,-5.6
20240501,202,5,4,2,1,-2.7
20240501,202,5,5,1,1,-3.2
20240501,202,5,5,2,1,-1.5
20240501,202,6,1,1,1,-29.0
20240501,202,6,1,2,1,-13.6
20240501,202,6,2,1,1,-11.8
20240501,202,6,2,2,1,-5.6
20240501,202,6,3,1,1,-7.0
20240501,202,6,3,2,1,-3.3
20240501,202,6,4,1,1,-3.8
20240501,202,6,4,2,1,-1.8
20240501,202,6,5,1,1,-2.1
20240501,202,6,5,2,1,-1.0
20240501,401,1,1,3,1,-212.4
20240501,401,1,2,3,1,-86.5
20240501,401,1,3,3,1,-51.1
20240501,401,1,4,3,1,-27.5
20240501,401,1,5,3,1,-15.7
20240501,401,2,1,3,1,-162.8
20240501,401,2,2,3,1,-66.3
20240501,401,2,3,3,1,-39.2
20240501,401,2,4,3,1,-21.1
20240501,401,2,5,3,1,-12.1
20240501,401,3,1,3,1,-127.4
20240501,401,3,2,3,1,-51.9
20240501,401,3,3,3,1,-30.7
20240501,401,3,4,3,1,-16.5
20240501,401,3,5,3,1,-9.4
20240501,401,4,1,3,1,-99.1
20240501,401,4,2,3,1,-40.4
20240501,401,4,3,3,1,-23.9
20240501,401,4,4,3,1,-12.8
20240501,401,4,5,3,1,-7.3
20240501,401,5,1,3,1,-63.7
20240501,401,5,2,3,1,-26.0
20240501,401,5,3,3,1,-15.3
20240501,401,5,4,3,1,-8.3
20240501,401,5,5,3,1,-4.7
20240501,401,6,1,3,1,-42.5
20240501,401,6,2,3,1,-17.3
20240501,401,6,3,3,1,-10.2
20240501,401,6,4,3,1,-5.5
20240501,401,6,5,3,1,-3.1
20240501,401,1,1,4,1,-74.6
20240501,401,1,2,4,1,-30.4
20240501,401,1,3,4,1,-18.0
20240501,401,1,4,4,1,-9.7
20240501,401,1,5,4,1,-5.5
20240501,401,2,1,4,1,-57.2
20240501,401,2,2,4,1,-23.3
20240501,401,2,3,4,1,-13.8
20240501,401,2,4,4,1,-7.4
20240501,401,2,5,4,1,-4.2
20240501,401,3,1,4,1,-44.8
20240501,401,3,2,4,1,-18.2
20240501,401,3,3,4,1,-10.8
20240501,401,3,4,4,1,-5.8
20240501,401,3,5,4,1,-3.3
20240501,401,4,1,4,1,-34.8
20240501,401,4,2,4,1,-14.2
20240501,401,4,3,4,1,-8.4
20240501,401,4,4,4,1,-4.5
20240501,401,4,5,4,1,-2.6
20240501,401,5,1,4,1,-22.4
20240501,401,5,2,4,1,-9.1
20240501,401,5,3,4,1,-5.4
20240501,401,5,4,4,1,-2.9
20240501,401,5,5,4,1,-1.7
20240501,401,6,1,4,1,-14.9
20240501,401,6,2,4,1,-6.1
20240501,401,6,3,4,1,-3.6
20240501,401,6,4,4,1,-1.9
20240501,401,6,5,4,1,-1.1
20240501,402,1,1,5,1,-186.7
20240501,402,1,2,5,1,-76.1
20240501,402,1,3,5,1,-45.0
20240501,402,1,4,5,1,-24.2
20240501,402,1,5,5,1,-13.8
20240501,402,2,1,5,1,-143.2
20240501,402,2,2,5,1,-58.3
20240501,402,2,3,5,1,-34.5
20240501,402,2,4,5,1,-18.6
20240501,402,2,5,5,1,-10.6
20240501,402,3,1,5,1,-112.0
20240501,402,3,2,5,1,-45.6
20240501,402,3,3,5,1,-27.0
20240501,402,3,4,5,1,-14.5
20240501,402,3,5,5,1,-8.3
20240501,402,4,1,5,1,-87.1
20240501,402,4,2,5,1,-35.5
20240501,402,4,3,5,1,-21.0
20240501,402,4,4,5,1,-11.3
20240501,402,4,5,5,1,-6.5
20240501,402,5,1,5,1,-56.0
20240501,402,5,2,5,1,-22.8
20240501,402,5,3,5,1,-13.5
20240501,402,5,4,5,1,-7.3
20240501,402,5,5,5,1,-4.1
20240501,402,6,1,5,1,-37.3
20240501,402,6,2,5,1,-15.2
20240501,402,6,3,5,1,-9.0
20240501,402,6,4,5,1,-4.8
20240501,402,6,5,5,1,-2.8
20240501,402,1,1,6,1,-72.6
20240501,402,1,2,6,1,-29.6
20240501,402,1,3,6,1,-17.5
20240501,402,1,4,6,1,-9.4
20240501,402,1,5,6,1,-5.4
20240501,402,2,1,6,1,-55.7
20240501,402,2,2,6,1,-22.7
20240501,402,2,3,6,1,-13.4
20240501,402,2,4,6,1,-7.2
20240501,402,2,5,6,1,-4.1
20240501,402,3,1,6,1,-43.6
20240501,402,3,2,6,1,-17.8
20240501,402,3,3,6,1,-10.5
20240501,402,3,4,6,1,-5.6
20240501,402,3,5,6,1,-3.2
20240501,402,4,1,6,1,-33.9
20240501,402,4,2,6,1,-13.8
20240501,402,4,3,6,1,-8.2
20240501,402,4,4,6,1,-4.4
20240501,402,4,5,6,1,-2.5
20240501,402,5,1,6,1,-21.8
20240501,402,5,2,6,1,-8.9
20240501,402,5,3,6,1,-5.2
20240501,402,5,4,6,1,-2.8
20240501,402,5,5,6,1,-1.6
20240501,402,6,1,6,1,-14.5
20240501,402,6,2,6,1,-5.9
20240501,402,6,3,6,1,-3.5
20240501,402,6,4,6,1,-1.9
20240501,402,6,5,6,1,-1.1
20240501,403,1,1,7,1,-65.9
20240501,403,1,2,7,1,-26.9
20240501,403,1,3,7,1,-15.9
20240501,403,1,4,7,1,-8.5
20240501,403,1,5,7,1,-4.9
20240501,403,2,1,7,1,-50.5
20240501,403,2,2,7,1,-20.6
20240501,403,2,3,7,1,-12.2
20240501,403,2,4,7,1,-6.6
20240501,403,2,5,7,1,-3.7
20240501,403,3,1,7,1,-39.5
20240501,403,3,2,7,1,-16.1
20240501,403,3,3,7,1,-9.5
20240501,403,3,4,7,1,-5.1
20240501,403,3,5,7,1,-2.9
20240501,403,4,1,7,1,-30.8
20240501,403,4,2,7,1,-12.5
20240501,403,4,3,7,1,-7.4
20240501,403,4,4,7,1,-4.0
20240501,403,4,5,7,1,-2.3
20240501,403,5,1,7,1,-19.8
20240501,403,5,2,7,1,-8.1
20240501,403,5,3,7,1,-4.8
20240501,403,5,4,7,1,-2.6
20240501,403,5,5,7,1,-1.5
20240501,403,6,1,7,1,-13.2
20240501,403,6,2,7,1,-5.4
20240501,403,6,3,7,1,-3.2
20240501,403,6,4,7,1,-1.7
20240501,403,6,5,7,1,-1.0
20240501,403,1,1,8,1,-47.7
20240501,403,1,2,8,1,-19.4
20240501,403,1,3,8,1,-11.5
20240501,403,1,4,8,1,-6.2
20240501,403,1,5,8,1,-3.5
20240501,403,2,1,8,1,-36.6
20240501,403,2,2,8,1,-14.9
20240501,403,2,3,8,1,-8.8
20240501,403,2,4,8,1,-4.7
20240501,403,2,5,8,1,-2.7
20240501,403,3,1,8,1,-28.6
20240501,403,3,2,8,1,-11.7
20240501,403,3,3,8,1,-6.9
20240501,403,3,4,8,1,-3.7
20240501,403,3,5,8,1,-2.1
20240501,403,4,1,8,1,-22.3
20240501,403,4,2,8,1,-9.1
20240501,403,4,3,8,1,-5.4
20240501,403,4,4,8,1,-2.9
20240501,403,4,5,8,1,-1.6
20240501,403,5,1,8,1,-14.3
20240501,403,5,2,8,1,-5.8
20240501,403,5,3,8,1,-3.4
20240501,403,5,4,8,1,-1.9
20240501,403,5,5,8,1,-1.1
20240501,403,6,1,8,1,-9.5
20240501,403,6,2,8,1,-3.9
20240501,403,6,3,8,1,-2.3
20240501,403,6,4,8,1,-1.2
20240501,403,6,5,8,1,-0.7
20240501,404,1,1,7,1,-18.9
20240501,404,1,2,7,1,-7.7
20240501,404,1,3,7,1,-4.6
20240501,404,1,4,7,1,-2.5
20240501,404,1,5,7,1,-1.4
20240501,404,2,1,7,1,-14.5
20240501,404,2,2,7,1,-5.9
20240501,404,2,3,7,1,-3.5
20240501,404,2,4,7,1,-1.9
20240501,404,2,5,7,1,-1.1
20240501,404,3,1,7,1,-11.4
20240501,404,3,2,7,1,-4.6
20240501,404,3,3,7,1,-2.7
20240501,404,3,4,7,1,-1.5
20240501,404,3,5,7,1,-0.8
20240501,404,4,1,7,1,-8.8
20240501,404,4,2,7,1,-3.6
20240501,404,4,3,7,1,-2.1
20240501,404,4,4,7,1,-1.1
20240501,404,4,5,7,1,-0.7
20240501,404,5,1,7,1,-5.7
20240501,404,5,2,7,1,-2.3
20240501,404,5,3,7,1,-1.4
20240501,404,5,4,7,1,-0.7
20240501,404,5,5,7,1,-0.4
20240501,404,6,1,7,1,-3.8
20240501,404,6,2,7,1,-1.5
20240501,404,6,3,7,1,-0.9
20240501,404,6,4,7,1,-0.5
20240501,404,6,5,7,1,-0.3
20240501,404,1,1,8,1,-18.9
20240501,404,1,2,8,1,-7.7
20240501,404,1,3,8,1,-4.6
20240501,404,1,4,8,1,-2.5
20240501,404,1,5,8,1,-1.4
20240501,404,2,1,8,1,-14.5
20240501,404,2,2,8,1,-5.9
20240501,404,2,3,8,1,-3.5
20240501,404,2,4,8,1,-1.9
20240501,404,2,5,8,1,-1.1
20240501,404,3,1,8,1,-11.4
20240501,404,3,2,8,1,-4.6
20240501,404,3,3,8,1,-2.7
20240501,404,3,4,8,1,-1.5
20240501,404,3,5,8,1,-0.8
20240501,404,4,1,8,1,-8.8
20240501,404,4,2,8,1,-3.6
20240501,404,4,3,8,1,-2.1
20240501,404,4,4,8,1,-1.1
20240501,404,4,5,8,1,-0.7
20240501,404,5,1,8,1,-5.7
20240501,404,5,2,8,1,-2.3
20240501,404,5,3,8,1,-1.4
20240501,404,5,4,8,1,-0.7
20240501,404,5,5,8,1,-0.4
20240501,404,6,1,8,1,-3.8
20240501,404,6,2,8,1,-1.5
20240501,404,6,3,8,1,-0.9
20240501,404,6,4,8,1,-0.5
20240501,404,6,5,8,1,-0.3
20240501,301,1,1,7,1,5863.8
20240501,501,1,1,7,1,1789.7
20240501,502,1,1,7,1,1555.9
20240501,503,1,1,7,1,-80.9
20240501,504,1,1,7,1,1165.2
20240501,601,1,1,7,1,1708.8
20240501,602,1,1,7,1,-368.7
20240501,603,1,1,7,1,68090.1
20240601,101,1,1,5,1,704.7
20240601,101,1,2,5,1,286.9
20240601,101,1,3,5,1,166.1
20240601,101,1,4,5,1,92.1
20240601,101,1,5,5,1,52.1
20240601,101,2,1,5,1,541.2
20240601,101,2,2,5,1,221.0
20240601,101,2,3,5,1,129.4
20240601,101,2,4,5,1,69.2
20240601,101,2,5,5,1,39.6
20240601,101,3,1,5,1,421.7
20240601,101,3,2,5,1,171.8
20240601,101,3,3,5,1,99.8
20240601,101,3,4,5,1,54.9
20240601,101,3,5,5,1,31.6
20240601,101,4,1,5,1,321.2
20240601,101,4,2,5,1,134.9
20240601,101,4,3,5,1,78.5
20240601,101,4,4,5,1,41.8
20240601,101,4,5,5,1,24.4
20240601,101,5,1,5,1,206.6
20240601,101,5,2,5,1,86.6
20240601,101,5,3,5,1,50.5
20240601,101,5,4,5,1,27.3
20240601,101,5,5,5,1,15.6
20240601,101,6,1,5,1,140.2
20240601,101,6,2,5,1,57.8
20240601,101,6,3,5,1,33.5
20240601,101,6,4,5,1,18.1
20240601,101,6,5,5,1,10.3
20240601,102,1,1,5,1,182.0
20240601,102,1,2,5,1,74.3
20240601,102,1,3,5,1,44.5
20240601,102,1,4,5,1,24.0
20240601,102,1,5,5,1,13.6
20240601,102,2,1,5,1,139.2
20240601,102,2,2,5,1,56.2
20240601,102,2,3,5,1,33.2
20240601,102,2,4,5,1,17.9
20240601,102,2,5,5,1,10.5
20240601,102,3,1,5,1,108.8
20240601,102,3,2,5,1,44.3
20240601,102,3,3,5,1,26.0
20240601,102,3,4,5,1,14.1
20240601,102,3,5,5,1,8.2
20240601,102,4,1,5,1,85.5
20240601,102,4,2,5,1,34.3
20240601,102,4,3,5,1,20.7
20240601,102,4,4,5,1,11.2
20240601,102,4,5,5,1,6.4
20240601,102,5,1,5,1,55.7
20240601,102,5,2,5,1,22.1
20240601,102,5,3,5,1,13.2
20240601,102,5,4,5,1,7.2
20240601,102,5,5,5,1,4.1
20240601,102,6,1,5,1,36.3
20240601,102,6,2,5,1,14.7
20240601,102,6,3,5,1,8.7
20240601,102,6,4,5,1,4.8
20240601,102,6,5,5,1,2.7
20240601,103,1,1,5,1,648.5
20240601,103,1,2,5,1,263.0
20240601,103,1,3,5,1,154.3
20240601,103,1,4,5,1,82.0
20240601,103,1,5,5,1,47.1
20240601,103,2,1,5,1,482.6
20240601,103,2,2,5,1,199.8
20240601,103,2,3,5,1,118.6
20240601,103,2,4,5,1,63.2
20240601,103,2,5,5,1,36.9
20240601,103,3,1,5,1,381.0
20240601,103,3,2,5,1,155.4
20240601,103,3,3,5,1,92.4
20240601,103,3,4,5,1,50.0
20240601,103,3,5,5,1,28.4
20240601,103,4,1,5,1,299.8
20240601,103,4,2,5,1,122.8
20240601,103,4,3,5,1,71.8
20240601,103,4,4,5,1,38.2
20240601,103,4,5,5,1,22.4
20240601,103,5,1,5,1,191.3
20240601,103,5,2,5,1,77.1
20240601,103,5,3,5,1,46.2
20240601,103,5,4,5,1,25.1
20240601,103,5,5,5,1,14.1
20240601,103,6,1,5,1,126.5
20240601,103,6,2,5,1,52.3
20240601,103,6,3,5,1,30.7
20240601,103,6,4,5,1,16.8
20240601,103,6,5,5,1,9.6
20240601,201,1,1,1,1,-205.4
20240601,201,1,1,2,1,-96.7
20240601,201,1,2,1,1,-83.7
20240601,201,1,2,2,1,-39.4
20240601,201,1,3,1,1,-49.5
20240601,201,1,3,2,1,-23.3
20240601,201,1,4,1,1,-26.6
20240601,201,1,4,2,1,-12.5
20240601,201,1,5,1,1,-15.2
20240601,201,1,5,2,1,-7.2
20240601,201,2,1,1,1,-157.5
20240601,201,2,1,2,1,-74.1
20240601,201,2,2,1,1,-64.2
20240601,201,2,2,2,1,-30.2
20240601,201,2,3,1,1,-37.9
20240601,201,2,3,2,1,-17.8
20240601,201,2,4,1,1,-20.4
20240601,201,2,4,2,1,-9.6
20240601,201,2,5,1,1,-11.7
20240601,201,2,5,2,1,-5.5
20240601,201,3,1,1,1,-123.3
20240601,201,3,1,2,1,-58.0
20240601,201,3,2,1,1,-50.2
20240601,201,3,2,2,1,-23.6
20240601,201,3,3,1,1,-29.7
20240601,201,3,3,2,1,-14.0
20240601,201,3,4,1,1,-16.0
20240601,201,3,4,2,1,-7.5
20240601,201,3,5,1,1,-9.1
20240601,201,3,5,2,1,-4.3
20240601,201,4,1,1,1,-95.9
20240601,201,4,1,2,1,-45.1
20240601,201,4,2,1,1,-39.1
20240601,201,4,2,2,1,-18.4
20240601,201,4,3,1,1,-23.1
20240601,201,4,3,2,1,-10.9
20240601,201,4,4,1,1,-12.4
20240601,201,4,4,2,1,-5.8
20240601,201,4,5,1,1,-7.1
20240601,201,4,5,2,1,-3.3
20240601,201,5,1,1,1,-61.6
20240601,201,5,1,2,1,-29.0
20240601,201,5,2,1,1,-25.1
20240601,201,5,2,2,1,-11.8
20240601,201,5,3,1,1,-14.8
20240601,201,5,3,2,1,-7.0
20240601,201,5,4,1,1,-8.0
20240601,201,5,4,2,1,-3.8
20240601,201,5,5,1,1,-4.6
20240601,201,5,5,2,1,-2.1
20240601,201,6,1,1,1,-41.1
20240601,201,6,1,2,1,-19.3
20240601,201,6,2,1,1,-16.7
20240601,201,6,2,2,1,-7.9
20240601,201,6,3,1,1,-9.9
20240601,201,6,3,2,1,-4.7
20240601,201,6,4,1,1,-5.3
20240601,201,6,4,2,1,-2.5
20240601,201,6,5,1,1,-3.0
20240601,201,6,5,2,1,-1.4
20240601,202,1,1,1,1,-148.8
20240601,202,1,1,2,1,-70.0
20240601,202,1,2,1,1,-60.6
20240601,202,1,2,2,1,-28.5
20240601,202,1,3,1,1,-35.8
20240601,202,1,3,2,1,-16.9
20240601,202,1,4,1,1,-19.3
20240601,202,1,4,2,1,-9.1
20240601,202,1,5,1,1,-11.0
20240601,202,1,5,2,1,-5.2
20240601,202,2,1,1,1,-114.1
20240601,202,2,1,2,1,-53.7
20240601,202,2,2,1,1,-46.5
20240601,202,2,2,2,1,-21.9
20240601,202,2,3,1,1,-27.5
20240601,202,2,3,2,1,-12.9
20240601,202,2,4,1,1,-14.8
20240601,202,2,4,2,1,-7.0
20240601,202,2,5,1,1,-8.4
20240601,202,2,5,2,1,-4.0
20240601,202,3,1,1,1,-89.3
20240601,202,3,1,2,1,-42.0
20240601,202,3,2,1,1,-36.4
20240601,202,3,2,2,1,-17.1
20240601,202,3,3,1,1,-21.5
20240601,202,3,3,2,1,-10.1
20240601,202,3,4,1,1,-11.6
20240601,202,3,4,2,1,-5.4
20240601,202,3,5,1,1,-6.6
20240601,202,3,5,2,1,-3.1
20240601,202,4,1,1,1,-69.4
20240601,202,4,1,2,1,-32.7
20240601,202,4,2,1,1,-28.3
20240601,202,4,2,2,1,-13.3
20240601,202,4,3,1,1,-16.7
20240601,202,4,3,2,1,-7.9
20240601,202,4,4,1,1,-9.0
20240601,202,4,4,2,1,-4.2
20240601,202,4,5,1,1,-5.1
20240601,202,4,5,2,1,-2.4
20240601,202,5,1,1,1,-44.6
20240601,202,5,1,2,1,-21.0
20240601,202,5,2,1,1,-18.2
20240601,202,5,2,2,1,-8.6
20240601,202,5,3,1,1,-10.7
20240601,202,5,3,2,1,-5.1
20240601,202,5,4,1,1,-5.8
20240601,202,5,4,2,1,-2.7
20240601,202,5,5,1,1,-3.3
20240601,202,5,5,2,1,-1.6
20240601,202,6,1,1,1,-29.8
20240601,202,6,1,2,1,-14.0
20240601,202,6,2,1,1,-12.1
20240601,202,6,2,2,1,-5.7
20240601,202,6,3,1,1,-7.2
20240601,202,6,3,2,1,-3.4
20240601,202,6,4,1,1,-3.9
20240601,202,6,4,2,1,-1.8
20240601,202,6,5,1,1,-2.2
20240601,202,6,5,2,1,-1.0
20240601,401,1,1,3,1,-222.0
20240601,401,1,2,3,1,-90.5
20240601,401,1,3,3,1,-53.5
20240601,401,1,4,3,1,-28.8
20240601,401,1,5,3,1,-16.4
20240601,401,2,1,3,1,-170.2
20240601,401,2,2,3,1,-69.4
20240601,401,2,3,3,1,-41.0
20240601,401,2,4,3,1,-22.1
20240601,401,2,5,3,1,-12.6
20240601,401,3,1,3,1,-133.2
20240601,401,3,2,3,1,-54.3
20240601,401,3,3,3,1,-32.1
20240601,401,3,4,3,1,-17.3
20240601,401,3,5,3,1,-9.9
20240601,401,4,1,3,1,-103.6
20240601,401,4,2,3,1,-42.2
20240601,401,4,3,3,1,-24.9
20240601,401,4,4,3,1,-13.4
20240601,401,4,5,3,1,-7.7
20240601,401,5,1,3,1,-66.6
20240601,401,5,2,3,1,-27.1
20240601,401,5,3,3,1,-16.0
20240601,401,5,4,3,1,-8.6
20240601,401,5,5,3,1,-4.9
20240601,401,6,1,3,1,-44.4
20240601,401,6,2,3,1,-18.1
20240601,401,6,3,3,1,-10.7
20240601,401,6,4,3,1,-5.8
20240601,401,6,5,3,1,-3.3
20240601,401,1,1,4,1,-78.0
20240601,401,1,2,4,1,-31.8
20240601,401,1,3,4,1,-18.8
20240601,401,1,4,4,1,-10.1
20240601,401,1,5,4,1,-5.8
20240601,401,2,1,4,1,-59.8
20240601,401,2,2,4,1,-24.4
20240601,401,2,3,4,1,-14.4
20240601,401,2,4,4,1,-7.8
20240601,401,2,5,4,1,-4.4
20240601,401,3,1,4,1,-46.8
20240601,401,3,2,4,1,-19.1
20240601,401,3,3,4,1,-11.3
20240601,401,3,4,4,1,-6.1
20240601,401,3,5,4,1,-3.5
20240601,401,4,1,4,1,-36.4
20240601,401,4,2,4,1,-14.8
20240601,401,4,3,4,1,-8.8
20240601,401,4,4,4,1,-4.7
20240601,401,4,5,4,1,-2.7
20240601,401,5,1,4,1,-23.4
20240601,401,5,2,4,1,-9.5
20240601,401,5,3,4,1,-5.6
20240601,401,5,4,4,1,-3.0
20240601,401,5,5,4,1,-1.7
20240601,401,6,1,4,1,-15.6
20240601,401,6,2,4,1,-6.4
20240601,401,6,3,4,1,-3.8
20240601,401,6,4,4,1,-2.0
20240601,401,6,5,4,1,-1.2
20240601,402,1,1,5,1,-195.2
20240601,402,1,2,5,1,-79.5
20240601,402,1,3,5,1,-47.0
20240601,402,1,4,5,1,-25.3
20240601,402,1,5,5,1,-14.5
20240601,402,2,1,5,1,-149.7
20240601,402,2,2,5,1,-61.0
20240601,402,2,3,5,1,-36.0
20240601,402,2,4,5,1,-19.4
20240601,402,2,5,5,1,-11.1
20240601,402,3,1,5,1,-117.1
20240601,402,3,2,5,1,-47.7
20240601,402,3,3,5,1,-28.2
20240601,402,3,4,5,1,-15.2
20240601,402,3,5,5,1,-8.7
20240601,402,4,1,5,1,-91.1
20240601,402,4,2,5,1,-37.1
20240601,402,4,3,5,1,-21.9
20240601,402,4,4,5,1,-11.8
20240601,402,4,5,5,1,-6.7
20240601,402,5,1,5,1,-58.6
20240601,402,5,2,5,1,-23.9
20240601,402,5,3,5,1,-14.1
20240601,402,5,4,5,1,-7.6
20240601,402,5,5,5,1,-4.3
20240601,402,6,1,5,1,-39.0
20240601,402,6,2,5,1,-15.9
20240601,402,6,3,5,1,-9.4
20240601,402,6,4,5,1,-5.1
20240601,402,6,5,5,1,-2.9
20240601,402,1,1,6,1,-75.9
20240601,402,1,2,6,1,-30.9
20240601,402,1,3,6,1,-18.3
20240601,402,1,4,6,1,-9.8
20240601,402,1,5,6,1,-5.6
20240601,402,2,1,6,1,-58.2
20240601,402,2,2,6,1,-23.7
20240601,402,2,3,6,1,-14.0
20240601,402,2,4,6,1,-7.5
20240601,402,2,5,6,1,-4.3
20240601,402,3,1,6,1,-45.5
20240601,402,3,2,6,1,-18.6
20240601,402,3,3,6,1,-11.0
20240601,402,3,4,6,1,-5.9
20240601,402,3,5,6,1,-3.4
20240601,402,4,1,6,1,-35.4
20240601,402,4,2,6,1,-14.4
20240601,402,4,3,6,1,-8.5
20240601,402,4,4,6,1,-4.6
20240601,402,4,5,6,1,-2.6
20240601,402,5,1,6,1,-22.8
20240601,402,5,2,6,1,-9.3
20240601,402,5,3,6,1,-5.5
20240601,402,5,4,6,1,-3.0
20240601,402,5,5,6,1,-1.7
20240601,402,6,1,6,1,-15.2
20240601,402,6,2,6,1,-6.2
20240601,402,6,3,6,1,-3.7
20240601,402,6,4,6,1,-2.0
20240601,402,6,5,6,1,-1.1
20240601,403,1,1,7,1,-68.9
20240601,403,1,2,7,1,-28.1
20240601,403,1,3,7,1,-16.6
20240601,403,1,4,7,1,-8.9
20240601,403,1,5,7,1,-5.1
20240601,403,2,1,7,1,-52.8
20240601,403,2,2,7,1,-21.5
20240601,403,2,3,7,1,-12.7
20240601,403,2,4,7,1,-6.8
20240601,403,2,5,7,1,-3.9
20240601,403,3,1,7,1,-41.3
20240601,403,3,2,7,1,-16.8
20240601,403,3,3,7,1,-10.0
20240601,403,3,4,7,1,-5.4
20240601,403,3,5,7,1,-3.1
20240601,403,4,1,7,1,-32.2
20240601,403,4,2,7,1,-13.1
20240601,403,4,3,7,1,-7.7
20240601,403,4,4,7,1,-4.2
20240601,403,4,5,7,1,-2.4
20240601,403,5,1,7,1,-20.7
20240601,403,5,2,7,1,-8.4
20240601,403,5,3,7,1,-5.0
20240601,403,5,4,7,1,-2.7
20240601,403,5,5,7,1,-1.5
20240601,403,6,1,7,1,-13.8
20240601,403,6,2,7,1,-5.6
20240601,403,6,3,7,1,-3.3
20240601,403,6,4,7,1,-1.8
20240601,403,6,5,7,1,-1.0
20240601,403,1,1,8,1,-49.9
20240601,403,1,2,8,1,-20.3
20240601,403,1,3,8,1,-12.0
20240601,403,1,4,8,1,-6.5
20240601,403,1,5,8,1,-3.7
20240601,403,2,1,8,1,-38.3
20240601,403,2,2,8,1,-15.6
20240601,403,2,3,8,1,-9.2
20240601,403,2,4,8,1,-5.0
20240601,403,2,5,8,1,-2.8
20240601,403,3,1,8,1,-29.9
20240601,403,3,2,8,1,-12.2
20240601,403,3,3,8,1,-7.2
20240601,403,3,4,8,1,-3.9
20240601,403,3,5,8,1,-2.2
20240601,403,4,1,8,1,-23.3
20240601,403,4,2,8,1,-9.5
20240601,403,4,3,8,1,-5.6
20240601,403,4,4,8,1,-3.0
20240601,403,4,5,8,1,-1.7
20240601,403,5,1,8,1,-15.0
20240601,403,5,2,8,1,-6.1
20240601,403,5,3,8,1,-3.6
20240601,403,5,4,8,1,-1.9
20240601,403,5,5,8,1,-1.1
20240601,403,6,1,8,1,-10.0
20240601,403,6,2,8,1,-4.1
20240601,403,6,3,8,1,-2.4
20240601,403,6,4,8,1,-1.3
20240601,403,6,5,8,1,-0.7
20240601,404,1,1,7,1,-19.8
20240601,404,1,2,7,1,-8.1
20240601,404,1,3,7,1,-4.8
20240601,404,1,4,7,1,-2.6
20240601,404,1,5,7,1,-1.5
20240601,404,2,1,7,1,-15.2
20240601,404,2,2,7,1,-6.2
20240601,404,2,3,7,1,-3.7
20240601,404,2,4,7,1,-2.0
20240601,404,2,5,7,1,-1.1
20240601,404,3,1,7,1,-11.9
20240601,404,3,2,7,1,-4.8
20240601,404,3,3,7,1,-2.9
20240601,404,3,4,7,1,-1.5
20240601,404,3,5,7,1,-0.9
20240601,404,4,1,7,1,-9.2
20240601,404,4,2,7,1,-3.8
20240601,404,4,3,7,1,-2.2
20240601,404,4,4,7,1,-1.2
20240601,404,4,5,7,1,-0.7
20240601,404,5,1,7,1,-5.9
20240601,404,5,2,7,1,-2.4
20240601,404,5,3,7,1,-1.4
20240601,404,5,4,7,1,-0.8
20240601,404,5,5,7,1,-0.4
20240601,404,6,1,7,1,-4.0
20240601,404,6,2,7,1,-1.6
20240601,404,6,3,7,1,-1.0
20240601,404,6,4,7,1,-0.5
20240601,404,6,5,7,1,-0.3
20240601,404,1,1,8,1,-19.8
20240601,404,1,2,8,1,-8.1
20240601,404,1,3,8,1,-4.8
20240601,404,1,4,8,1,-2.6
20240601,404,1,5,8,1,-1.5
20240601,404,2,1,8,1,-15.2
20240601,404,2,2,8,1,-6.2
20240601,404,2,3,8,1,-3.7
20240601,404,2,4,8,1,-2.0
20240601,404,2,5,8,1,-1.1
20240601,404,3,1,8,1,-11.9
20240601,404,3,2,8,1,-4.8
20240601,404,3,3,8,1,-2.9
20240601,404,3,4,8,1,-1.5
20240601,404,3,5,8,1,-0.9
20240601,404,4,1,8,1,-9.2
20240601,404,4,2,8,1,-3.8
20240601,404,4,3,8,1,-2.2
20240601,404,4,4,8,1,-1.2
20240601,404,4,5,8,1,-0.7
20240601,404,5,1,8,1,-5.9
20240601,404,5,2,8,1,-2.4
20240601,404,5,3,8,1,-1.4
20240601,404,5,4,8,1,-0.8
20240601,404,5,5,8,1,-0.4
20240601,404,6,1,8,1,-4.0
20240601,404,6,2,8,1,-1.6
20240601,404,6,3,8,1,-1.0
20240601,404,6,4,8,1,-0.5
20240601,404,6,5,8,1,-0.3
20240601,301,1,1,7,1,6186.3
20240601,501,1,1,7,1,1927.3
20240601,502,1,1,7,1,1682.9
20240601,503,1,1,7,1,-84.6
20240601,504,1,1,7,1,1262.7
20240601,601,1,1,7,1,1842.7
20240601,602,1,1,7,1,-385.5
20240601,603,1,1,7,1,69157.2
20240701,101,1,1,5,1,693.5
20240701,101,1,2,5,1,283.5
20240701,101,1,3,5,1,163.9
20240701,101,1,4,5,1,88.9
20240701,101,1,5,5,1,50.2
20240701,101,2,1,5,1,526.3
20240701,101,2,2,5,1,213.7
20240701,101,2,3,5,1,129.0
20240701,101,2,4,5,1,67.4
20240701,101,2,5,5,1,38.6
20240701,101,3,1,5,1,411.4
20240701,101,3,2,5,1,166.2
20240701,101,3,3,5,1,98.2
20240701,101,3,4,5,1,53.5
20240701,101,3,5,5,1,31.0
20240701,101,4,1,5,1,322.5
20240701,101,4,2,5,1,131.6
20240701,101,4,3,5,1,76.7
20240701,101,4,4,5,1,41.2
20240701,101,4,5,5,1,23.7
20240701,101,5,1,5,1,209.9
20240701,101,5,2,5,1,85.1
20240701,101,5,3,5,1,49.2
20240701,101,5,4,5,1,26.6
20240701,101,5,5,5,1,15.0
20240701,101,6,1,5,1,136.6
20240701,101,6,2,5,1,56.8
20240701,101,6,3,5,1,33.4
20240701,101,6,4,5,1,17.6
20240701,101,6,5,5,1,10.3
20240701,102,1,1,5,1,181.1
20240701,102,1,2,5,1,73.6
20240701,102,1,3,5,1,43.4
20240701,102,1,4,5,1,23.7
20240701,102,1,5,5,1,13.1
20240701,102,2,1,5,1,137.5
20240701,102,2,2,5,1,55.1
20240701,102,2,3,5,1,33.3
20240701,102,2,4,5,1,17.6
20240701,102,2,5,5,1,10.1
20240701,102,3,1,5,1,108.7
20240701,102,3,2,5,1,44.5
20240701,102,3,3,5,1,26.4
20240701,102,3,4,5,1,14.1
20240701,102,3,5,5,1,7.9
20240701,102,4,1,5,1,84.2
20240701,102,4,2,5,1,34.4
20240701,102,4,3,5,1,20.2
20240701,102,4,4,5,1,10.7
20240701,102,4,5,5,1,6.2
20240701,102,5,1,5,1,54.7
20240701,102,5,2,5,1,22.0
20240701,102,5,3,5,1,12.8
20240701,102,5,4,5,1,7.1
20240701,102,5,5,5,1,3.9
20240701,102,6,1,5,1,36.5
20240701,102,6,2,5,1,14.5
20240701,102,6,3,5,1,8.6
20240701,102,6,4,5,1,4.7
20240701,102,6,5,5,1,2.6
20240701,103,1,1,5,1,639.2
20240701,103,1,2,5,1,257.2
20240701,103,1,3,5,1,152.3
20240701,103,1,4,5,1,81.4
20240701,103,1,5,5,1,46.8
20240701,103,2,1,5,1,490.1
20240701,103,2,2,5,1,195.3
20240701,103,2,3,5,1,114.2
20240701,103,2,4,5,1,62.2
20240701,103,2,5,5,1,35.3
20240701,103,3,1,5,1,375.1
20240701,103,3,2,5,1,153.6
20240701,103,3,3,5,1,90.0
20240701,103,3,4,5,1,48.2
20240701,103,3,5,5,1,27.8
20240701,103,4,1,5,1,292.3
20240701,103,4,2,5,1,118.0
20240701,103,4,3,5,1,69.5
20240701,103,4,4,5,1,38.5
20240701,103,4,5,5,1,22.0
20240701,103,5,1,5,1,191.0
20240701,103,5,2,5,1,78.0
20240701,103,5,3,5,1,44.6
20240701,103,5,4,5,1,24.3
20240701,103,5,5,5,1,14.2
20240701,103,6,1,5,1,126.2
20240701,103,6,2,5,1,51.8
20240701,103,6,3,5,1,30.2
20240701,103,6,4,5,1,16.4
20240701,103,6,5,5,1,9.3
20240701,201,1,1,1,1,-198.8
20240701,201,1,1,2,1,-93.5
20240701,201,1,2,1,1,-81.0
20240701,201,1,2,2,1,-38.1
20240701,201,1,3,1,1,-47.9
20240701,201,1,3,2,1,-22.5
20240701,201,1,4,1,1,-25.8
20240701,201,1,4,2,1,-12.1
20240701,201,1,5,1,1,-14.7
20240701,201,1,5,2,1,-6.9
20240701,201,2,1,1,1,-152.4
20240701,201,2,1,2,1,-71.7
20240701,201,2,2,1,1,-62.1
20240701,201,2,2,2,1,-29.2
20240701,201,2,3,1,1,-36.7
20240701,201,2,3,2,1,-17.3
20240701,201,2,4,1,1,-19.8
20240701,201,2,4,2,1,-9.3
20240701,201,2,5,1,1,-11.3
20240701,201,2,5,2,1,-5.3
20240701,201,3,1,1,1,-119.3
20240701,201,3,1,2,1,-56.1
20240701,201,3,2,1,1,-48.6
20240701,201,3,2,2,1,-22.9
20240701,201,3,3,1,1,-28.7
20240701,201,3,3,2,1,-13.5
20240701,201,3,4,1,1,-15.5
20240701,201,3,4,2,1,-7.3
20240701,201,3,5,1,1,-8.8
20240701,201,3,5,2,1,-4.2
20240701,201,4,1,1,1,-92.8
20240701,201,4,1,2,1,-43.7
20240701,201,4,2,1,1,-37.8
20240701,201,4,2,2,1,-17.8
20240701,201,4,3,1,1,-22.3
20240701,201,4,3,2,1,-10.5
20240701,201,4,4,1,1,-12.0
20240701,201,4,4,2,1,-5.7
20240701,201,4,5,1,1,-6.9
20240701,201,4,5,2,1,-3.2
20240701,201,5,1,1,1,-59.6
20240701,201,5,1,2,1,-28.1
20240701,201,5,2,1,1,-24.3
20240701,201,5,2,2,1,-11.4
20240701,201,5,3,1,1,-14.4
20240701,201,5,3,2,1,-6.8
20240701,201,5,4,1,1,-7.7
20240701,201,5,4,2,1,-3.6
20240701,201,5,5,1,1,-4.4
20240701,201,5,5,2,1,-2.1
20240701,201,6,1,1,1,-39.8
20240701,201,6,1,2,1,-18.7
20240701,201,6,2,1,1,-16.2
20240701,201,6,2,2,1,-7.6
20240701,201,6,3,1,1,-9.6
20240701,201,6,3,2,1,-4.5
20240701,201,6,4,1,1,-5.2
20240701,201,6,4,2,1,-2.4
20240701,201,6,5,1,1,-2.9
20240701,201,6,5,2,1,-1.4
20240701,202,1,1,1,1,-144.0
20240701,202,1,1,2,1,-67.7
20240701,202,1,2,1,1,-58.6
20240701,202,1,2,2,1,-27.6
20240701,202,1,3,1,1,-34.7
20240701,202,1,3,2,1,-16.3
20240701,202,1,4,1,1,-18.7
20240701,202,1,4,2,1,-8.8
20240701,202,1,5,1,1,-10.7
20240701,202,1,5,2,1,-5.0
20240701,202,2,1,1,1,-110.4
20240701,202,2,1,2,1,-51.9
20240701,202,2,2,1,1,-45.0
20240701,202,2,2,2,1,-21.2
20240701,202,2,3,1,1,-26.6
20240701,202,2,3,2,1,-12.5
20240701,202,2,4,1,1,-14.3
20240701,202,2,4,2,1,-6.7
20240701,202,2,5,1,1,-8.2
20240701,202,2,5,2,1,-3.8
20240701,202,3,1,1,1,-86.4
20240701,202,3,1,2,1,-40.6
20240701,202,3,2,1,1,-35.2
20240701,202,3,2,2,1,-16.6
20240701,202,3,3,1,1,-20.8
20240701,202,3,3,2,1,-9.8
20240701,202,3,4,1,1,-11.2
20240701,202,3,4,2,1,-5.3
20240701,202,3,5,1,1,-6.4
20240701,202,3,5,2,1,-3.0
20240701,202,4,1,1,1,-67.2
20240701,202,4,1,2,1,-31.6
20240701,202,4,2,1,1,-27.4
20240701,202,4,2,2,1,-12.9
20240701,202,4,3,1,1,-16.2
20240701,202,4,3,2,1,-7.6
20240701,202,4,4,1,1,-8.7
20240701,202,4,4,2,1,-4.1
20240701,202,4,5,1,1,-5.0
20240701,202,4,5,2,1,-2.3
20240701,202,5,1,1,1,-43.2
20240701,202,5,1,2,1,-20.3
20240701,202,5,2,1,1,-17.6
20240701,202,5,2,2,1,-8.3
20240701,202,5,3,1,1,-10.4
20240701,202,5,3,2,1,-4.9
20240701,202,5,4,1,1,-5.6
20240701,202,5,4,2,1,-2.6
20240701,202,5,5,1,1,-3.2
20240701,202,5,5,2,1,-1.5
20240701,202,6,1,1,1,-28.8
20240701,202,6,1,2,1,-13.5
20240701,202,6,2,1,1,-11.7
20240701,202,6,2,2,1,-5.5
20240701,202,6,3,1,1,-6.9
20240701,202,6,3,2,1,-3.3
20240701,202,6,4,1,1,-3.7
20240701,202,6,4,2,1,-1.8
20240701,202,6,5,1,1,-2.1
20240701,202,6,5,2,1,-1.0
20240701,401,1,1,3,1,-218.7
20240701,401,1,2,3,1,-89.1
20240701,401,1,3,3,1,-52.6
20240701,401,1,4,3,1,-28.3
20240701,401,1,5,3,1,-16.2
20240701,401,2,1,3,1,-167.7
20240701,401,2,2,3,1,-68.3
20240701,401,2,3,3,1,-40.4
20240701,401,2,4,3,1,-21.7
20240701,401,2,5,3,1,-12.4
20240701,401,3,1,3,1,-131.2
20240701,401,3,2,3,1,-53.5
20240701,401,3,3,3,1,-31.6
20240701,401,3,4,3,1,-17.0
20240701,401,3,5,3,1,-9.7
20240701,401,4,1,3,1,-102.1
20240701,401,4,2,3,1,-41.6
20240701,401,4,3,3,1,-24.6
20240701,401,4,4,3,1,-13.2
20240701,401,4,5,3,1,-7.6
20240701,401,5,1,3,1,-65.6
20240701,401,5,2,3,1,-26.7
20240701,401,5,3,3,1,-15.8
20240701,401,5,4,3,1,-8.5
20240701,401,5,5,3,1,-4.9
20240701,401,6,1,3,1,-43.7
20240701,401,6,2,3,1,-17.8
20240701,401,6,3,3,1,-10.5
20240701,401,6,4,3,1,-5.7
20240701,401,6,5,3,1,-3.2
20240701,401,1,1,4,1,-76.8
20240701,401,1,2,4,1,-31.3
20240701,401,1,3,4,1,-18.5
20240701,401,1,4,4,1,-10.0
20240701,401,1,5,4,1,-5.7
20240701,401,2,1,4,1,-58.9
20240701,401,2,2,4,1,-24.0
20240701,401,2,3,4,1,-14.2
20240701,401,2,4,4,1,-7.6
20240701,401,2,5,4,1,-4.4
20240701,401,3,1,4,1,-46.1
20240701,401,3,2,4,1,-18.8
20240701,401,3,3,4,1,-11.1
20240701,401,3,4,4,1,-6.0
20240701,401,3,5,4,1,-3.4
20240701,401,4,1,4,1,-35.9
20240701,401,4,2,4,1,-14.6
20240701,401,4,3,4,1,-8.6
20240701,401,4,4,4,1,-4.6
20240701,401,4,5,4,1,-2.7
20240701,401,5,1,4,1,-23.1
20240701,401,5,2,4,1,-9.4
20240701,401,5,3,4,1,-5.5
20240701,401,5,4,4,1,-3.0
20240701,401,5,5,4,1,-1.7
20240701,401,6,1,4,1,-15.4
20240701,401,6,2,4,1,-6.3
20240701,401,6,3,4,1,-3.7
20240701,401,6,4,4,1,-2.0
20240701,401,6,5,4,1,-1.1
20240701,402,1,1,5,1,-192.2
20240701,402,1,2,5,1,-78.3
20240701,402,1,3,5,1,-46.3
20240701,402,1,4,5,1,-24.9
20240701,402,1,5,5,1,-14.2
20240701,402,2,1,5,1,-147.4
20240701,402,2,2,5,1,-60.0
20240701,402,2,3,5,1,-35.5
20240701,402,2,4,5,1,-19.1
20240701,402,2,5,5,1,-10.9
20240701,402,3,1,5,1,-115.3
20240701,402,3,2,5,1,-47.0
20240701,402,3,3,5,1,-27.8
20240701,402,3,4,5,1,-15.0
20240701,402,3,5,5,1,-8.5
20240701,402,4,1,5,1,-89.7
20240701,402,4,2,5,1,-36.6
20240701,402,4,3,5,1,-21.6
20240701,402,4,4,5,1,-11.6
20240701,402,4,5,5,1,-6.6
20240701,402,5,1,5,1,-57.7
20240701,402,5,2,5,1,-23.5
20240701,402,5,3,5,1,-13.9
20240701,402,5,4,5,1,-7.5
20240701,402,5,5,5,1,-4.3
20240701,402,6,1,5,1,-38.4
20240701,402,6,2,5,1,-15.7
20240701,402,6,3,5,1,-9.3
20240701,402,6,4,5,1,-5.0
20240701,402,6,5,5,1,-2.8
20240701,402,1,1,6,1,-74.8
20240701,402,1,2,6,1,-30.5
20240701,402,1,3,6,1,-18.0
20240701,402,1,4,6,1,-9.7
20240701,402,1,5,6,1,-5.5
20240701,402,2,1,6,1,-57.3
20240701,402,2,2,6,1,-23.4
20240701,402,2,3,6,1,-13.8
20240701,402,2,4,6,1,-7.4
20240701,402,2,5,6,1,-4.2
20240701,402,3,1,6,1,-44.9
20240701,402,3,2,6,1,-18.3
20240701,402,3,3,6,1,-10.8
20240701,402,3,4,6,1,-5.8
20240701,402,3,5,6,1,-3.3
20240701,402,4,1,6,1,-34.9
20240701,402,4,2,6,1,-14.2
20240701,402,4,3,6,1,-8.4
20240701,402,4,4,6,1,-4.5
20240701,402,4,5,6,1,-2.6
20240701,402,5,1,6,1,-22.4
20240701,402,5,2,6,1,-9.1
20240701,402,5,3,6,1,-5.4
20240701,402,5,4,6,1,-2.9
20240701,402,5,5,6,1,-1.7
20240701,402,6,1,6,1,-15.0
20240701,402,6,2,6,1,-6.1
20240701,402,6,3,6,1,-3.6
20240701,402,6,4,6,1,-1.9
20240701,402,6,5,6,1,-1.1
20240701,403,1,1,7,1,-67.9
20240701,403,1,2,7,1,-27.6
20240701,403,1,3,7,1,-16.3
20240701,403,1,4,7,1,-8.8
20240701,403,1,5,7,1,-5.0
20240701,403,2,1,7,1,-52.0
20240701,403,2,2,7,1,-21.2
20240701,403,2,3,7,1,-12.5
20240701,403,2,4,7,1,-6.7
20240701,403,2,5,7,1,-3.9
20240701,403,3,1,7,1,-40.7
20240701,403,3,2,7,1,-16.6
20240701,403,3,3,7,1,-9.8
20240701,403,3,4,7,1,-5.3
20240701,403,3,5,7,1,-3.0
20240701,403,4,1,7,1,-31.7
20240701,403,4,2,7,1,-12.9
20240701,403,4,3,7,1,-7.6
20240701,403,4,4,7,1,-4.1
20240701,403,4,5,7,1,-2.3
20240701,403,5,1,7,1,-20.4
20240701,403,5,2,7,1,-8.3
20240701,403,5,3,7,1,-4.9
20240701,403,5,4,7,1,-2.6
20240701,403,5,5,7,1,-1.5
20240701,403,6,1,7,1,-13.6
20240701,403,6,2,7,1,-5.5
20240701,403,6,3,7,1,-3.3
20240701,403,6,4,7,1,-1.8
20240701,403,6,5,7,1,-1.0
20240701,403,1,1,8,1,-49.1
20240701,403,1,2,8,1,-20.0
20240701,403,1,3,8,1,-11.8
20240701,403,1,4,8,1,-6.4
20240701,403,1,5,8,1,-3.6
20240701,403,2,1,8,1,-37.7
20240701,403,2,2,8,1,-15.3
20240701,403,2,3,8,1,-9.1
20240701,403,2,4,8,1,-4.9
20240701,403,2,5,8,1,-2.8
20240701,403,3,1,8,1,-29.5
20240701,403,3,2,8,1,-12.0
20240701,403,3,3,8,1,-7.1
20240701,403,3,4,8,1,-3.8
20240701,403,3,5,8,1,-2.2
20240701,403,4,1,8,1,-22.9
20240701,403,4,2,8,1,-9.3
20240701,403,4,3,8,1,-5.5
20240701,403,4,4,8,1,-3.0
20240701,403,4,5,8,1,-1.7
20240701,403,5,1,8,1,-14.7
20240701,403,5,2,8,1,-6.0
20240701,403,5,3,8,1,-3.5
20240701,403,5,4,8,1,-1.9
20240701,403,5,5,8,1,-1.1
20240701,403,6,1,8,1,-9.8
20240701,403,6,2,8,1,-4.0
20240701,403,6,3,8,1,-2.4
20240701,403,6,4,8,1,-1.3
20240701,403,6,5,8,1,-0.7
20240701,404,1,1,7,1,-19.5
20240701,404,1,2,7,1,-7.9
20240701,404,1,3,7,1,-4.7
20240701,404,1,4,7,1,-2.5
20240701,404,1,5,7,1,-1.4
20240701,404,2,1,7,1,-15.0
20240701,404,2,2,7,1,-6.1
20240701,404,2,3,7,1,-3.6
20240701,404,2,4,7,1,-1.9
20240701,404,2,5,7,1,-1.1
20240701,404,3,1,7,1,-11.7
20240701,404,3,2,7,1,-4.8
20240701,404,3,3,7,1,-2.8
20240701,404,3,4,7,1,-1.5
20240701,404,3,5,7,1,-0.9
20240701,404,4,1,7,1,-9.1
20240701,404,4,2,7,1,-3.7
20240701,404,4,3,7,1,-2.2
20240701,404,4,4,7,1,-1.2
20240701,404,4,5,7,1,-0.7
20240701,404,5,1,7,1,-5.9
20240701,404,5,2,7,1,-2.4
20240701,404,5,3,7,1,-1.4
20240701,404,5,4,7,1,-0.8
20240701,404,5,5,7,1,-0.4
20240701,404,6,1,7,1,-3.9
20240701,404,6,2,7,1,-1.6
20240701,404,6,3,7,1,-0.9
20240701,404,6,4,7,1,-0.5
20240701,404,6,5,7,1,-0.3
20240701,404,1,1,8,1,-19.5
20240701,404,1,2,8,1,-7.9
20240701,404,1,3,8,1,-4.7
20240701,404,1,4,8,1,-2.5
20240701,404,1,5,8,1,-1.4
20240701,404,2,1,8,1,-15.0
20240701,404,2,2,8,1,-6.1
20240701,404,2,3,8,1,-3.6
20240701,404,2,4,8,1,-1.9
20240701,404,2,5,8,1,-1.1
20240701,404,3,1,8,1,-11.7
20240701,404,3,2,8,1,-4.8
20240701,404,3,3,8,1,-2.8
20240701,404,3,4,8,1,-1.5
20240701,404,3,5,8,1,-0.9
20240701,404,4,1,8,1,-9.1
20240701,404,4,2,8,1,-3.7
20240701,404,4,3,8,1,-2.2
20240701,404,4,4,8,1,-1.2
20240701,404,4,5,8,1,-0.7
20240701,404,5,1,8,1,-5.9
20240701,404,5,2,8,1,-2.4
20240701,404,5,3,8,1,-1.4
20240701,404,5,4,8,1,-0.8
20240701,404,5,5,8,1,-0.4
20240701,404,6,1,8,1,-3.9
20240701,404,6,2,8,1,-1.6
20240701,404,6,3,8,1,-0.9
20240701,404,6,4,8,1,-0.5
20240701,404,6,5,8,1,-0.3
20240701,301,1,1,7,1,6148.4
20240701,501,1,1,7,1,1953.8
20240701,502,1,1,7,1,1713.0
20240701,503,1,1,7,1,-83.3
20240701,504,1,1,7,1,1287.5
20240701,601,1,1,7,1,1870.5
20240701,602,1,1,7,1,-379.6
20240701,603,1,1,7,1,70140.9
20240801,101,1,1,5,1,683.3
20240801,101,1,2,5,1,284.5
20240801,101,1,3,5,1,165.1
20240801,101,1,4,5,1,91.0
20240801,101,1,5,5,1,51.4
20240801,101,2,1,5,1,524.7
20240801,101,2,2,5,1,216.7
20240801,101,2,3,5,1,128.0
20240801,101,2,4,5,1,68.8
20240801,101,2,5,5,1,39.3
20240801,101,3,1,5,1,411.1
20240801,101,3,2,5,1,168.8
20240801,101,3,3,5,1,98.2
20240801,101,3,4,5,1,53.6
20240801,101,3,5,5,1,30.6
20240801,101,4,1,5,1,322.7
20240801,101,4,2,5,1,130.5
20240801,101,4,3,5,1,76.3
20240801,101,4,4,5,1,42.5
20240801,101,4,5,5,1,23.7
20240801,101,5,1,5,1,206.3
20240801,101,5,2,5,1,85.6
20240801,101,5,3,5,1,50.5
20240801,101,5,4,5,1,27.3
20240801,101,5,5,5,1,15.4
20240801,101,6,1,5,1,136.2
20240801,101,6,2,5,1,55.8
20240801,101,6,3,5,1,33.2
20240801,101,6,4,5,1,17.8
20240801,101,6,5,5,1,10.3
20240801,102,1,1,5,1,182.4
20240801,102,1,2,5,1,74.2
20240801,102,1,3,5,1,44.1
20240801,102,1,4,5,1,23.3
20240801,102,1,5,5,1,13.5
20240801,102,2,1,5,1,139.2
20240801,102,2,2,5,1,57.2
20240801,102,2,3,5,1,33.8
20240801,102,2,4,5,1,17.8
20240801,102,2,5,5,1,10.2
20240801,102,3,1,5,1,107.1
20240801,102,3,2,5,1,43.7
20240801,102,3,3,5,1,25.7
20240801,102,3,4,5,1,14.3
20240801,102,3,5,5,1,7.9
20240801,102,4,1,5,1,83.8
20240801,102,4,2,5,1,34.3
20240801,102,4,3,5,1,20.1
20240801,102,4,4,5,1,11.1
20240801,102,4,5,5,1,6.2
20240801,102,5,1,5,1,53.2
20240801,102,5,2,5,1,21.8
20240801,102,5,3,5,1,12.9
20240801,102,5,4,5,1,6.9
20240801,102,5,5,5,1,3.9
20240801,102,6,1,5,1,35.5
20240801,102,6,2,5,1,14.9
20240801,102,6,3,5,1,8.8
20240801,102,6,4,5,1,4.7
20240801,102,6,5,5,1,2.7
20240801,103,1,1,5,1,640.1
20240801,103,1,2,5,1,261.5
20240801,103,1,3,5,1,150.6
20240801,103,1,4,5,1,82.6
20240801,103,1,5,5,1,47.0
20240801,103,2,1,5,1,479.0
20240801,103,2,2,5,1,198.0
20240801,103,2,3,5,1,115.7
20240801,103,2,4,5,1,62.2
20240801,103,2,5,5,1,35.2
20240801,103,3,1,5,1,376.2
20240801,103,3,2,5,1,156.3
20240801,103,3,3,5,1,89.9
20240801,103,3,4,5,1,48.3
20240801,103,3,5,5,1,28.4
20240801,103,4,1,5,1,293.6
20240801,103,4,2,5,1,120.9
20240801,103,4,3,5,1,70.1
20240801,103,4,4,5,1,38.9
20240801,103,4,5,5,1,21.5
20240801,103,5,1,5,1,189.5
20240801,103,5,2,5,1,77.2
20240801,103,5,3,5,1,45.5
20240801,103,5,4,5,1,24.2
20240801,103,5,5,5,1,14.0
20240801,103,6,1,5,1,126.0
20240801,103,6,2,5,1,52.2
20240801,103,6,3,5,1,30.0
20240801,103,6,4,5,1,16.4
20240801,103,6,5,5,1,9.5
20240801,201,1,1,1,1,-196.3
20240801,201,1,1,2,1,-92.4
20240801,201,1,2,1,1,-80.0
20240801,201,1,2,2,1,-37.6
20240801,201,1,3,1,1,-47.3
20240801,201,1,3,2,1,-22.2
20240801,201,1,4,1,1,-25.4
20240801,201,1,4,2,1,-12.0
20240801,201,1,5,1,1,-14.5
20240801,201,1,5,2,1,-6.8
20240801,201,2,1,1,1,-150.5
20240801,201,2,1,2,1,-70.8
20240801,201,2,2,1,1,-61.3
20240801,201,2,2,2,1,-28.9
20240801,201,2,3,1,1,-36.2
20240801,201,2,3,2,1,-17.0
20240801,201,2,4,1,1,-19.5
20240801,201,2,4,2,1,-9.2
20240801,201,2,5,1,1,-11.1
20240801,201,2,5,2,1,-5.2
20240801,201,3,1,1,1,-117.8
20240801,201,3,1,2,1,-55.4
20240801,201,3,2,1,1,-48.0
20240801,201,3,2,2,1,-22.6
20240801,201,3,3,1,1,-28.4
20240801,201,3,3,2,1,-13.3
20240801,201,3,4,1,1,-15.3
20240801,201,3,4,2,1,-7.2
20240801,201,3,5,1,1,-8.7
20240801,201,3,5,2,1,-4.1
20240801,201,4,1,1,1,-91.6
20240801,201,4,1,2,1,-43.1
20240801,201,4,2,1,1,-37.3
20240801,201,4,2,2,1,-17.6
20240801,201,4,3,1,1,-22.1
20240801,201,4,3,2,1,-10.4
20240801,201,4,4,1,1,-11.9
20240801,201,4,4,2,1,-5.6
20240801,201,4,5,1,1,-6.8
20240801,201,4,5,2,1,-3.2
20240801,201,5,1,1,1,-58.9
20240801,201,5,1,2,1,-27.7
20240801,201,5,2,1,1,-24.0
20240801,201,5,2,2,1,-11.3
20240801,201,5,3,1,1,-14.2
20240801,201,5,3,2,1,-6.7
20240801,201,5,4,1,1,-7.6
20240801,201,5,4,2,1,-3.6
20240801,201,5,5,1,1,-4.4
20240801,201,5,5,2,1,-2.1
20240801,201,6,1,1,1,-39.3
20240801,201,6,1,2,1,-18.5
20240801,201,6,2,1,1,-16.0
20240801,201,6,2,2,1,-7.5
20240801,201,6,3,1,1,-9.5
20240801,201,6,3,2,1,-4.4
20240801,201,6,4,1,1,-5.1
20240801,201,6,4,2,1,-2.4
20240801,201,6,5,1,1,-2.9
20240801,201,6,5,2,1,-1.4
20240801,202,1,1,1,1,-142.1
20240801,202,1,1,2,1,-66.9
20240801,202,1,2,1,1,-57.9
20240801,202,1,2,2,1,-27.3
20240801,202,1,3,1,1,-34.2
20240801,202,1,3,2,1,-16.1
20240801,202,1,4,1,1,-18.4
20240801,202,1,4,2,1,-8.7
20240801,202,1,5,1,1,-10.5
20240801,202,1,5,2,1,-5.0
20240801,202,2,1,1,1,-109.0
20240801,202,2,1,2,1,-51.3
20240801,202,2,2,1,1,-44.4
20240801,202,2,2,2,1,-20.9
20240801,202,2,3,1,1,-26.2
20240801,202,2,3,2,1,-12.3
20240801,202,2,4,1,1,-14.1
20240801,202,2,4,2,1,-6.6
20240801,202,2,5,1,1,-8.1
20240801,202,2,5,2,1,-3.8
20240801,202,3,1,1,1,-85.3
20240801,202,3,1,2,1,-40.1
20240801,202,3,2,1,1,-34.7
20240801,202,3,2,2,1,-16.4
20240801,202,3,3,1,1,-20.5
20240801,202,3,3,2,1,-9.7
20240801,202,3,4,1,1,-11.1
20240801,202,3,4,2,1,-5.2
20240801,202,3,5,1,1,-6.3
20240801,202,3,5,2,1,-3.0
20240801,202,4,1,1,1,-66.3
20240801,202,4,1,2,1,-31.2
20240801,202,4,2,1,1,-27.0
20240801,202,4,2,2,1,-12.7
20240801,202,4,3,1,1,-16.0
20240801,202,4,3,2,1,-7.5
20240801,202,4,4,1,1,-8.6
20240801,202,4,4,2,1,-4.0
20240801,202,4,5,1,1,-4.9
20240801,202,4,5,2,1,-2.3
20240801,202,5,1,1,1,-42.6
20240801,202,5,1,2,1,-20.1
20240801,202,5,2,1,1,-17.4
20240801,202,5,2,2,1,-8.2
20240801,202,5,3,1,1,-10.3
20240801,202,5,3,2,1,-4.8
20240801,202,5,4,1,1,-5.5
20240801,202,5,4,2,1,-2.6
20240801,202,5,5,1,1,-3.2
20240801,202,5,5,2,1,-1.5
20240801,202,6,1,1,1,-28.4
20240801,202,6,1,2,1,-13.4
20240801,202,6,2,1,1,-11.6
20240801,202,6,2,2,1,-5.5
20240801,202,6,3,1,1,-6.8
20240801,202,6,3,2,1,-3.2
20240801,202,6,4,1,1,-3.7
20240801,202,6,4,2,1,-1.7
20240801,202,6,5,1,1,-2.1
20240801,202,6,5,2,1,-1.0
20240801,401,1,1,3,1,-218.8
20240801,401,1,2,3,1,-89.1
20240801,401,1,3,3,1,-52.7
20240801,401,1,4,3,1,-28.4
20240801,401,1,5,3,1,-16.2
20240801,401,2,1,3,1,-167.7
20240801,401,2,2,3,1,-68.3
20240801,401,2,3,3,1,-40.4
20240801,401,2,4,3,1,-21.7
20240801,401,2,5,3,1,-12.4
20240801,401,3,1,3,1,-131.3
20240801,401,3,2,3,1,-53.5
20240801,401,3,3,3,1,-31.6
20240801,401,3,4,3,1,-17.0
20240801,401,3,5,3,1,-9.7
20240801,401,4,1,3,1,-102.1
20240801,401,4,2,3,1,-41.6
20240801,401,4,3,3,1,-24.6
20240801,401,4,4,3,1,-13.2
20240801,401,4,5,3,1,-7.6
20240801,401,5,1,3,1,-65.6
20240801,401,5,2,3,1,-26.7
20240801,401,5,3,3,1,-15.8
20240801,401,5,4,3,1,-8.5
20240801,401,5,5,3,1,-4.9
20240801,401,6,1,3,1,-43.8
20240801,401,6,2,3,1,-17.8
20240801,401,6,3,3,1,-10.5
20240801,401,6,4,3,1,-5.7
20240801,401,6,5,3,1,-3.2
20240801,401,1,1,4,1,-76.9
20240801,401,1,2,4,1,-31.3
20240801,401,1,3,4,1,-18.5
20240801,401,1,4,4,1,-10.0
20240801,401,1,5,4,1,-5.7
20240801,401,2,1,4,1,-58.9
20240801,401,2,2,4,1,-24.0
20240801,401,2,3,4,1,-14.2
20240801,401,2,4,4,1,-7.6
20240801,401,2,5,4,1,-4.4
20240801,401,3,1,4,1,-46.1
20240801,401,3,2,4,1,-18.8
20240801,401,3,3,4,1,-11.1
20240801,401,3,4,4,1,-6.0
20240801,401,3,5,4,1,-3.4
20240801,401,4,1,4,1,-35.9
20240801,401,4,2,4,1,-14.6
20240801,401,4,3,4,1,-8.6
20240801,401,4,4,4,1,-4.7
20240801,401,4,5,4,1,-2.7
20240801,401,5,1,4,1,-23.1
20240801,401,5,2,4,1,-9.4
20240801,401,5,3,4,1,-5.6
20240801,401,5,4,4,1,-3.0
20240801,401,5,5,4,1,-1.7
20240801,401,6,1,4,1,-15.4
20240801,401,6,2,4,1,-6.3
20240801,401,6,3,4,1,-3.7
20240801,401,6,4,4,1,-2.0
20240801,401,6,5,4,1,-1.1
20240801,402,1,1,5,1,-192.4
20240801,402,1,2,5,1,-78.4
20240801,402,1,3,5,1,-46.3
20240801,402,1,4,5,1,-24.9
20240801,402,1,5,5,1,-14.2
20240801,402,2,1,5,1,-147.5
20240801,402,2,2,5,1,-60.1
20240801,402,2,3,5,1,-35.5
20240801,402,2,4,5,1,-19.1
20240801,402,2,5,5,1,-10.9
20240801,402,3,1,5,1,-115.4
20240801,402,3,2,5,1,-47.0
20240801,402,3,3,5,1,-27.8
20240801,402,3,4,5,1,-15.0
20240801,402,3,5,5,1,-8.5
20240801,402,4,1,5,1,-89.8
20240801,402,4,2,5,1,-36.6
20240801,402,4,3,5,1,-21.6
20240801,402,4,4,5,1,-11.6
20240801,402,4,5,5,1,-6.6
20240801,402,5,1,5,1,-57.7
20240801,402,5,2,5,1,-23.5
20240801,402,5,3,5,1,-13.9
20240801,402,5,4,5,1,-7.5
20240801,402,5,5,5,1,-4.3
20240801,402,6,1,5,1,-38.5
20240801,402,6,2,5,1,-15.7
20240801,402,6,3,5,1,-9.3
20240801,402,6,4,5,1,-5.0
20240801,402,6,5,5,1,-2.8
20240801,402,1,1,6,1,-74.8
20240801,402,1,2,6,1,-30.5
20240801,402,1,3,6,1,-18.0
20240801,402,1,4,6,1,-9.7
20240801,402,1,5,6,1,-5.5
20240801,402,2,1,6,1,-57.4
20240801,402,2,2,6,1,-23.4
20240801,402,2,3,6,1,-13.8
20240801,402,2,4,6,1,-7.4
20240801,402,2,5,6,1,-4.2
20240801,402,3,1,6,1,-44.9
20240801,402,3,2,6,1,-18.3
20240801,402,3,3,6,1,-10.8
20240801,402,3,4,6,1,-5.8
20240801,402,3,5,6,1,-3.3
20240801,402,4,1,6,1,-34.9
20240801,402,4,2,6,1,-14.2
20240801,402,4,3,6,1,-8.4
20240801,402,4,4,6,1,-4.5
20240801,402,4,5,6,1,-2.6
20240801,402,5,1,6,1,-22.4
20240801,402,5,2,6,1,-9.1
20240801,402,5,3,6,1,-5.4
20240801,402,5,4,6,1,-2.9
20240801,402,5,5,6,1,-1.7
20240801,402,6,1,6,1,-15.0
20240801,402,6,2,6,1,-6.1
20240801,402,6,3,6,1,-3.6
20240801,402,6,4,6,1,-1.9
20240801,402,6,5,6,1,-1.1
20240801,403,1,1,7,1,-67.9
20240801,403,1,2,7,1,-27.7
20240801,403,1,3,7,1,-16.3
20240801,403,1,4,7,1,-8.8
20240801,403,1,5,7,1,-5.0
20240801,403,2,1,7,1,-52.1
20240801,403,2,2,7,1,-21.2
20240801,403,2,3,7,1,-12.5
20240801,403,2,4,7,1,-6.7
20240801,403,2,5,7,1,-3.9
20240801,403,3,1,7,1,-40.7
20240801,403,3,2,7,1,-16.6
20240801,403,3,3,7,1,-9.8
20240801,403,3,4,7,1,-5.3
20240801,403,3,5,7,1,-3.0
20240801,403,4,1,7,1,-31.7
20240801,403,4,2,7,1,-12.9
20240801,403,4,3,7,1,-7.6
20240801,403,4,4,7,1,-4.1
20240801,403,4,5,7,1,-2.3
20240801,403,5,1,7,1,-20.4
20240801,403,5,2,7,1,-8.3
20240801,403,5,3,7,1,-4.9
20240801,403,5,4,7,1,-2.6
20240801,403,5,5,7,1,-1.5
20240801,403,6,1,7,1,-13.6
20240801,403,6,2,7,1,-5.5
20240801,403,6,3,7,1,-3.3
20240801,403,6,4,7,1,-1.8
20240801,403,6,5,7,1,-1.0
20240801,403,1,1,8,1,-49.2
20240801,403,1,2,8,1,-20.0
20240801,403,1,3,8,1,-11.8
20240801,403,1,4,8,1,-6.4
20240801,403,1,5,8,1,-3.6
20240801,403,2,1,8,1,-37.7
20240801,403,2,2,8,1,-15.4
20240801,403,2,3,8,1,-9.1
20240801,403,2,4,8,1,-4.9
20240801,403,2,5,8,1,-2.8
20240801,403,3,1,8,1,-29.5
20240801,403,3,2,8,1,-12.0
20240801,403,3,3,8,1,-7.1
20240801,403,3,4,8,1,-3.8
20240801,403,3,5,8,1,-2.2
20240801,403,4,1,8,1,-22.9
20240801,403,4,2,8,1,-9.3
20240801,403,4,3,8,1,-5.5
20240801,403,4,4,8,1,-3.0
20240801,403,4,5,8,1,-1.7
20240801,403,5,1,8,1,-14.8
20240801,403,5,2,8,1,-6.0
20240801,403,5,3,8,1,-3.6
20240801,403,5,4,8,1,-1.9
20240801,403,5,5,8,1,-1.1
20240801,403,6,1,8,1,-9.8
20240801,403,6,2,8,1,-4.0
20240801,403,6,3,8,1,-2.4
20240801,403,6,4,8,1,-1.3
20240801,403,6,5,8,1,-0.7
20240801,404,1,1,7,1,-19.5
20240801,404,1,2,7,1,-7.9
20240801,404,1,3,7,1,-4.7
20240801,404,1,4,7,1,-2.5
20240801,404,1,5,7,1,-1.4
20240801,404,2,1,7,1,-15.0
20240801,404,2,2,7,1,-6.1
20240801,404,2,3,7,1,-3.6
20240801,404,2,4,7,1,-1.9
20240801,404,2,5,7,1,-1.1
20240801,404,3,1,7,1,-11.7
20240801,404,3,2,7,1,-4.8
20240801,404,3,3,7,1,-2.8
20240801,404,3,4,7,1,-1.5
20240801,404,3,5,7,1,-0.9
20240801,404,4,1,7,1,-9.1
20240801,404,4,2,7,1,-3.7
20240801,404,4,3,7,1,-2.2
20240801,404,4,4,7,1,-1.2
20240801,404,4,5,7,1,-0.7
20240801,404,5,1,7,1,-5.9
20240801,404,5,2,7,1,-2.4
20240801,404,5,3,7,1,-1.4
20240801,404,5,4,7,1,-0.8
20240801,404,5,5,7,1,-0.4
20240801,404,6,1,7,1,-3.9
20240801,404,6,2,7,1,-1.6
20240801,404,6,3,7,1,-0.9
20240801,404,6,4,7,1,-0.5
20240801,404,6,5,7,1,-0.3
20240801,404,1,1,8,1,-19.5
20240801,404,1,2,8,1,-7.9
20240801,404,1,3,8,1,-4.7
20240801,404,1,4,8,1,-2.5
20240801,404,1,5,8,1,-1.4
20240801,404,2,1,8,1,-15.0
20240801,404,2,2,8,1,-6.1
20240801,404,2,3,8,1,-3.6
20240801,404,2,4,8,1,-1.9
20240801,404,2,5,8,1,-1.1
20240801,404,3,1,8,1,-11.7
20240801,404,3,2,8,1,-4.8
20240801,404,3,3,8,1,-2.8
20240801,404,3,4,8,1,-1.5
20240801,404,3,5,8,1,-0.9
20240801,404,4,1,8,1,-9.1
20240801,404,4,2,8,1,-3.7
20240801,404,4,3,8,1,-2.2
20240801,404,4,4,8,1,-1.2
20240801,404,4,5,8,1,-0.7
20240801,404,5,1,8,1,-5.9
20240801,404,5,2,8,1,-2.4
20240801,404,5,3,8,1,-1.4
20240801,404,5,4,8,1,-0.8
20240801,404,5,5,8,1,-0.4
20240801,404,6,1,8,1,-3.9
20240801,404,6,2,8,1,-1.6
20240801,404,6,3,8,1,-0.9
20240801,404,6,4,8,1,-0.5
20240801,404,6,5,8,1,-0.3
20240801,301,1,1,7,1,6192.6
20240801,501,1,1,7,1,1995.6
20240801,502,1,1,7,1,1754.7
20240801,503,1,1,7,1,-83.4
20240801,504,1,1,7,1,1320.3
20240801,601,1,1,7,1,1912.2
20240801,602,1,1,7,1,-379.9
20240801,603,1,1,7,1,71132.3
20240901,101,1,1,5,1,713.8
20240901,101,1,2,5,1,294.4
20240901,101,1,3,5,1,176.1
20240901,101,1,4,5,1,95.2
20240901,101,1,5,5,1,53.6
20240901,101,2,1,5,1,554.4
20240901,101,2,2,5,1,225.2
20240901,101,2,3,5,1,132.7
20240901,101,2,4,5,1,70.9
20240901,101,2,5,5,1,41.6
20240901,101,3,1,5,1,433.0
20240901,101,3,2,5,1,176.0
20240901,101,3,3,5,1,104.6
20240901,101,3,4,5,1,55.3
20240901,101,3,5,5,1,32.5
20240901,101,4,1,5,1,337.6
20240901,101,4,2,5,1,136.7
20240901,101,4,3,5,1,81.5
20240901,101,4,4,5,1,44.1
20240901,101,4,5,5,1,25.2
20240901,101,5,1,5,1,218.3
20240901,101,5,2,5,1,88.4
20240901,101,5,3,5,1,52.6
20240901,101,5,4,5,1,27.8
20240901,101,5,5,5,1,16.2
20240901,101,6,1,5,1,142.7
20240901,101,6,2,5,1,58.2
20240901,101,6,3,5,1,35.0
20240901,101,6,4,5,1,18.7
20240901,101,6,5,5,1,10.5
20240901,102,1,1,5,1,189.1
20240901,102,1,2,5,1,77.9
20240901,102,1,3,5,1,45.0
20240901,102,1,4,5,1,24.6
20240901,102,1,5,5,1,14.1
20240901,102,2,1,5,1,144.9
20240901,102,2,2,5,1,58.7
20240901,102,2,3,5,1,35.3
20240901,102,2,4,5,1,18.6
20240901,102,2,5,5,1,10.7
20240901,102,3,1,5,1,112.4
20240901,102,3,2,5,1,45.6
20240901,102,3,3,5,1,26.9
20240901,102,3,4,5,1,14.4
20240901,102,3,5,5,1,8.5
20240901,102,4,1,5,1,86.3
20240901,102,4,2,5,1,35.4
20240901,102,4,3,5,1,21.0
20240901,102,4,4,5,1,11.3
20240901,102,4,5,5,1,6.5
20240901,102,5,1,5,1,56.0
20240901,102,5,2,5,1,22.9
20240901,102,5,3,5,1,13.6
20240901,102,5,4,5,1,7.2
20240901,102,5,5,5,1,4.2
20240901,102,6,1,5,1,37.8
20240901,102,6,2,5,1,15.2
20240901,102,6,3,5,1,9.0
20240901,102,6,4,5,1,4.9
20240901,102,6,5,5,1,2.7
20240901,103,1,1,5,1,649.7
20240901,103,1,2,5,1,263.6
20240901,103,1,3,5,1,159.5
20240901,103,1,4,5,1,84.9
20240901,103,1,5,5,1,48.1
20240901,103,2,1,5,1,506.7
20240901,103,2,2,5,1,205.1
20240901,103,2,3,5,1,120.9
20240901,103,2,4,5,1,65.8
20240901,103,2,5,5,1,38.0
20240901,103,3,1,5,1,399.6
20240901,103,3,2,5,1,162.0
20240901,103,3,3,5,1,94.8
20240901,103,3,4,5,1,50.4
20240901,103,3,5,5,1,29.0
20240901,103,4,1,5,1,310.1
20240901,103,4,2,5,1,124.8
20240901,103,4,3,5,1,72.7
20240901,103,4,4,5,1,39.3
20240901,103,4,5,5,1,22.8
20240901,103,5,1,5,1,197.3
20240901,103,5,2,5,1,79.1
20240901,103,5,3,5,1,46.8
20240901,103,5,4,5,1,25.3
20240901,103,5,5,5,1,14.8
20240901,103,6,1,5,1,131.9
20240901,103,6,2,5,1,53.2
20240901,103,6,3,5,1,31.3
20240901,103,6,4,5,1,17.3
20240901,103,6,5,5,1,9.9
20240901,201,1,1,1,1,-203.8
20240901,201,1,1,2,1,-95.9
20240901,201,1,2,1,1,-83.0
20240901,201,1,2,2,1,-39.1
20240901,201,1,3,1,1,-49.1
20240901,201,1,3,2,1,-23.1
20240901,201,1,4,1,1,-26.4
20240901,201,1,4,2,1,-12.4
20240901,201,1,5,1,1,-15.1
20240901,201,1,5,2,1,-7.1
20240901,201,2,1,1,1,-156.3
20240901,201,2,1,2,1,-73.5
20240901,201,2,2,1,1,-63.7
20240901,201,2,2,2,1,-30.0
20240901,201,2,3,1,1,-37.6
20240901,201,2,3,2,1,-17.7
20240901,201,2,4,1,1,-20.3
20240901,201,2,4,2,1,-9.5
20240901,201,2,5,1,1,-11.6
20240901,201,2,5,2,1,-5.4
20240901,201,3,1,1,1,-122.3
20240901,201,3,1,2,1,-57.6
20240901,201,3,2,1,1,-49.8
20240901,201,3,2,2,1,-23.4
20240901,201,3,3,1,1,-29.4
20240901,201,3,3,2,1,-13.9
20240901,201,3,4,1,1,-15.9
20240901,201,3,4,2,1,-7.5
20240901,201,3,5,1,1,-9.1
20240901,201,3,5,2,1,-4.3
20240901,201,4,1,1,1,-95.1
20240901,201,4,1,2,1,-44.8
20240901,201,4,2,1,1,-38.8
20240901,201,4,2,2,1,-18.2
20240901,201,4,3,1,1,-22.9
20240901,201,4,3,2,1,-10.8
20240901,201,4,4,1,1,-12.3
20240901,201,4,4,2,1,-5.8
20240901,201,4,5,1,1,-7.0
20240901,201,4,5,2,1,-3.3
20240901,201,5,1,1,1,-61.2
20240901,201,5,1,2,1,-28.8
20240901,201,5,2,1,1,-24.9
20240901,201,5,2,2,1,-11.7
20240901,201,5,3,1,1,-14.7
20240901,201,5,3,2,1,-6.9
20240901,201,5,4,1,1,-7.9
20240901,201,5,4,2,1,-3.7
20240901,201,5,5,1,1,-4.5
20240901,201,5,5,2,1,-2.1
20240901,201,6,1,1,1,-40.8
20240901,201,6,1,2,1,-19.2
20240901,201,6,2,1,1,-16.6
20240901,201,6,2,2,1,-7.8
20240901,201,6,3,1,1,-9.8
20240901,201,6,3,2,1,-4.6
20240901,201,6,4,1,1,-5.3
20240901,201,6,4,2,1,-2.5
20240901,201,6,5,1,1,-3.0
20240901,201,6,5,2,1,-1.4
20240901,202,1,1,1,1,-147.6
20240901,202,1,1,2,1,-69.5
20240901,202,1,2,1,1,-60.1
20240901,202,1,2,2,1,-28.3
20240901,202,1,3,1,1,-35.5
20240901,202,1,3,2,1,-16.7
20240901,202,1,4,1,1,-19.1
20240901,202,1,4,2,1,-9.0
20240901,202,1,5,1,1,-10.9
20240901,202,1,5,2,1,-5.1
20240901,202,2,1,1,1,-113.2
20240901,202,2,1,2,1,-53.3
20240901,202,2,2,1,1,-46.1
20240901,202,2,2,2,1,-21.7
20240901,202,2,3,1,1,-27.2
20240901,202,2,3,2,1,-12.8
20240901,202,2,4,1,1,-14.7
20240901,202,2,4,2,1,-6.9
20240901,202,2,5,1,1,-8.4
20240901,202,2,5,2,1,-3.9
20240901,202,3,1,1,1,-88.6
20240901,202,3,1,2,1,-41.7
20240901,202,3,2,1,1,-36.1
20240901,202,3,2,2,1,-17.0
20240901,202,3,3,1,1,-21.3
20240901,202,3,3,2,1,-10.0
20240901,202,3,4,1,1,-11.5
20240901,202,3,4,2,1,-5.4
20240901,202,3,5,1,1,-6.6
20240901,202,3,5,2,1,-3.1
20240901,202,4,1,1,1,-68.9
20240901,202,4,1,2,1,-32.4
20240901,202,4,2,1,1,-28.1
20240901,202,4,2,2,1,-13.2
20240901,202,4,3,1,1,-16.6
20240901,202,4,3,2,1,-7.8
20240901,202,4,4,1,1,-8.9
20240901,202,4,4,2,1,-4.2
20240901,202,4,5,1,1,-5.1
20240901,202,4,5,2,1,-2.4
20240901,202,5,1,1,1,-44.3
20240901,202,5,1,2,1,-20.8
20240901,202,5,2,1,1,-18.0
20240901,202,5,2,2,1,-8.5
20240901,202,5,3,1,1,-10.7
20240901,202,5,3,2,1,-5.0
20240901,202,5,4,1,1,-5.7
20240901,202,5,4,2,1,-2.7
20240901,202,5,5,1,1,-3.3
20240901,202,5,5,2,1,-1.5
20240901,202,6,1,1,1,-29.5
20240901,202,6,1,2,1,-13.9
20240901,202,6,2,1,1,-12.0
20240901,202,6,2,2,1,-5.7
20240901,202,6,3,1,1,-7.1
20240901,202,6,3,2,1,-3.3
20240901,202,6,4,1,1,-3.8
20240901,202,6,4,2,1,-1.8
20240901,202,6,5,1,1,-2.2
20240901,202,6,5,2,1,-1.0
20240901,401,1,1,3,1,-228.3
20240901,401,1,2,3,1,-93.0
20240901,401,1,3,3,1,-55.0
20240901,401,1,4,3,1,-29.6
20240901,401,1,5,3,1,-16.9
20240901,401,2,1,3,1,-175.1
20240901,401,2,2,3,1,-71.3
20240901,401,2,3,3,1,-42.1
20240901,401,2,4,3,1,-22.7
20240901,401,2,5,3,1,-13.0
20240901,401,3,1,3,1,-137.0
20240901,401,3,2,3,1,-55.8
20240901,401,3,3,3,1,-33.0
20240901,401,3,4,3,1,-17.8
20240901,401,3,5,3,1,-10.1
20240901,401,4,1,3,1,-106.6
20240901,401,4,2,3,1,-43.4
20240901,401,4,3,3,1,-25.7
20240901,401,4,4,3,1,-13.8
20240901,401,4,5,3,1,-7.9
20240901,401,5,1,3,1,-68.5
20240901,401,5,2,3,1,-27.9
20240901,401,5,3,3,1,-16.5
20240901,401,5,4,3,1,-8.9
20240901,401,5,5,3,1,-5.1
20240901,401,6,1,3,1,-45.7
20240901,401,6,2,3,1,-18.6
20240901,401,6,3,3,1,-11.0
20240901,401,6,4,3,1,-5.9
20240901,401,6,5,3,1,-3.4
20240901,401,1,1,4,1,-80.2
20240901,401,1,2,4,1,-32.7
20240901,401,1,3,4,1,-19.3
20240901,401,1,4,4,1,-10.4
20240901,401,1,5,4,1,-5.9
20240901,401,2,1,4,1,-61.5
20240901,401,2,2,4,1,-25.1
20240901,401,2,3,4,1,-14.8
20240901,401,2,4,4,1,-8.0
20240901,401,2,5,4,1,-4.6
20240901,401,3,1,4,1,-48.1
20240901,401,3,2,4,1,-19.6
20240901,401,3,3,4,1,-11.6
20240901,401,3,4,4,1,-6.2
20240901,401,3,5,4,1,-3.6
20240901,401,4,1,4,1,-37.4
20240901,401,4,2,4,1,-15.3
20240901,401,4,3,4,1,-9.0
20240901,401,4,4,4,1,-4.9
20240901,401,4,5,4,1,-2.8
20240901,401,5,1,4,1,-24.1
20240901,401,5,2,4,1,-9.8
20240901,401,5,3,4,1,-5.8
20240901,401,5,4,4,1,-3.1
20240901,401,5,5,4,1,-1.8
20240901,401,6,1,4,1,-16.0
20240901,401,6,2,4,1,-6.5
20240901,401,6,3,4,1,-3.9
20240901,401,6,4,4,1,-2.1
20240901,401,6,5,4,1,-1.2
20240901,402,1,1,5,1,-200.7
20240901,402,1,2,5,1,-81.8
20240901,402,1,3,5,1,-48.3
20240901,402,1,4,5,1,-26.0
20240901,402,1,5,5,1,-14.9
20240901,402,2,1,5,1,-153.9
20240901,402,2,2,5,1,-62.7
20240901,402,2,3,5,1,-37.0
20240901,402,2,4,5,1,-19.9
20240901,402,2,5,5,1,-11.4
20240901,402,3,1,5,1,-120.4
20240901,402,3,2,5,1,-49.1
20240901,402,3,3,5,1,-29.0
20240901,402,3,4,5,1,-15.6
20240901,402,3,5,5,1,-8.9
20240901,402,4,1,5,1,-93.7
20240901,402,4,2,5,1,-38.2
20240901,402,4,3,5,1,-22.6
20240901,402,4,4,5,1,-12.1
20240901,402,4,5,5,1,-6.9
20240901,402,5,1,5,1,-60.2
20240901,402,5,2,5,1,-24.5
20240901,402,5,3,5,1,-14.5
20240901,402,5,4,5,1,-7.8
20240901,402,5,5,5,1,-4.5
20240901,402,6,1,5,1,-40.1
20240901,402,6,2,5,1,-16.4
20240901,402,6,3,5,1,-9.7
20240901,402,6,4,5,1,-5.2
20240901,402,6,5,5,1,-3.0
20240901,402,1,1,6,1,-78.1
20240901,402,1,2,6,1,-31.8
20240901,402,1,3,6,1,-18.8
20240901,402,1,4,6,1,-10.1
20240901,402,1,5,6,1,-5.8
20240901,402,2,1,6,1,-59.8
20240901,402,2,2,6,1,-24.4
20240901,402,2,3,6,1,-14.4
20240901,402,2,4,6,1,-7.8
20240901,402,2,5,6,1,-4.4
20240901,402,3,1,6,1,-46.8
20240901,402,3,2,6,1,-19.1
20240901,402,3,3,6,1,-11.3
20240901,402,3,4,6,1,-6.1
20240901,402,3,5,6,1,-3.5
20240901,402,4,1,6,1,-36.4
20240901,402,4,2,6,1,-14.8
20240901,402,4,3,6,1,-8.8
20240901,402,4,4,6,1,-4.7
20240901,402,4,5,6,1,-2.7
20240901,402,5,1,6,1,-23.4
20240901,402,5,2,6,1,-9.5
20240901,402,5,3,6,1,-5.6
20240901,402,5,4,6,1,-3.0
20240901,402,5,5,6,1,-1.7
20240901,402,6,1,6,1,-15.6
20240901,402,6,2,6,1,-6.4
20240901,402,6,3,6,1,-3.8
20240901,402,6,4,6,1,-2.0
20240901,402,6,5,6,1,-1.2
20240901,403,1,1,7,1,-70.9
20240901,403,1,2,7,1,-28.9
20240901,403,1,3,7,1,-17.1
20240901,403,1,4,7,1,-9.2
20240901,403,1,5,7,1,-5.2
20240901,403,2,1,7,1,-54.3
20240901,403,2,2,7,1,-22.1
20240901,403,2,3,7,1,-13.1
20240901,403,2,4,7,1,-7.0
20240901,403,2,5,7,1,-4.0
20240901,403,3,1,7,1,-42.5
20240901,403,3,2,7,1,-17.3
20240901,403,3,3,7,1,-10.2
20240901,403,3,4,7,1,-5.5
20240901,403,3,5,7,1,-3.1
20240901,403,4,1,7,1,-33.1
20240901,403,4,2,7,1,-13.5
20240901,403,4,3,7,1,-8.0
20240901,403,4,4,7,1,-4.3
20240901,403,4,5,7,1,-2.4
20240901,403,5,1,7,1,-21.3
20240901,403,5,2,7,1,-8.7
20240901,403,5,3,7,1,-5.1
20240901,403,5,4,7,1,-2.8
20240901,403,5,5,7,1,-1.6
20240901,403,6,1,7,1,-14.2
20240901,403,6,2,7,1,-5.8
20240901,403,6,3,7,1,-3.4
20240901,403,6,4,7,1,-1.8
20240901,403,6,5,7,1,-1.0
20240901,403,1,1,8,1,-51.3
20240901,403,1,2,8,1,-20.9
20240901,403,1,3,8,1,-12.4
20240901,403,1,4,8,1,-6.7
20240901,403,1,5,8,1,-3.8
20240901,403,2,1,8,1,-39.3
20240901,403,2,2,8,1,-16.0
20240901,403,2,3,8,1,-9.5
20240901,403,2,4,8,1,-5.1
20240901,403,2,5,8,1,-2.9
20240901,403,3,1,8,1,-30.8
20240901,403,3,2,8,1,-12.5
20240901,403,3,3,8,1,-7.4
20240901,403,3,4,8,1,-4.0
20240901,403,3,5,8,1,-2.3
20240901,403,4,1,8,1,-23.9
20240901,403,4,2,8,1,-9.8
20240901,403,4,3,8,1,-5.8
20240901,403,4,4,8,1,-3.1
20240901,403,4,5,8,1,-1.8
20240901,403,5,1,8,1,-15.4
20240901,403,5,2,8,1,-6.3
20240901,403,5,3,8,1,-3.7
20240901,403,5,4,8,1,-2.0
20240901,403,5,5,8,1,-1.1
20240901,403,6,1,8,1,-10.3
20240901,403,6,2,8,1,-4.2
20240901,403,6,3,8,1,-2.5
20240901,403,6,4,8,1,-1.3
20240901,403,6,5,8,1,-0.8
20240901,404,1,1,7,1,-20.4
20240901,404,1,2,7,1,-8.3
20240901,404,1,3,7,1,-4.9
20240901,404,1,4,7,1,-2.6
20240901,404,1,5,7,1,-1.5
20240901,404,2,1,7,1,-15.6
20240901,404,2,2,7,1,-6.4
20240901,404,2,3,7,1,-3.8
20240901,404,2,4,7,1,-2.0
20240901,404,2,5,7,1,-1.2
20240901,404,3,1,7,1,-12.2
20240901,404,3,2,7,1,-5.0
20240901,404,3,3,7,1,-2.9
20240901,404,3,4,7,1,-1.6
20240901,404,3,5,7,1,-0.9
20240901,404,4,1,7,1,-9.5
20240901,404,4,2,7,1,-3.9
20240901,404,4,3,7,1,-2.3
20240901,404,4,4,7,1,-1.2
20240901,404,4,5,7,1,-0.7
20240901,404,5,1,7,1,-6.1
20240901,404,5,2,7,1,-2.5
20240901,404,5,3,7,1,-1.5
20240901,404,5,4,7,1,-0.8
20240901,404,5,5,7,1,-0.5
20240901,404,6,1,7,1,-4.1
20240901,404,6,2,7,1,-1.7
20240901,404,6,3,7,1,-1.0
20240901,404,6,4,7,1,-0.5
20240901,404,6,5,7,1,-0.3
20240901,404,1,1,8,1,-20.4
20240901,404,1,2,8,1,-8.3
20240901,404,1,3,8,1,-4.9
20240901,404,1,4,8,1,-2.6
20240901,404,1,5,8,1,-1.5
20240901,404,2,1,8,1,-15.6
20240901,404,2,2,8,1,-6.4
20240901,404,2,3,8,1,-3.8
20240901,404,2,4,8,1,-2.0
20240901,404,2,5,8,1,-1.2
20240901,404,3,1,8,1,-12.2
20240901,404,3,2,8,1,-5.0
20240901,404,3,3,8,1,-2.9
20240901,404,3,4,8,1,-1.6
20240901,404,3,5,8,1,-0.9
20240901,404,4,1,8,1,-9.5
20240901,404,4,2,8,1,-3.9
20240901,404,4,3,8,1,-2.3
20240901,404,4,4,8,1,-1.2
20240901,404,4,5,8,1,-0.7
20240901,404,5,1,8,1,-6.1
20240901,404,5,2,8,1,-2.5
20240901,404,5,3,8,1,-1.5
20240901,404,5,4,8,1,-0.8
20240901,404,5,5,8,1,-0.5
20240901,404,6,1,8,1,-4.1
20240901,404,6,2,8,1,-1.7
20240901,404,6,3,8,1,-1.0
20240901,404,6,4,8,1,-0.5
20240901,404,6,5,8,1,-0.3
20240901,301,1,1,7,1,6477.7
20240901,501,1,1,7,1,2098.0
20240901,502,1,1,7,1,1846.6
20240901,503,1,1,7,1,-87.0
20240901,504,1,1,7,1,1390.1
20240901,601,1,1,7,1,2011.0
20240901,602,1,1,7,1,-396.4
20240901,603,1,1,7,1,72164.6
20240101,101,1,1,5,2,601.2
20240101,101,1,2,5,2,242.9
20240101,101,1,3,5,2,143.5
20240101,101,1,4,5,2,78.0
20240101,101,1,5,5,2,44.4
20240101,101,2,1,5,2,457.8
20240101,101,2,2,5,2,190.6
20240101,101,2,3,5,2,111.2
20240101,101,2,4,5,2,59.2
20240101,101,2,5,5,2,34.1
20240101,101,3,1,5,2,366.0
20240101,101,3,2,5,2,148.6
20240101,101,3,3,5,2,86.2
20240101,101,3,4,5,2,47.4
20240101,101,3,5,5,2,26.3
20240101,101,4,1,5,2,282.2
20240101,101,4,2,5,2,114.2
20240101,101,4,3,5,2,68.4
20240101,101,4,4,5,2,35.8
20240101,101,4,5,5,2,20.7
20240101,101,5,1,5,2,178.5
20240101,101,5,2,5,2,73.8
20240101,101,5,3,5,2,43.7
20240101,101,5,4,5,2,23.0
20240101,101,5,5,5,2,13.2
20240101,101,6,1,5,2,117.9
20240101,101,6,2,5,2,48.1
20240101,101,6,3,5,2,28.6
20240101,101,6,4,5,2,15.8
20240101,101,6,5,5,2,8.8
20240101,102,1,1,5,2,155.3
20240101,102,1,2,5,2,64.4
20240101,102,1,3,5,2,37.3
20240101,102,1,4,5,2,20.1
20240101,102,1,5,5,2,11.7
20240101,102,2,1,5,2,121.2
20240101,102,2,2,5,2,48.8
20240101,102,2,3,5,2,29.2
20240101,102,2,4,5,2,15.8
20240101,102,2,5,5,2,8.9
20240101,102,3,1,5,2,95.4
20240101,102,3,2,5,2,38.8
20240101,102,3,3,5,2,22.7
20240101,102,3,4,5,2,12.3
20240101,102,3,5,5,2,6.9
20240101,102,4,1,5,2,72.5
20240101,102,4,2,5,2,29.5
20240101,102,4,3,5,2,17.4
20240101,102,4,4,5,2,9.4
20240101,102,4,5,5,2,5.4
20240101,102,5,1,5,2,46.5
20240101,102,5,2,5,2,19.3
20240101,102,5,3,5,2,11.4
20240101,102,5,4,5,2,6.1
20240101,102,5,5,5,2,3.5
20240101,102,6,1,5,2,31.5
20240101,102,6,2,5,2,12.7
20240101,102,6,3,5,2,7.6
20240101,102,6,4,5,2,4.0
20240101,102,6,5,5,2,2.3
20240101,103,1,1,5,2,549.8
20240101,103,1,2,5,2,226.6
20240101,103,1,3,5,2,133.8
20240101,103,1,4,5,2,71.6
20240101,103,1,5,5,2,40.4
20240101,103,2,1,5,2,412.6
20240101,103,2,2,5,2,168.3
20240101,103,2,3,5,2,100.8
20240101,103,2,4,5,2,54.1
20240101,103,2,5,5,2,30.6
20240101,103,3,1,5,2,323.5
20240101,103,3,2,5,2,132.8
20240101,103,3,3,5,2,80.1
20240101,103,3,4,5,2,42.9
20240101,103,3,5,5,2,24.5
20240101,103,4,1,5,2,252.0
20240101,103,4,2,5,2,103.0
20240101,103,4,3,5,2,61.9
20240101,103,4,4,5,2,33.2
20240101,103,4,5,5,2,19.0
20240101,103,5,1,5,2,166.7
20240101,103,5,2,5,2,67.5
20240101,103,5,3,5,2,39.7
20240101,103,5,4,5,2,21.6
20240101,103,5,5,5,2,12.0
20240101,103,6,1,5,2,111.2
20240101,103,6,2,5,2,43.9
20240101,103,6,3,5,2,26.3
20240101,103,6,4,5,2,14.3
20240101,103,6,5,5,2,8.0
20240101,201,1,1,1,2,-181.2
20240101,201,1,1,2,2,-85.2
20240101,201,1,2,1,2,-73.8
20240101,201,1,2,2,2,-34.7
20240101,201,1,3,1,2,-43.6
20240101,201,1,3,2,2,-20.5
20240101,201,1,4,1,2,-23.5
20240101,201,1,4,2,2,-11.1
20240101,201,1,5,1,2,-13.4
20240101,201,1,5,2,2,-6.3
20240101,201,2,1,1,2,-138.9
20240101,201,2,1,2,2,-65.4
20240101,201,2,2,1,2,-56.6
20240101,201,2,2,2,2,-26.6
20240101,201,2,3,1,2,-33.4
20240101,201,2,3,2,2,-15.7
20240101,201,2,4,1,2,-18.0
20240101,201,2,4,2,2,-8.5
20240101,201,2,5,1,2,-10.3
20240101,201,2,5,2,2,-4.8
20240101,201,3,1,1,2,-108.7
20240101,201,3,1,2,2,-51.1
20240101,201,3,2,1,2,-44.3
20240101,201,3,2,2,2,-20.8
20240101,201,3,3,1,2,-26.2
20240101,201,3,3,2,2,-12.3
20240101,201,3,4,1,2,-14.1
20240101,201,3,4,2,2,-6.6
20240101,201,3,5,1,2,-8.1
20240101,201,3,5,2,2,-3.8
20240101,201,4,1,1,2,-84.5
20240101,201,4,1,2,2,-39.8
20240101,201,4,2,1,2,-34.4
20240101,201,4,2,2,2,-16.2
20240101,201,4,3,1,2,-20.4
20240101,201,4,3,2,2,-9.6
20240101,201,4,4,1,2,-11.0
20240101,201,4,4,2,2,-5.2
20240101,201,4,5,1,2,-6.3
20240101,201,4,5,2,2,-2.9
20240101,201,5,1,1,2,-54.3
20240101,201,5,1,2,2,-25.6
20240101,201,5,2,1,2,-22.1
20240101,201,5,2,2,2,-10.4
20240101,201,5,3,1,2,-13.1
20240101,201,5,3,2,2,-6.2
20240101,201,5,4,1,2,-7.0
20240101,201,5,4,2,2,-3.3
20240101,201,5,5,1,2,-4.0
20240101,201,5,5,2,2,-1.9
20240101,201,6,1,1,2,-36.2
20240101,201,6,1,2,2,-17.0
20240101,201,6,2,1,2,-14.8
20240101,201,6,2,2,2,-6.9
20240101,201,6,3,1,2,-8.7
20240101,201,6,3,2,2,-4.1
20240101,201,6,4,1,2,-4.7
20240101,201,6,4,2,2,-2.2
20240101,201,6,5,1,2,-2.7
20240101,201,6,5,2,2,-1.3
20240101,202,1,1,1,2,-131.2
20240101,202,1,1,2,2,-61.7
20240101,202,1,2,1,2,-53.4
20240101,202,1,2,2,2,-25.2
20240101,202,1,3,1,2,-31.6
20240101,202,1,3,2,2,-14.9
20240101,202,1,4,1,2,-17.0
20240101,202,1,4,2,2,-8.0
20240101,202,1,5,1,2,-9.7
20240101,202,1,5,2,2,-4.6
20240101,202,2,1,1,2,-100.6
20240101,202,2,1,2,2,-47.3
20240101,202,2,2,1,2,-41.0
20240101,202,2,2,2,2,-19.3
20240101,202,2,3,1,2,-24.2
20240101,202,2,3,2,2,-11.4
20240101,202,2,4,1,2,-13.0
20240101,202,2,4,2,2,-6.1
20240101,202,2,5,1,2,-7.4
20240101,202,2,5,2,2,-3.5
20240101,202,3,1,1,2,-78.7
20240101,202,3,1,2,2,-37.0
20240101,202,3,2,1,2,-32.1
20240101,202,3,2,2,2,-15.1
20240101,202,3,3,1,2,-18.9
20240101,202,3,3,2,2,-8.9
20240101,202,3,4,1,2,-10.2
20240101,202,3,4,2,2,-4.8
20240101,202,3,5,1,2,-5.8
20240101,202,3,5,2,2,-2.7
20240101,202,4,1,1,2,-61.2
20240101,202,4,1,2,2,-28.8
20240101,202,4,2,1,2,-24.9
20240101,202,4,2,2,2,-11.7
20240101,202,4,3,1,2,-14.7
20240101,202,4,3,2,2,-6.9
20240101,202,4,4,1,2,-7.9
20240101,202,4,4,2,2,-3.7
20240101,202,4,5,1,2,-4.5
20240101,202,4,5,2,2,-2.1
20240101,202,5,1,1,2,-39.4
20240101,202,5,1,2,2,-18.5
20240101,202,5,2,1,2,-16.0
20240101,202,5,2,2,2,-7.5
20240101,202,5,3,1,2,-9.5
20240101,202,5,3,2,2,-4.5
20240101,202,5,4,1,2,-5.1
20240101,202,5,4,2,2,-2.4
20240101,202,5,5,1,2,-2.9
20240101,202,5,5,2,2,-1.4
20240101,202,6,1,1,2,-26.2
20240101,202,6,1,2,2,-12.3
20240101,202,6,2,1,2,-10.7
20240101,202,6,2,2,2,-5.0
20240101,202,6,3,1,2,-6.3
20240101,202,6,3,2,2,-3.0
20240101,202,6,4,1,2,-3.4
20240101,202,6,4,2,2,-1.6
20240101,202,6,5,1,2,-1.9
20240101,202,6,5,2,2,-0.9
20240101,401,1,1,3,2,-197.8
20240101,401,1,2,3,2,-80.6
20240101,401,1,3,3,2,-47.6
20240101,401,1,4,3,2,-25.6
20240101,401,1,5,3,2,-14.7
20240101,401,2,1,3,2,-151.7
20240101,401,2,2,3,2,-61.8
20240101,401,2,3,3,2,-36.5
20240101,401,2,4,3,2,-19.7
20240101,401,2,5,3,2,-11.2
20240101,401,3,1,3,2,-118.7
20240101,401,3,2,3,2,-48.4
20240101,401,3,3,3,2,-28.6
20240101,401,3,4,3,2,-15.4
20240101,401,3,5,3,2,-8.8
20240101,401,4,1,3,2,-92.3
20240101,401,4,2,3,2,-37.6
20240101,401,4,3,3,2,-22.2
20240101,401,4,4,3,2,-12.0
20240101,401,4,5,3,2,-6.8
20240101,401,5,1,3,2,-59.4
20240101,401,5,2,3,2,-24.2
20240101,401,5,3,3,2,-14.3
20240101,401,5,4,3,2,-7.7
20240101,401,5,5,3,2,-4.4
20240101,401,6,1,3,2,-39.6
20240101,401,6,2,3,2,-16.1
20240101,401,6,3,3,2,-9.5
20240101,401,6,4,3,2,-5.1
20240101,401,6,5,3,2,-2.9
20240101,401,1,1,4,2,-69.5
20240101,401,1,2,4,2,-28.3
20240101,401,1,3,4,2,-16.7
20240101,401,1,4,4,2,-9.0
20240101,401,1,5,4,2,-5.1
20240101,401,2,1,4,2,-53.3
20240101,401,2,2,4,2,-21.7
20240101,401,2,3,4,2,-12.8
20240101,401,2,4,4,2,-6.9
20240101,401,2,5,4,2,-3.9
20240101,401,3,1,4,2,-41.7
20240101,401,3,2,4,2,-17.0
20240101,401,3,3,4,2,-10.0
20240101,401,3,4,4,2,-5.4
20240101,401,3,5,4,2,-3.1
20240101,401,4,1,4,2,-32.4
20240101,401,4,2,4,2,-13.2
20240101,401,4,3,4,2,-7.8
20240101,401,4,4,4,2,-4.2
20240101,401,4,5,4,2,-2.4
20240101,401,5,1,4,2,-20.9
20240101,401,5,2,4,2,-8.5
20240101,401,5,3,4,2,-5.0
20240101,401,5,4,4,2,-2.7
20240101,401,5,5,4,2,-1.5
20240101,401,6,1,4,2,-13.9
20240101,401,6,2,4,2,-5.7
20240101,401,6,3,4,2,-3.3
20240101,401,6,4,4,2,-1.8
20240101,401,6,5,4,2,-1.0
20240101,402,1,1,5,2,-170.9
20240101,402,1,2,5,2,-69.6
20240101,402,1,3,5,2,-41.1
20240101,402,1,4,5,2,-22.2
20240101,402,1,5,5,2,-12.7
20240101,402,2,1,5,2,-131.0
20240101,402,2,2,5,2,-53.4
20240101,402,2,3,5,2,-31.5
20240101,402,2,4,5,2,-17.0
20240101,402,2,5,5,2,-9.7
20240101,402,3,1,5,2,-102.5
20240101,402,3,2,5,2,-41.8
20240101,402,3,3,5,2,-24.7
20240101,402,3,4,5,2,-13.3
20240101,402,3,5,5,2,-7.6
20240101,402,4,1,5,2,-79.8
20240101,402,4,2,5,2,-32.5
20240101,402,4,3,5,2,-19.2
20240101,402,4,4,5,2,-10.3
20240101,402,4,5,5,2,-5.9
20240101,402,5,1,5,2,-51.3
20240101,402,5,2,5,2,-20.9
20240101,402,5,3,5,2,-12.3
20240101,402,5,4,5,2,-6.6
20240101,402,5,5,5,2,-3.8
20240101,402,6,1,5,2,-34.2
20240101,402,6,2,5,2,-13.9
20240101,402,6,3,5,2,-8.2
20240101,402,6,4,5,2,-4.4
20240101,402,6,5,5,2,-2.5
20240101,402,1,1,6,2,-66.5
20240101,402,1,2,6,2,-27.1
20240101,402,1,3,6,2,-16.0
20240101,402,1,4,6,2,-8.6
20240101,402,1,5,6,2,-4.9
20240101,402,2,1,6,2,-51.0
20240101,402,2,2,6,2,-20.8
20240101,402,2,3,6,2,-12.3
20240101,402,2,4,6,2,-6.6
20240101,402,2,5,6,2,-3.8
20240101,402,3,1,6,2,-39.9
20240101,402,3,2,6,2,-16.2
20240101,402,3,3,6,2,-9.6
20240101,402,3,4,6,2,-5.2
20240101,402,3,5,6,2,-3.0
20240101,402,4,1,6,2,-31.0
20240101,402,4,2,6,2,-12.6
20240101,402,4,3,6,2,-7.5
20240101,402,4,4,6,2,-4.0
20240101,402,4,5,6,2,-2.3
20240101,402,5,1,6,2,-19.9
20240101,402,5,2,6,2,-8.1
20240101,402,5,3,6,2,-4.8
20240101,402,5,4,6,2,-2.6
20240101,402,5,5,6,2,-1.5
20240101,402,6,1,6,2,-13.3
20240101,402,6,2,6,2,-5.4
20240101,402,6,3,6,2,-3.2
20240101,402,6,4,6,2,-1.7
20240101,402,6,5,6,2,-1.0
20240101,403,1,1,7,2,-61.3
20240101,403,1,2,7,2,-25.0
20240101,403,1,3,7,2,-14.8
20240101,403,1,4,7,2,-7.9
20240101,403,1,5,7,2,-4.5
20240101,403,2,1,7,2,-47.0
20240101,403,2,2,7,2,-19.1
20240101,403,2,3,7,2,-11.3
20240101,403,2,4,7,2,-6.1
20240101,403,2,5,7,2,-3.5
20240101,403,3,1,7,2,-36.8
20240101,403,3,2,7,2,-15.0
20240101,403,3,3,7,2,-8.9
20240101,403,3,4,7,2,-4.8
20240101,403,3,5,7,2,-2.7
20240101,403,4,1,7,2,-28.6
20240101,403,4,2,7,2,-11.6
20240101,403,4,3,7,2,-6.9
20240101,403,4,4,7,2,-3.7
20240101,403,4,5,7,2,-2.1
20240101,403,5,1,7,2,-18.4
20240101,403,5,2,7,2,-7.5
20240101,403,5,3,7,2,-4.4
20240101,403,5,4,7,2,-2.4
20240101,403,5,5,7,2,-1.4
20240101,403,6,1,7,2,-12.3
20240101,403,6,2,7,2,-5.0
20240101,403,6,3,7,2,-3.0
20240101,403,6,4,7,2,-1.6
20240101,403,6,5,7,2,-0.9
20240101,403,1,1,8,2,-44.4
20240101,403,1,2,8,2,-18.1
20240101,403,1,3,8,2,-10.7
20240101,403,1,4,8,2,-5.8
20240101,403,1,5,8,2,-3.3
20240101,403,2,1,8,2,-34.0
20240101,403,2,2,8,2,-13.9
20240101,403,2,3,8,2,-8.2
20240101,403,2,4,8,2,-4.4
20240101,403,2,5,8,2,-2.5
20240101,403,3,1,8,2,-26.6
20240101,403,3,2,8,2,-10.8
20240101,403,3,3,8,2,-6.4
20240101,403,3,4,8,2,-3.5
20240101,403,3,5,8,2,-2.0
20240101,403,4,1,8,2,-20.7
20240101,403,4,2,8,2,-8.4
20240101,403,4,3,8,2,-5.0
20240101,403,4,4,8,2,-2.7
20240101,403,4,5,8,2,-1.5
20240101,403,5,1,8,2,-13.3
20240101,403,5,2,8,2,-5.4
20240101,403,5,3,8,2,-3.2
20240101,403,5,4,8,2,-1.7
20240101,403,5,5,8,2,-1.0
20240101,403,6,1,8,2,-8.9
20240101,403,6,2,8,2,-3.6
20240101,403,6,3,8,2,-2.1
20240101,403,6,4,8,2,-1.2
20240101,403,6,5,8,2,-0.7
20240101,404,1,1,7,2,-17.0
20240101,404,1,2,7,2,-6.9
20240101,404,1,3,7,2,-4.1
20240101,404,1,4,7,2,-2.2
20240101,404,1,5,7,2,-1.3
20240101,404,2,1,7,2,-13.0
20240101,404,2,2,7,2,-5.3
20240101,404,2,3,7,2,-3.1
20240101,404,2,4,7,2,-1.7
20240101,404,2,5,7,2,-1.0
20240101,404,3,1,7,2,-10.2
20240101,404,3,2,7,2,-4.1
20240101,404,3,3,7,2,-2.4
20240101,404,3,4,7,2,-1.3
20240101,404,3,5,7,2,-0.8
20240101,404,4,1,7,2,-7.9
20240101,404,4,2,7,2,-3.2
20240101,404,4,3,7,2,-1.9
20240101,404,4,4,7,2,-1.0
20240101,404,4,5,7,2,-0.6
20240101,404,5,1,7,2,-5.1
20240101,404,5,2,7,2,-2.1
20240101,404,5,3,7,2,-1.2
20240101,404,5,4,7,2,-0.7
20240101,404,5,5,7,2,-0.4
20240101,404,6,1,7,2,-3.4
20240101,404,6,2,7,2,-1.4
20240101,404,6,3,7,2,-0.8
20240101,404,6,4,7,2,-0.4
20240101,404,6,5,7,2,-0.3
20240101,404,1,1,8,2,-17.0
20240101,404,1,2,8,2,-6.9
20240101,404,1,3,8,2,-4.1
20240101,404,1,4,8,2,-2.2
20240101,404,1,5,8,2,-1.3
20240101,404,2,1,8,2,-13.0
20240101,404,2,2,8,2,-5.3
20240101,404,2,3,8,2,-3.1
20240101,404,2,4,8,2,-1.7
20240101,404,2,5,8,2,-1.0
20240101,404,3,1,8,2,-10.2
20240101,404,3,2,8,2,-4.1
20240101,404,3,3,8,2,-2.4
20240101,404,3,4,8,2,-1.3
20240101,404,3,5,8,2,-0.8
20240101,404,4,1,8,2,-7.9
20240101,404,4,2,8,2,-3.2
20240101,404,4,3,8,2,-1.9
20240101,404,4,4,8,2,-1.0
20240101,404,4,5,8,2,-0.6
20240101,404,5,1,8,2,-5.1
20240101,404,5,2,8,2,-2.1
20240101,404,5,3,8,2,-1.2
20240101,404,5,4,8,2,-0.7
20240101,404,5,5,8,2,-0.4
20240101,404,6,1,8,2,-3.4
20240101,404,6,2,8,2,-1.4
20240101,404,6,3,8,2,-0.8
20240101,404,6,4,8,2,-0.4
20240101,404,6,5,8,2,-0.3
20240101,301,1,1,7,2,5215.4
20240101,501,1,1,7,2,1447.7
20240101,502,1,1,7,2,1238.4
20240101,503,1,1,7,2,-72.5
20240101,504,1,1,7,2,921.1
20240101,601,1,1,7,2,1375.2
20240101,602,1,1,7,2,-330.1
20240101,603,1,1,7,2,63911.5
20240201,101,1,1,5,2,624.3
20240201,101,1,2,5,2,247.6
20240201,101,1,3,5,2,148.1
20240201,101,1,4,5,2,81.3
20240201,101,1,5,5,2,45.6
20240201,101,2,1,5,2,479.9
20240201,101,2,2,5,2,193.0
20240201,101,2,3,5,2,115.3
20240201,101,2,4,5,2,60.7
20240201,101,2,5,5,2,35.2
20240201,101,3,1,5,2,367.2
20240201,101,3,2,5,2,150.3
20240201,101,3,3,5,2,89.2
20240201,101,3,4,5,2,47.5
20240201,101,3,5,5,2,27.4
20240201,101,4,1,5,2,292.9
20240201,101,4,2,5,2,117.2
20240201,101,4,3,5,2,69.7
20240201,101,4,4,5,2,37.4
20240201,101,4,5,5,2,21.5
20240201,101,5,1,5,2,182.6
20240201,101,5,2,5,2,74.9
20240201,101,5,3,5,2,44.7
20240201,101,5,4,5,2,24.3
20240201,101,5,5,5,2,13.9
20240201,101,6,1,5,2,121.8
20240201,101,6,2,5,2,50.7
20240201,101,6,3,5,2,29.9
20240201,101,6,4,5,2,15.9
20240201,101,6,5,5,2,9.1
20240201,102,1,1,5,2,162.3
20240201,102,1,2,5,2,66.2
20240201,102,1,3,5,2,39.0
20240201,102,1,4,5,2,21.3
20240201,102,1,5,5,2,11.8
20240201,102,2,1,5,2,124.4
20240201,102,2,2,5,2,49.8
20240201,102,2,3,5,2,30.3
20240201,102,2,4,5,2,16.2
20240201,102,2,5,5,2,9.3
20240201,102,3,1,5,2,96.9
20240201,102,3,2,5,2,38.9
20240201,102,3,3,5,2,23.1
20240201,102,3,4,5,2,12.3
20240201,102,3,5,5,2,7.1
20240201,102,4,1,5,2,75.6
20240201,102,4,2,5,2,31.1
20240201,102,4,3,5,2,18.3
20240201,102,4,4,5,2,9.7
20240201,102,4,5,5,2,5.5
20240201,102,5,1,5,2,48.4
20240201,102,5,2,5,2,19.9
20240201,102,5,3,5,2,11.5
20240201,102,5,4,5,2,6.2
20240201,102,5,5,5,2,3.6
20240201,102,6,1,5,2,32.4
20240201,102,6,2,5,2,13.1
20240201,102,6,3,5,2,7.6
20240201,102,6,4,5,2,4.2
20240201,102,6,5,5,2,2.4
20240201,103,1,1,5,2,564.4
20240201,103,1,2,5,2,226.9
20240201,103,1,3,5,2,138.2
20240201,103,1,4,5,2,73.1
20240201,103,1,5,5,2,41.3
20240201,103,2,1,5,2,435.7
20240201,103,2,2,5,2,176.2
20240201,103,2,3,5,2,105.5
20240201,103,2,4,5,2,55.3
20240201,103,2,5,5,2,32.3
20240201,103,3,1,5,2,338.8
20240201,103,3,2,5,2,137.3
20240201,103,3,3,5,2,82.4
20240201,103,3,4,5,2,43.3
20240201,103,3,5,5,2,25.2
20240201,103,4,1,5,2,265.2
20240201,103,4,2,5,2,107.5
20240201,103,4,3,5,2,62.9
20240201,103,4,4,5,2,34.0
20240201,103,4,5,5,2,19.5
20240201,103,5,1,5,2,169.7
20240201,103,5,2,5,2,69.1
20240201,103,5,3,5,2,40.9
20240201,103,5,4,5,2,21.7
20240201,103,5,5,5,2,12.5
20240201,103,6,1,5,2,114.9
20240201,103,6,2,5,2,46.1
20240201,103,6,3,5,2,27.5
20240201,103,6,4,5,2,14.5
20240201,103,6,5,5,2,8.4
20240201,201,1,1,1,2,-189.3
20240201,201,1,1,2,2,-89.1
20240201,201,1,2,1,2,-77.1
20240201,201,1,2,2,2,-36.3
20240201,201,1,3,1,2,-45.6
20240201,201,1,3,2,2,-21.4
20240201,201,1,4,1,2,-24.5
20240201,201,1,4,2,2,-11.5
20240201,201,1,5,1,2,-14.0
20240201,201,1,5,2,2,-6.6
20240201,201,2,1,1,2,-145.1
20240201,201,2,1,2,2,-68.3
20240201,201,2,2,1,2,-59.1
20240201,201,2,2,2,2,-27.8
20240201,201,2,3,1,2,-34.9
20240201,201,2,3,2,2,-16.4
20240201,201,2,4,1,2,-18.8
20240201,201,2,4,2,2,-8.9
20240201,201,2,5,1,2,-10.8
20240201,201,2,5,2,2,-5.1
20240201,201,3,1,1,2,-113.6
20240201,201,3,1,2,2,-53.4
20240201,201,3,2,1,2,-46.3
20240201,201,3,2,2,2,-21.8
20240201,201,3,3,1,2,-27.3
20240201,201,3,3,2,2,-12.9
20240201,201,3,4,1,2,-14.7
20240201,201,3,4,2,2,-6.9
20240201,201,3,5,1,2,-8.4
20240201,201,3,5,2,2,-4.0
20240201,201,4,1,1,2,-88.3
20240201,201,4,1,2,2,-41.6
20240201,201,4,2,1,2,-36.0
20240201,201,4,2,2,2,-16.9
20240201,201,4,3,1,2,-21.3
20240201,201,4,3,2,2,-10.0
20240201,201,4,4,1,2,-11.5
20240201,201,4,4,2,2,-5.4
20240201,201,4,5,1,2,-6.5
20240201,201,4,5,2,2,-3.1
20240201,201,5,1,1,2,-56.8
20240201,201,5,1,2,2,-26.7
20240201,201,5,2,1,2,-23.1
20240201,201,5,2,2,2,-10.9
20240201,201,5,3,1,2,-13.7
20240201,201,5,3,2,2,-6.4
20240201,201,5,4,1,2,-7.4
20240201,201,5,4,2,2,-3.5
20240201,201,5,5,1,2,-4.2
20240201,201,5,5,2,2,-2.0
20240201,201,6,1,1,2,-37.9
20240201,201,6,1,2,2,-17.8
20240201,201,6,2,1,2,-15.4
20240201,201,6,2,2,2,-7.3
20240201,201,6,3,1,2,-9.1
20240201,201,6,3,2,2,-4.3
20240201,201,6,4,1,2,-4.9
20240201,201,6,4,2,2,-2.3
20240201,201,6,5,1,2,-2.8
20240201,201,6,5,2,2,-1.3
20240201,202,1,1,1,2,-137.1
20240201,202,1,1,2,2,-64.5
20240201,202,1,2,1,2,-55.8
20240201,202,1,2,2,2,-26.3
20240201,202,1,3,1,2,-33.0
20240201,202,1,3,2,2,-15.5
20240201,202,1,4,1,2,-17.8
20240201,202,1,4,2,2,-8.4
20240201,202,1,5,1,2,-10.2
20240201,202,1,5,2,2,-4.8
20240201,202,2,1,1,2,-105.1
20240201,202,2,1,2,2,-49.5
20240201,202,2,2,1,2,-42.8
20240201,202,2,2,2,2,-20.1
20240201,202,2,3,1,2,-25.3
20240201,202,2,3,2,2,-11.9
20240201,202,2,4,1,2,-13.6
20240201,202,2,4,2,2,-6.4
20240201,202,2,5,1,2,-7.8
20240201,202,2,5,2,2,-3.7
20240201,202,3,1,1,2,-82.2
20240201,202,3,1,2,2,-38.7
20240201,202,3,2,1,2,-33.5
20240201,202,3,2,2,2,-15.8
20240201,202,3,3,1,2,-19.8
20240201,202,3,3,2,2,-9.3
20240201,202,3,4,1,2,-10.7
20240201,202,3,4,2,2,-5.0
20240201,202,3,5,1,2,-6.1
20240201,202,3,5,2,2,-2.9
20240201,202,4,1,1,2,-64.0
20240201,202,4,1,2,2,-30.1
20240201,202,4,2,1,2,-26.1
20240201,202,4,2,2,2,-12.3
20240201,202,4,3,1,2,-15.4
20240201,202,4,3,2,2,-7.2
20240201,202,4,4,1,2,-8.3
20240201,202,4,4,2,2,-3.9
20240201,202,4,5,1,2,-4.7
20240201,202,4,5,2,2,-2.2
20240201,202,5,1,1,2,-41.1
20240201,202,5,1,2,2,-19.4
20240201,202,5,2,1,2,-16.8
20240201,202,5,2,2,2,-7.9
20240201,202,5,3,1,2,-9.9
20240201,202,5,3,2,2,-4.7
20240201,202,5,4,1,2,-5.3
20240201,202,5,4,2,2,-2.5
20240201,202,5,5,1,2,-3.0
20240201,202,5,5,2,2,-1.4
20240201,202,6,1,1,2,-27.4
20240201,202,6,1,2,2,-12.9
20240201,202,6,2,1,2,-11.2
20240201,202,6,2,2,2,-5.3
20240201,202,6,3,1,2,-6.6
20240201,202,6,3,2,2,-3.1
20240201,202,6,4,1,2,-3.6
20240201,202,6,4,2,2,-1.7
20240201,202,6,5,1,2,-2.0
20240201,202,6,5,2,2,-1.0
20240201,401,1,1,3,2,-204.2
20240201,401,1,2,3,2,-83.2
20240201,401,1,3,3,2,-49.2
20240201,401,1,4,3,2,-26.5
20240201,401,1,5,3,2,-15.1
20240201,401,2,1,3,2,-156.5
20240201,401,2,2,3,2,-63.8
20240201,401,2,3,3,2,-37.7
20240201,401,2,4,3,2,-20.3
20240201,401,2,5,3,2,-11.6
20240201,401,3,1,3,2,-122.5
20240201,401,3,2,3,2,-49.9
20240201,401,3,3,3,2,-29.5
20240201,401,3,4,3,2,-15.9
20240201,401,3,5,3,2,-9.1
20240201,401,4,1,3,2,-95.3
20240201,401,4,2,3,2,-38.8
20240201,401,4,3,3,2,-22.9
20240201,401,4,4,3,2,-12.4
20240201,401,4,5,3,2,-7.1
20240201,401,5,1,3,2,-61.3
20240201,401,5,2,3,2,-25.0
20240201,401,5,3,3,2,-14.7
20240201,401,5,4,3,2,-7.9
20240201,401,5,5,3,2,-4.5
20240201,401,6,1,3,2,-40.8
20240201,401,6,2,3,2,-16.6
20240201,401,6,3,3,2,-9.8
20240201,401,6,4,3,2,-5.3
20240201,401,6,5,3,2,-3.0
20240201,401,1,1,4,2,-71.7
20240201,401,1,2,4,2,-29.2
20240201,401,1,3,4,2,-17.3
20240201,401,1,4,4,2,-9.3
20240201,401,1,5,4,2,-5.3
20240201,401,2,1,4,2,-55.0
20240201,401,2,2,4,2,-22.4
20240201,401,2,3,4,2,-13.2
20240201,401,2,4,4,2,-7.1
20240201,401,2,5,4,2,-4.1
20240201,401,3,1,4,2,-43.0
20240201,401,3,2,4,2,-17.5
20240201,401,3,3,4,2,-10.4
20240201,401,3,4,4,2,-5.6
20240201,401,3,5,4,2,-3.2
20240201,401,4,1,4,2,-33.5
20240201,401,4,2,4,2,-13.6
20240201,401,4,3,4,2,-8.1
20240201,401,4,4,4,2,-4.3
20240201,401,4,5,4,2,-2.5
20240201,401,5,1,4,2,-21.5
20240201,401,5,2,4,2,-8.8
20240201,401,5,3,4,2,-5.2
20240201,401,5,4,4,2,-2.8
20240201,401,5,5,4,2,-1.6
20240201,401,6,1,4,2,-14.3
20240201,401,6,2,4,2,-5.8
20240201,401,6,3,4,2,-3.5
20240201,401,6,4,4,2,-1.9
20240201,401,6,5,4,2,-1.1
20240201,402,1,1,5,2,-176.4
20240201,402,1,2,5,2,-71.9
20240201,402,1,3,5,2,-42.5
20240201,402,1,4,5,2,-22.9
20240201,402,1,5,5,2,-13.1
20240201,402,2,1,5,2,-135.2
20240201,402,2,2,5,2,-55.1
20240201,402,2,3,5,2,-32.6
20240201,402,2,4,5,2,-17.5
20240201,402,2,5,5,2,-10.0
20240201,402,3,1,5,2,-105.8
20240201,402,3,2,5,2,-43.1
20240201,402,3,3,5,2,-25.5
20240201,402,3,4,5,2,-13.7
20240201,402,3,5,5,2,-7.8
20240201,402,4,1,5,2,-82.3
20240201,402,4,2,5,2,-33.5
20240201,402,4,3,5,2,-19.8
20240201,402,4,4,5,2,-10.7
20240201,402,4,5,5,2,-6.1
20240201,402,5,1,5,2,-52.9
20240201,402,5,2,5,2,-21.6
20240201,402,5,3,5,2,-12.7
20240201,402,5,4,5,2,-6.9
20240201,402,5,5,5,2,-3.9
20240201,402,6,1,5,2,-35.3
20240201,402,6,2,5,2,-14.4
20240201,402,6,3,5,2,-8.5
20240201,402,6,4,5,2,-4.6
20240201,402,6,5,5,2,-2.6
20240201,402,1,1,6,2,-68.6
20240201,402,1,2,6,2,-27.9
20240201,402,1,3,6,2,-16.5
20240201,402,1,4,6,2,-8.9
20240201,402,1,5,6,2,-5.1
20240201,402,2,1,6,2,-52.6
20240201,402,2,2,6,2,-21.4
20240201,402,2,3,6,2,-12.7
20240201,402,2,4,6,2,-6.8
20240201,402,2,5,6,2,-3.9
20240201,402,3,1,6,2,-41.2
20240201,402,3,2,6,2,-16.8
20240201,402,3,3,6,2,-9.9
20240201,402,3,4,6,2,-5.3
20240201,402,3,5,6,2,-3.0
20240201,402,4,1,6,2,-32.0
20240201,402,4,2,6,2,-13.0
20240201,402,4,3,6,2,-7.7
20240201,402,4,4,6,2,-4.1
20240201,402,4,5,6,2,-2.4
20240201,402,5,1,6,2,-20.6
20240201,402,5,2,6,2,-8.4
20240201,402,5,3,6,2,-5.0
20240201,402,5,4,6,2,-2.7
20240201,402,5,5,6,2,-1.5
20240201,402,6,1,6,2,-13.7
20240201,402,6,2,6,2,-5.6
20240201,402,6,3,6,2,-3.3
20240201,402,6,4,6,2,-1.8
20240201,402,6,5,6,2,-1.0
20240201,403,1,1,7,2,-63.2
20240201,403,1,2,7,2,-25.8
20240201,403,1,3,7,2,-15.2
20240201,403,1,4,7,2,-8.2
20240201,403,1,5,7,2,-4.7
20240201,403,2,1,7,2,-48.5
20240201,403,2,2,7,2,-19.7
20240201,403,2,3,7,2,-11.7
20240201,403,2,4,7,2,-6.3
20240201,403,2,5,7,2,-3.6
20240201,403,3,1,7,2,-37.9
20240201,403,3,2,7,2,-15.5
20240201,403,3,3,7,2,-9.1
20240201,403,3,4,7,2,-4.9
20240201,403,3,5,7,2,-2.8
20240201,403,4,1,7,2,-29.5
20240201,403,4,2,7,2,-12.0
20240201,403,4,3,7,2,-7.1
20240201,403,4,4,7,2,-3.8
20240201,403,4,5,7,2,-2.2
20240201,403,5,1,7,2,-19.0
20240201,403,5,2,7,2,-7.7
20240201,403,5,3,7,2,-4.6
20240201,403,5,4,7,2,-2.5
20240201,403,5,5,7,2,-1.4
20240201,403,6,1,7,2,-12.6
20240201,403,6,2,7,2,-5.2
20240201,403,6,3,7,2,-3.0
20240201,403,6,4,7,2,-1.6
20240201,403,6,5,7,2,-0.9
20240201,403,1,1,8,2,-45.8
20240201,403,1,2,8,2,-18.7
20240201,403,1,3,8,2,-11.0
20240201,403,1,4,8,2,-5.9
20240201,403,1,5,8,2,-3.4
20240201,403,2,1,8,2,-35.1
20240201,403,2,2,8,2,-14.3
20240201,403,2,3,8,2,-8.5
20240201,403,2,4,8,2,-4.6
20240201,403,2,5,8,2,-2.6
20240201,403,3,1,8,2,-27.5
20240201,403,3,2,8,2,-11.2
20240201,403,3,3,8,2,-6.6
20240201,403,3,4,8,2,-3.6
20240201,403,3,5,8,2,-2.0
20240201,403,4,1,8,2,-21.4
20240201,403,4,2,8,2,-8.7
20240201,403,4,3,8,2,-5.1
20240201,403,4,4,8,2,-2.8
20240201,403,4,5,8,2,-1.6
20240201,403,5,1,8,2,-13.7
20240201,403,5,2,8,2,-5.6
20240201,403,5,3,8,2,-3.3
20240201,403,5,4,8,2,-1.8
20240201,403,5,5,8,2,-1.0
20240201,403,6,1,8,2,-9.2
20240201,403,6,2,8,2,-3.7
20240201,403,6,3,8,2,-2.2
20240201,403,6,4,8,2,-1.2
20240201,403,6,5,8,2,-0.7
20240201,404,1,1,7,2,-17.5
20240201,404,1,2,7,2,-7.1
20240201,404,1,3,7,2,-4.2
20240201,404,1,4,7,2,-2.3
20240201,404,1,5,7,2,-1.3
20240201,404,2,1,7,2,-13.4
20240201,404,2,2,7,2,-5.5
20240201,404,2,3,7,2,-3.2
20240201,404,2,4,7,2,-1.7
20240201,404,2,5,7,2,-1.0
20240201,404,3,1,7,2,-10.5
20240201,404,3,2,7,2,-4.3
20240201,404,3,3,7,2,-2.5
20240201,404,3,4,7,2,-1.4
20240201,404,3,5,7,2,-0.8
20240201,404,4,1,7,2,-8.2
20240201,404,4,2,7,2,-3.3
20240201,404,4,3,7,2,-2.0
20240201,404,4,4,7,2,-1.1
20240201,404,4,5,7,2,-0.6
20240201,404,5,1,7,2,-5.2
20240201,404,5,2,7,2,-2.1
20240201,404,5,3,7,2,-1.3
20240201,404,5,4,7,2,-0.7
20240201,404,5,5,7,2,-0.4
20240201,404,6,1,7,2,-3.5
20240201,404,6,2,7,2,-1.4
20240201,404,6,3,7,2,-0.8
20240201,404,6,4,7,2,-0.5
20240201,404,6,5,7,2,-0.3
20240201,404,1,1,8,2,-17.5
20240201,404,1,2,8,2,-7.1
20240201,404,1,3,8,2,-4.2
20240201,404,1,4,8,2,-2.3
20240201,404,1,5,8,2,-1.3
20240201,404,2,1,8,2,-13.4
20240201,404,2,2,8,2,-5.5
20240201,404,2,3,8,2,-3.2
20240201,404,2,4,8,2,-1.7
20240201,404,2,5,8,2,-1.0
20240201,404,3,1,8,2,-10.5
20240201,404,3,2,8,2,-4.3
20240201,404,3,3,8,2,-2.5
20240201,404,3,4,8,2,-1.4
20240201,404,3,5,8,2,-0.8
20240201,404,4,1,8,2,-8.2
20240201,404,4,2,8,2,-3.3
20240201,404,4,3,8,2,-2.0
20240201,404,4,4,8,2,-1.1
20240201,404,4,5,8,2,-0.6
20240201,404,5,1,8,2,-5.2
20240201,404,5,2,8,2,-2.1
20240201,404,5,3,8,2,-1.3
20240201,404,5,4,8,2,-0.7
20240201,404,5,5,8,2,-0.4
20240201,404,6,1,8,2,-3.5
20240201,404,6,2,8,2,-1.4
20240201,404,6,3,8,2,-0.8
20240201,404,6,4,8,2,-0.5
20240201,404,6,5,8,2,-0.3
20240201,301,1,1,7,2,5345.1
20240201,501,1,1,7,2,1457.0
20240201,502,1,1,7,2,1241.0
20240201,503,1,1,7,2,-74.8
20240201,504,1,1,7,2,921.3
20240201,601,1,1,7,2,1382.2
20240201,602,1,1,7,2,-340.6
20240201,603,1,1,7,2,64858.3
20240301,101,1,1,5,2,657.3
20240301,101,1,2,5,2,264.0
20240301,101,1,3,5,2,155.8
20240301,101,1,4,5,2,84.8
20240301,101,1,5,5,2,48.2
20240301,101,2,1,5,2,499.7
20240301,101,2,2,5,2,208.3
20240301,101,2,3,5,2,120.2
20240301,101,2,4,5,2,64.6
20240301,101,2,5,5,2,37.9
20240301,101,3,1,5,2,391.6
20240301,101,3,2,5,2,161.7
20240301,101,3,3,5,2,95.6
20240301,101,3,4,5,2,51.7
20240301,101,3,5,5,2,28.9
20240301,101,4,1,5,2,304.6
20240301,101,4,2,5,2,126.5
20240301,101,4,3,5,2,74.7
20240301,101,4,4,5,2,39.9
20240301,101,4,5,5,2,23.0
20240301,101,5,1,5,2,196.1
20240301,101,5,2,5,2,81.5
20240301,101,5,3,5,2,47.1
20240301,101,5,4,5,2,25.6
20240301,101,5,5,5,2,14.8
20240301,101,6,1,5,2,130.5
20240301,101,6,2,5,2,53.1
20240301,101,6,3,5,2,31.4
20240301,101,6,4,5,2,17.3
20240301,101,6,5,5,2,9.7
20240301,102,1,1,5,2,172.7
20240301,102,1,2,5,2,70.8
20240301,102,1,3,5,2,41.5
20240301,102,1,4,5,2,22.2
20240301,102,1,5,5,2,12.5
20240301,102,2,1,5,2,131.2
20240301,102,2,2,5,2,54.4
20240301,102,2,3,5,2,31.3
20240301,102,2,4,5,2,16.8
20240301,102,2,5,5,2,9.7
20240301,102,3,1,5,2,102.8
20240301,102,3,2,5,2,41.4
20240301,102,3,3,5,2,24.7
20240301,102,3,4,5,2,13.1
20240301,102,3,5,5,2,7.6
20240301,102,4,1,5,2,79.2
20240301,102,4,2,5,2,32.8
20240301,102,4,3,5,2,19.0
20240301,102,4,4,5,2,10.5
20240301,102,4,5,5,2,6.0
20240301,102,5,1,5,2,51.9
20240301,102,5,2,5,2,21.0
20240301,102,5,3,5,2,12.4
20240301,102,5,4,5,2,6.6
20240301,102,5,5,5,2,3.8
20240301,102,6,1,5,2,34.4
20240301,102,6,2,5,2,14.0
20240301,102,6,3,5,2,8.3
20240301,102,6,4,5,2,4.5
20240301,102,6,5,5,2,2.5
20240301,103,1,1,5,2,595.4
20240301,103,1,2,5,2,248.7
20240301,103,1,3,5,2,143.0
20240301,103,1,4,5,2,76.7
20240301,103,1,5,5,2,44.0
20240301,103,2,1,5,2,462.1
20240301,103,2,2,5,2,188.9
20240301,103,2,3,5,2,109.1
20240301,103,2,4,5,2,59.3
20240301,103,2,5,5,2,34.3
20240301,103,3,1,5,2,354.4
20240301,103,3,2,5,2,147.3
20240301,103,3,3,5,2,86.4
20240301,103,3,4,5,2,47.0
20240301,103,3,5,5,2,26.6
20240301,103,4,1,5,2,279.0
20240301,103,4,2,5,2,115.1
20240301,103,4,3,5,2,67.2
20240301,103,4,4,5,2,36.9
20240301,103,4,5,5,2,21.0
20240301,103,5,1,5,2,178.9
20240301,103,5,2,5,2,74.1
20240301,103,5,3,5,2,43.9
20240301,103,5,4,5,2,23.4
20240301,103,5,5,5,2,13.4
20240301,103,6,1,5,2,118.3
20240301,103,6,2,5,2,48.2
20240301,103,6,3,5,2,29.2
20240301,103,6,4,5,2,15.7
20240301,103,6,5,5,2,8.9
20240301,201,1,1,1,2,-201.5
20240301,201,1,1,2,2,-94.8
20240301,201,1,2,1,2,-82.1
20240301,201,1,2,2,2,-38.6
20240301,201,1,3,1,2,-48.5
20240301,201,1,3,2,2,-22.8
20240301,201,1,4,1,2,-26.1
20240301,201,1,4,2,2,-12.3
20240301,201,1,5,1,2,-14.9
20240301,201,1,5,2,2,-7.0
20240301,201,2,1,1,2,-154.5
20240301,201,2,1,2,2,-72.7
20240301,201,2,2,1,2,-62.9
20240301,201,2,2,2,2,-29.6
20240301,201,2,3,1,2,-37.2
20240301,201,2,3,2,2,-17.5
20240301,201,2,4,1,2,-20.0
20240301,201,2,4,2,2,-9.4
20240301,201,2,5,1,2,-11.4
20240301,201,2,5,2,2,-5.4
20240301,201,3,1,1,2,-120.9
20240301,201,3,1,2,2,-56.9
20240301,201,3,2,1,2,-49.2
20240301,201,3,2,2,2,-23.2
20240301,201,3,3,1,2,-29.1
20240301,201,3,3,2,2,-13.7
20240301,201,3,4,1,2,-15.7
20240301,201,3,4,2,2,-7.4
20240301,201,3,5,1,2,-9.0
20240301,201,3,5,2,2,-4.2
20240301,201,4,1,1,2,-94.0
20240301,201,4,1,2,2,-44.2
20240301,201,4,2,1,2,-38.3
20240301,201,4,2,2,2,-18.0
20240301,201,4,3,1,2,-22.6
20240301,201,4,3,2,2,-10.7
20240301,201,4,4,1,2,-12.2
20240301,201,4,4,2,2,-5.7
20240301,201,4,5,1,2,-7.0
20240301,201,4,5,2,2,-3.3
20240301,201,5,1,1,2,-60.4
20240301,201,5,1,2,2,-28.4
20240301,201,5,2,1,2,-24.6
20240301,201,5,2,2,2,-11.6
20240301,201,5,3,1,2,-14.6
20240301,201,5,3,2,2,-6.8
20240301,201,5,4,1,2,-7.8
20240301,201,5,4,2,2,-3.7
20240301,201,5,5,1,2,-4.5
20240301,201,5,5,2,2,-2.1
20240301,201,6,1,1,2,-40.3
20240301,201,6,1,2,2,-19.0
20240301,201,6,2,1,2,-16.4
20240301,201,6,2,2,2,-7.7
20240301,201,6,3,1,2,-9.7
20240301,201,6,3,2,2,-4.6
20240301,201,6,4,1,2,-5.2
20240301,201,6,4,2,2,-2.5
20240301,201,6,5,1,2,-3.0
20240301,201,6,5,2,2,-1.4
20240301,202,1,1,1,2,-145.9
20240301,202,1,1,2,2,-68.7
20240301,202,1,2,1,2,-59.4
20240301,202,1,2,2,2,-28.0
20240301,202,1,3,1,2,-35.1
20240301,202,1,3,2,2,-16.5
20240301,202,1,4,1,2,-18.9
20240301,202,1,4,2,2,-8.9
20240301,202,1,5,1,2,-10.8
20240301,202,1,5,2,2,-5.1
20240301,202,2,1,1,2,-111.9
20240301,202,2,1,2,2,-52.6
20240301,202,2,2,1,2,-45.6
20240301,202,2,2,2,2,-21.4
20240301,202,2,3,1,2,-26.9
20240301,202,2,3,2,2,-12.7
20240301,202,2,4,1,2,-14.5
20240301,202,2,4,2,2,-6.8
20240301,202,2,5,1,2,-8.3
20240301,202,2,5,2,2,-3.9
20240301,202,3,1,1,2,-87.5
20240301,202,3,1,2,2,-41.2
20240301,202,3,2,1,2,-35.7
20240301,202,3,2,2,2,-16.8
20240301,202,3,3,1,2,-21.1
20240301,202,3,3,2,2,-9.9
20240301,202,3,4,1,2,-11.3
20240301,202,3,4,2,2,-5.3
20240301,202,3,5,1,2,-6.5
20240301,202,3,5,2,2,-3.1
20240301,202,4,1,1,2,-68.1
20240301,202,4,1,2,2,-32.0
20240301,202,4,2,1,2,-27.7
20240301,202,4,2,2,2,-13.1
20240301,202,4,3,1,2,-16.4
20240301,202,4,3,2,2,-7.7
20240301,202,4,4,1,2,-8.8
20240301,202,4,4,2,2,-4.2
20240301,202,4,5,1,2,-5.0
20240301,202,4,5,2,2,-2.4
20240301,202,5,1,1,2,-43.8
20240301,202,5,1,2,2,-20.6
20240301,202,5,2,1,2,-17.8
20240301,202,5,2,2,2,-8.4
20240301,202,5,3,1,2,-10.5
20240301,202,5,3,2,2,-5.0
20240301,202,5,4,1,2,-5.7
20240301,202,5,4,2,2,-2.7
20240301,202,5,5,1,2,-3.2
20240301,202,5,5,2,2,-1.5
20240301,202,6,1,1,2,-29.2
20240301,202,6,1,2,2,-13.7
20240301,202,6,2,1,2,-11.9
20240301,202,6,2,2,2,-5.6
20240301,202,6,3,1,2,-7.0
20240301,202,6,3,2,2,-3.3
20240301,202,6,4,1,2,-3.8
20240301,202,6,4,2,2,-1.8
20240301,202,6,5,1,2,-2.2
20240301,202,6,5,2,2,-1.0
20240301,401,1,1,3,2,-216.3
20240301,401,1,2,3,2,-88.1
20240301,401,1,3,3,2,-52.1
20240301,401,1,4,3,2,-28.0
20240301,401,1,5,3,2,-16.0
20240301,401,2,1,3,2,-165.8
20240301,401,2,2,3,2,-67.6
20240301,401,2,3,3,2,-39.9
20240301,401,2,4,3,2,-21.5
20240301,401,2,5,3,2,-12.3
20240301,401,3,1,3,2,-129.8
20240301,401,3,2,3,2,-52.9
20240301,401,3,3,3,2,-31.2
20240301,401,3,4,3,2,-16.8
20240301,401,3,5,3,2,-9.6
20240301,401,4,1,3,2,-100.9
20240301,401,4,2,3,2,-41.1
20240301,401,4,3,3,2,-24.3
20240301,401,4,4,3,2,-13.1
20240301,401,4,5,3,2,-7.5
20240301,401,5,1,3,2,-64.9
20240301,401,5,2,3,2,-26.4
20240301,401,5,3,3,2,-15.6
20240301,401,5,4,3,2,-8.4
20240301,401,5,5,3,2,-4.8
20240301,401,6,1,3,2,-43.3
20240301,401,6,2,3,2,-17.6
20240301,401,6,3,3,2,-10.4
20240301,401,6,4,3,2,-5.6
20240301,401,6,5,3,2,-3.2
20240301,401,1,1,4,2,-76.0
20240301,401,1,2,4,2,-31.0
20240301,401,1,3,4,2,-18.3
20240301,401,1,4,4,2,-9.9
20240301,401,1,5,4,2,-5.6
20240301,401,2,1,4,2,-58.3
20240301,401,2,2,4,2,-23.7
20240301,401,2,3,4,2,-14.0
20240301,401,2,4,4,2,-7.6
20240301,401,2,5,4,2,-4.3
20240301,401,3,1,4,2,-45.6
20240301,401,3,2,4,2,-18.6
20240301,401,3,3,4,2,-11.0
20240301,401,3,4,4,2,-5.9
20240301,401,3,5,4,2,-3.4
20240301,401,4,1,4,2,-35.5
20240301,401,4,2,4,2,-14.4
20240301,401,4,3,4,2,-8.5
20240301,401,4,4,4,2,-4.6
20240301,401,4,5,4,2,-2.6
20240301,401,5,1,4,2,-22.8
20240301,401,5,2,4,2,-9.3
20240301,401,5,3,4,2,-5.5
20240301,401,5,4,4,2,-3.0
20240301,401,5,5,4,2,-1.7
20240301,401,6,1,4,2,-15.2
20240301,401,6,2,4,2,-6.2
20240301,401,6,3,4,2,-3.7
20240301,401,6,4,4,2,-2.0
20240301,401,6,5,4,2,-1.1
20240301,402,1,1,5,2,-186.9
20240301,402,1,2,5,2,-76.1
20240301,402,1,3,5,2,-45.0
20240301,402,1,4,5,2,-24.2
20240301,402,1,5,5,2,-13.8
20240301,402,2,1,5,2,-143.3
20240301,402,2,2,5,2,-58.4
20240301,402,2,3,5,2,-34.5
20240301,402,2,4,5,2,-18.6
20240301,402,2,5,5,2,-10.6
20240301,402,3,1,5,2,-112.1
20240301,402,3,2,5,2,-45.7
20240301,402,3,3,5,2,-27.0
20240301,402,3,4,5,2,-14.5
20240301,402,3,5,5,2,-8.3
20240301,402,4,1,5,2,-87.2
20240301,402,4,2,5,2,-35.5
20240301,402,4,3,5,2,-21.0
20240301,402,4,4,5,2,-11.3
20240301,402,4,5,5,2,-6.5
20240301,402,5,1,5,2,-56.1
20240301,402,5,2,5,2,-22.8
20240301,402,5,3,5,2,-13.5
20240301,402,5,4,5,2,-7.3
20240301,402,5,5,5,2,-4.2
20240301,402,6,1,5,2,-37.4
20240301,402,6,2,5,2,-15.2
20240301,402,6,3,5,2,-9.0
20240301,402,6,4,5,2,-4.8
20240301,402,6,5,5,2,-2.8
20240301,402,1,1,6,2,-72.7
20240301,402,1,2,6,2,-29.6
20240301,402,1,3,6,2,-17.5
20240301,402,1,4,6,2,-9.4
20240301,402,1,5,6,2,-5.4
20240301,402,2,1,6,2,-55.7
20240301,402,2,2,6,2,-22.7
20240301,402,2,3,6,2,-13.4
20240301,402,2,4,6,2,-7.2
20240301,402,2,5,6,2,-4.1
20240301,402,3,1,6,2,-43.6
20240301,402,3,2,6,2,-17.8
20240301,402,3,3,6,2,-10.5
20240301,402,3,4,6,2,-5.7
20240301,402,3,5,6,2,-3.2
20240301,402,4,1,6,2,-33.9
20240301,402,4,2,6,2,-13.8
20240301,402,4,3,6,2,-8.2
20240301,402,4,4,6,2,-4.4
20240301,402,4,5,6,2,-2.5
20240301,402,5,1,6,2,-21.8
20240301,402,5,2,6,2,-8.9
20240301,402,5,3,6,2,-5.2
20240301,402,5,4,6,2,-2.8
20240301,402,5,5,6,2,-1.6
20240301,402,6,1,6,2,-14.5
20240301,402,6,2,6,2,-5.9
20240301,402,6,3,6,2,-3.5
20240301,402,6,4,6,2,-1.9
20240301,402,6,5,6,2,-1.1
20240301,403,1,1,7,2,-67.0
20240301,403,1,2,7,2,-27.3
20240301,403,1,3,7,2,-16.1
20240301,403,1,4,7,2,-8.7
20240301,403,1,5,7,2,-5.0
20240301,403,2,1,7,2,-51.4
20240301,403,2,2,7,2,-20.9
20240301,403,2,3,7,2,-12.4
20240301,403,2,4,7,2,-6.7
20240301,403,2,5,7,2,-3.8
20240301,403,3,1,7,2,-40.2
20240301,403,3,2,7,2,-16.4
20240301,403,3,3,7,2,-9.7
20240301,403,3,4,7,2,-5.2
20240301,403,3,5,7,2,-3.0
20240301,403,4,1,7,2,-31.3
20240301,403,4,2,7,2,-12.7
20240301,403,4,3,7,2,-7.5
20240301,403,4,4,7,2,-4.1
20240301,403,4,5,7,2,-2.3
20240301,403,5,1,7,2,-20.1
20240301,403,5,2,7,2,-8.2
20240301,403,5,3,7,2,-4.8
20240301,403,5,4,7,2,-2.6
20240301,403,5,5,7,2,-1.5
20240301,403,6,1,7,2,-13.4
20240301,403,6,2,7,2,-5.5
20240301,403,6,3,7,2,-3.2
20240301,403,6,4,7,2,-1.7
20240301,403,6,5,7,2,-1.0
20240301,403,1,1,8,2,-48.5
20240301,403,1,2,8,2,-19.8
20240301,403,1,3,8,2,-11.7
20240301,403,1,4,8,2,-6.3
20240301,403,1,5,8,2,-3.6
20240301,403,2,1,8,2,-37.2
20240301,403,2,2,8,2,-15.2
20240301,403,2,3,8,2,-9.0
20240301,403,2,4,8,2,-4.8
20240301,403,2,5,8,2,-2.8
20240301,403,3,1,8,2,-29.1
20240301,403,3,2,8,2,-11.9
20240301,403,3,3,8,2,-7.0
20240301,403,3,4,8,2,-3.8
20240301,403,3,5,8,2,-2.2
20240301,403,4,1,8,2,-22.6
20240301,403,4,2,8,2,-9.2
20240301,403,4,3,8,2,-5.4
20240301,403,4,4,8,2,-2.9
20240301,403,4,5,8,2,-1.7
20240301,403,5,1,8,2,-14.6
20240301,403,5,2,8,2,-5.9
20240301,403,5,3,8,2,-3.5
20240301,403,5,4,8,2,-1.9
20240301,403,5,5,8,2,-1.1
20240301,403,6,1,8,2,-9.7
20240301,403,6,2,8,2,-4.0
20240301,403,6,3,8,2,-2.3
20240301,403,6,4,8,2,-1.3
20240301,403,6,5,8,2,-0.7
20240301,404,1,1,7,2,-18.5
20240301,404,1,2,7,2,-7.6
20240301,404,1,3,7,2,-4.5
20240301,404,1,4,7,2,-2.4
20240301,404,1,5,7,2,-1.4
20240301,404,2,1,7,2,-14.2
20240301,404,2,2,7,2,-5.8
20240301,404,2,3,7,2,-3.4
20240301,404,2,4,7,2,-1.8
20240301,404,2,5,7,2,-1.1
20240301,404,3,1,7,2,-11.1
20240301,404,3,2,7,2,-4.5
20240301,404,3,3,7,2,-2.7
20240301,404,3,4,7,2,-1.4
20240301,404,3,5,7,2,-0.8
20240301,404,4,1,7,2,-8.7
20240301,404,4,2,7,2,-3.5
20240301,404,4,3,7,2,-2.1
20240301,404,4,4,7,2,-1.1
20240301,404,4,5,7,2,-0.6
20240301,404,5,1,7,2,-5.6
20240301,404,5,2,7,2,-2.3
20240301,404,5,3,7,2,-1.3
20240301,404,5,4,7,2,-0.7
20240301,404,5,5,7,2,-0.4
20240301,404,6,1,7,2,-3.7
20240301,404,6,2,7,2,-1.5
20240301,404,6,3,7,2,-0.9
20240301,404,6,4,7,2,-0.5
20240301,404,6,5,7,2,-0.3
20240301,404,1,1,8,2,-18.5
20240301,404,1,2,8,2,-7.6
20240301,404,1,3,8,2,-4.5
20240301,404,1,4,8,2,-2.4
20240301,404,1,5,8,2,-1.4
20240301,404,2,1,8,2,-14.2
20240301,404,2,2,8,2,-5.8
20240301,404,2,3,8,2,-3.4
20240301,404,2,4,8,2,-1.8
20240301,404,2,5,8,2,-1.1
20240301,404,3,1,8,2,-11.1
20240301,404,3,2,8,2,-4.5
20240301,404,3,3,8,2,-2.7
20240301,404,3,4,8,2,-1.4
20240301,404,3,5,8,2,-0.8
20240301,404,4,1,8,2,-8.7
20240301,404,4,2,8,2,-3.5
20240301,404,4,3,8,2,-2.1
20240301,404,4,4,8,2,-1.1
20240301,404,4,5,8,2,-0.6
20240301,404,5,1,8,2,-5.6
20240301,404,5,2,8,2,-2.3
20240301,404,5,3,8,2,-1.3
20240301,404,5,4,8,2,-0.7
20240301,404,5,5,8,2,-0.4
20240301,404,6,1,8,2,-3.7
20240301,404,6,2,8,2,-1.5
20240301,404,6,3,8,2,-0.9
20240301,404,6,4,8,2,-0.5
20240301,404,6,5,8,2,-0.3
20240301,301,1,1,7,2,5648.8
20240301,501,1,1,7,2,1529.4
20240301,502,1,1,7,2,1300.5
20240301,503,1,1,7,2,-79.2
20240301,504,1,1,7,2,964.8
20240301,601,1,1,7,2,1450.2
20240301,602,1,1,7,2,-360.9
20240301,603,1,1,7,2,65852.2
20240401,101,1,1,5,2,643.3
20240401,101,1,2,5,2,267.2
20240401,101,1,3,5,2,155.4
20240401,101,1,4,5,2,83.9
20240401,101,1,5,5,2,47.5
20240401,101,2,1,5,2,497.8
20240401,101,2,2,5,2,200.9
20240401,101,2,3,5,2,118.7
20240401,101,2,4,5,2,64.4
20240401,101,2,5,5,2,37.4
20240401,101,3,1,5,2,386.8
20240401,101,3,2,5,2,156.5
20240401,101,3,3,5,2,93.3
20240401,101,3,4,5,2,50.7
20240401,101,3,5,5,2,28.5
20240401,101,4,1,5,2,301.1
20240401,101,4,2,5,2,124.1
20240401,101,4,3,5,2,73.8
20240401,101,4,4,5,2,39.2
20240401,101,4,5,5,2,22.2
20240401,101,5,1,5,2,197.4
20240401,101,5,2,5,2,80.1
20240401,101,5,3,5,2,46.4
20240401,101,5,4,5,2,25.1
20240401,101,5,5,5,2,14.2
20240401,101,6,1,5,2,129.8
20240401,101,6,2,5,2,52.1
20240401,101,6,3,5,2,31.5
20240401,101,6,4,5,2,16.9
20240401,101,6,5,5,2,9.8
20240401,102,1,1,5,2,170.3
20240401,102,1,2,5,2,68.2
20240401,102,1,3,5,2,40.2
20240401,102,1,4,5,2,22.1
20240401,102,1,5,5,2,12.4
20240401,102,2,1,5,2,127.8
20240401,102,2,2,5,2,52.1
20240401,102,2,3,5,2,31.0
20240401,102,2,4,5,2,16.9
20240401,102,2,5,5,2,9.6
20240401,102,3,1,5,2,100.0
20240401,102,3,2,5,2,41.8
20240401,102,3,3,5,2,24.4
20240401,102,3,4,5,2,13.1
20240401,102,3,5,5,2,7.6
20240401,102,4,1,5,2,78.1
20240401,102,4,2,5,2,32.6
20240401,102,4,3,5,2,18.8
20240401,102,4,4,5,2,10.2
20240401,102,4,5,5,2,5.9
20240401,102,5,1,5,2,50.5
20240401,102,5,2,5,2,21.1
20240401,102,5,3,5,2,12.4
20240401,102,5,4,5,2,6.7
20240401,102,5,5,5,2,3.7
20240401,102,6,1,5,2,33.4
20240401,102,6,2,5,2,13.6
20240401,102,6,3,5,2,8.1
20240401,102,6,4,5,2,4.3
20240401,102,6,5,5,2,2.5
20240401,103,1,1,5,2,603.0
20240401,103,1,2,5,2,244.3
20240401,103,1,3,5,2,142.7
20240401,103,1,4,5,2,76.9
20240401,103,1,5,5,2,43.2
20240401,103,2,1,5,2,460.2
20240401,103,2,2,5,2,184.3
20240401,103,2,3,5,2,110.8
20240401,103,2,4,5,2,58.7
20240401,103,2,5,5,2,33.9
20240401,103,3,1,5,2,349.6
20240401,103,3,2,5,2,144.6
20240401,103,3,3,5,2,85.1
20240401,103,3,4,5,2,45.8
20240401,103,3,5,5,2,26.0
20240401,103,4,1,5,2,273.9
20240401,103,4,2,5,2,112.9
20240401,103,4,3,5,2,67.8
20240401,103,4,4,5,2,35.6
20240401,103,4,5,5,2,20.8
20240401,103,5,1,5,2,178.6
20240401,103,5,2,5,2,71.4
20240401,103,5,3,5,2,42.2
20240401,103,5,4,5,2,23.4
20240401,103,5,5,5,2,13.1
20240401,103,6,1,5,2,118.5
20240401,103,6,2,5,2,48.1
20240401,103,6,3,5,2,28.4
20240401,103,6,4,5,2,15.6
20240401,103,6,5,5,2,8.9
20240401,201,1,1,1,2,-198.3
20240401,201,1,1,2,2,-93.3
20240401,201,1,2,1,2,-80.8
20240401,201,1,2,2,2,-38.0
20240401,201,1,3,1,2,-47.7
20240401,201,1,3,2,2,-22.5
20240401,201,1,4,1,2,-25.7
20240401,201,1,4,2,2,-12.1
20240401,201,1,5,1,2,-14.7
20240401,201,1,5,2,2,-6.9
20240401,201,2,1,1,2,-152.0
20240401,201,2,1,2,2,-71.5
20240401,201,2,2,1,2,-61.9
20240401,201,2,2,2,2,-29.1
20240401,201,2,3,1,2,-36.6
20240401,201,2,3,2,2,-17.2
20240401,201,2,4,1,2,-19.7
20240401,201,2,4,2,2,-9.3
20240401,201,2,5,1,2,-11.3
20240401,201,2,5,2,2,-5.3
20240401,201,3,1,1,2,-119.0
20240401,201,3,1,2,2,-56.0
20240401,201,3,2,1,2,-48.5
20240401,201,3,2,2,2,-22.8
20240401,201,3,3,1,2,-28.6
20240401,201,3,3,2,2,-13.5
20240401,201,3,4,1,2,-15.4
20240401,201,3,4,2,2,-7.3
20240401,201,3,5,1,2,-8.8
20240401,201,3,5,2,2,-4.1
20240401,201,4,1,1,2,-92.5
20240401,201,4,1,2,2,-43.6
20240401,201,4,2,1,2,-37.7
20240401,201,4,2,2,2,-17.7
20240401,201,4,3,1,2,-22.3
20240401,201,4,3,2,2,-10.5
20240401,201,4,4,1,2,-12.0
20240401,201,4,4,2,2,-5.6
20240401,201,4,5,1,2,-6.9
20240401,201,4,5,2,2,-3.2
20240401,201,5,1,1,2,-59.5
20240401,201,5,1,2,2,-28.0
20240401,201,5,2,1,2,-24.2
20240401,201,5,2,2,2,-11.4
20240401,201,5,3,1,2,-14.3
20240401,201,5,3,2,2,-6.7
20240401,201,5,4,1,2,-7.7
20240401,201,5,4,2,2,-3.6
20240401,201,5,5,1,2,-4.4
20240401,201,5,5,2,2,-2.1
20240401,201,6,1,1,2,-39.7
20240401,201,6,1,2,2,-18.7
20240401,201,6,2,1,2,-16.2
20240401,201,6,2,2,2,-7.6
20240401,201,6,3,1,2,-9.5
20240401,201,6,3,2,2,-4.5
20240401,201,6,4,1,2,-5.1
20240401,201,6,4,2,2,-2.4
20240401,201,6,5,1,2,-2.9
20240401,201,6,5,2,2,-1.4
20240401,202,1,1,1,2,-143.6
20240401,202,1,1,2,2,-67.6
20240401,202,1,2,1,2,-58.5
20240401,202,1,2,2,2,-27.5
20240401,202,1,3,1,2,-34.6
20240401,202,1,3,2,2,-16.3
20240401,202,1,4,1,2,-18.6
20240401,202,1,4,2,2,-8.8
20240401,202,1,5,1,2,-10.6
20240401,202,1,5,2,2,-5.0
20240401,202,2,1,1,2,-110.1
20240401,202,2,1,2,2,-51.8
20240401,202,2,2,1,2,-44.9
20240401,202,2,2,2,2,-21.1
20240401,202,2,3,1,2,-26.5
20240401,202,2,3,2,2,-12.5
20240401,202,2,4,1,2,-14.3
20240401,202,2,4,2,2,-6.7
20240401,202,2,5,1,2,-8.2
20240401,202,2,5,2,2,-3.8
20240401,202,3,1,1,2,-86.2
20240401,202,3,1,2,2,-40.5
20240401,202,3,2,1,2,-35.1
20240401,202,3,2,2,2,-16.5
20240401,202,3,3,1,2,-20.7
20240401,202,3,3,2,2,-9.8
20240401,202,3,4,1,2,-11.2
20240401,202,3,4,2,2,-5.3
20240401,202,3,5,1,2,-6.4
20240401,202,3,5,2,2,-3.0
20240401,202,4,1,1,2,-67.0
20240401,202,4,1,2,2,-31.5
20240401,202,4,2,1,2,-27.3
20240401,202,4,2,2,2,-12.8
20240401,202,4,3,1,2,-16.1
20240401,202,4,3,2,2,-7.6
20240401,202,4,4,1,2,-8.7
20240401,202,4,4,2,2,-4.1
20240401,202,4,5,1,2,-5.0
20240401,202,4,5,2,2,-2.3
20240401,202,5,1,1,2,-43.1
20240401,202,5,1,2,2,-20.3
20240401,202,5,2,1,2,-17.6
20240401,202,5,2,2,2,-8.3
20240401,202,5,3,1,2,-10.4
20240401,202,5,3,2,2,-4.9
20240401,202,5,4,1,2,-5.6
20240401,202,5,4,2,2,-2.6
20240401,202,5,5,1,2,-3.2
20240401,202,5,5,2,2,-1.5
20240401,202,6,1,1,2,-28.7
20240401,202,6,1,2,2,-13.5
20240401,202,6,2,1,2,-11.7
20240401,202,6,2,2,2,-5.5
20240401,202,6,3,1,2,-6.9
20240401,202,6,3,2,2,-3.3
20240401,202,6,4,1,2,-3.7
20240401,202,6,4,2,2,-1.8
20240401,202,6,5,1,2,-2.1
20240401,202,6,5,2,2,-1.0
20240401,401,1,1,3,2,-213.9
20240401,401,1,2,3,2,-87.1
20240401,401,1,3,3,2,-51.5
20240401,401,1,4,3,2,-27.7
20240401,401,1,5,3,2,-15.8
20240401,401,2,1,3,2,-164.0
20240401,401,2,2,3,2,-66.8
20240401,401,2,3,3,2,-39.5
20240401,401,2,4,3,2,-21.3
20240401,401,2,5,3,2,-12.1
20240401,401,3,1,3,2,-128.3
20240401,401,3,2,3,2,-52.3
20240401,401,3,3,3,2,-30.9
20240401,401,3,4,3,2,-16.6
20240401,401,3,5,3,2,-9.5
20240401,401,4,1,3,2,-99.8
20240401,401,4,2,3,2,-40.7
20240401,401,4,3,3,2,-24.0
20240401,401,4,4,3,2,-12.9
20240401,401,4,5,3,2,-7.4
20240401,401,5,1,3,2,-64.2
20240401,401,5,2,3,2,-26.1
20240401,401,5,3,3,2,-15.4
20240401,401,5,4,3,2,-8.3
20240401,401,5,5,3,2,-4.8
20240401,401,6,1,3,2,-42.8
20240401,401,6,2,3,2,-17.4
20240401,401,6,3,3,2,-10.3
20240401,401,6,4,3,2,-5.5
20240401,401,6,5,3,2,-3.2
20240401,401,1,1,4,2,-75.2
20240401,401,1,2,4,2,-30.6
20240401,401,1,3,4,2,-18.1
20240401,401,1,4,4,2,-9.7
20240401,401,1,5,4,2,-5.6
20240401,401,2,1,4,2,-57.6
20240401,401,2,2,4,2,-23.5
20240401,401,2,3,4,2,-13.9
20240401,401,2,4,4,2,-7.5
20240401,401,2,5,4,2,-4.3
20240401,401,3,1,4,2,-45.1
20240401,401,3,2,4,2,-18.4
20240401,401,3,3,4,2,-10.9
20240401,401,3,4,4,2,-5.8
20240401,401,3,5,4,2,-3.3
20240401,401,4,1,4,2,-35.1
20240401,401,4,2,4,2,-14.3
20240401,401,4,3,4,2,-8.4
20240401,401,4,4,4,2,-4.5
20240401,401,4,5,4,2,-2.6
20240401,401,5,1,4,2,-22.5
20240401,401,5,2,4,2,-9.2
20240401,401,5,3,4,2,-5.4
20240401,401,5,4,4,2,-2.9
20240401,401,5,5,4,2,-1.7
20240401,401,6,1,4,2,-15.0
20240401,401,6,2,4,2,-6.1
20240401,401,6,3,4,2,-3.6
20240401,401,6,4,4,2,-1.9
20240401,401,6,5,4,2,-1.1
20240401,402,1,1,5,2,-184.8
20240401,402,1,2,5,2,-75.3
20240401,402,1,3,5,2,-44.5
20240401,402,1,4,5,2,-24.0
20240401,402,1,5,5,2,-13.7
20240401,402,2,1,5,2,-141.7
20240401,402,2,2,5,2,-57.7
20240401,402,2,3,5,2,-34.1
20240401,402,2,4,5,2,-18.4
20240401,402,2,5,5,2,-10.5
20240401,402,3,1,5,2,-110.9
20240401,402,3,2,5,2,-45.2
20240401,402,3,3,5,2,-26.7
20240401,402,3,4,5,2,-14.4
20240401,402,3,5,5,2,-8.2
20240401,402,4,1,5,2,-86.2
20240401,402,4,2,5,2,-35.1
20240401,402,4,3,5,2,-20.8
20240401,402,4,4,5,2,-11.2
20240401,402,4,5,5,2,-6.4
20240401,402,5,1,5,2,-55.4
20240401,402,5,2,5,2,-22.6
20240401,402,5,3,5,2,-13.3
20240401,402,5,4,5,2,-7.2
20240401,402,5,5,5,2,-4.1
20240401,402,6,1,5,2,-37.0
20240401,402,6,2,5,2,-15.1
20240401,402,6,3,5,2,-8.9
20240401,402,6,4,5,2,-4.8
20240401,402,6,5,5,2,-2.7
20240401,402,1,1,6,2,-71.9
20240401,402,1,2,6,2,-29.3
20240401,402,1,3,6,2,-17.3
20240401,402,1,4,6,2,-9.3
20240401,402,1,5,6,2,-5.3
20240401,402,2,1,6,2,-55.1
20240401,402,2,2,6,2,-22.4
20240401,402,2,3,6,2,-13.3
20240401,402,2,4,6,2,-7.1
20240401,402,2,5,6,2,-4.1
20240401,402,3,1,6,2,-43.1
20240401,402,3,2,6,2,-17.6
20240401,402,3,3,6,2,-10.4
20240401,402,3,4,6,2,-5.6
20240401,402,3,5,6,2,-3.2
20240401,402,4,1,6,2,-33.5
20240401,402,4,2,6,2,-13.7
20240401,402,4,3,6,2,-8.1
20240401,402,4,4,6,2,-4.3
20240401,402,4,5,6,2,-2.5
20240401,402,5,1,6,2,-21.6
20240401,402,5,2,6,2,-8.8
20240401,402,5,3,6,2,-5.2
20240401,402,5,4,6,2,-2.8
20240401,402,5,5,6,2,-1.6
20240401,402,6,1,6,2,-14.4
20240401,402,6,2,6,2,-5.9
20240401,402,6,3,6,2,-3.5
20240401,402,6,4,6,2,-1.9
20240401,402,6,5,6,2,-1.1
20240401,403,1,1,7,2,-66.2
20240401,403,1,2,7,2,-27.0
20240401,403,1,3,7,2,-15.9
20240401,403,1,4,7,2,-8.6
20240401,403,1,5,7,2,-4.9
20240401,403,2,1,7,2,-50.8
20240401,403,2,2,7,2,-20.7
20240401,403,2,3,7,2,-12.2
20240401,403,2,4,7,2,-6.6
20240401,403,2,5,7,2,-3.8
20240401,403,3,1,7,2,-39.7
20240401,403,3,2,7,2,-16.2
20240401,403,3,3,7,2,-9.6
20240401,403,3,4,7,2,-5.2
20240401,403,3,5,7,2,-2.9
20240401,403,4,1,7,2,-30.9
20240401,403,4,2,7,2,-12.6
20240401,403,4,3,7,2,-7.4
20240401,403,4,4,7,2,-4.0
20240401,403,4,5,7,2,-2.3
20240401,403,5,1,7,2,-19.9
20240401,403,5,2,7,2,-8.1
20240401,403,5,3,7,2,-4.8
20240401,403,5,4,7,2,-2.6
20240401,403,5,5,7,2,-1.5
20240401,403,6,1,7,2,-13.2
20240401,403,6,2,7,2,-5.4
20240401,403,6,3,7,2,-3.2
20240401,403,6,4,7,2,-1.7
20240401,403,6,5,7,2,-1.0
20240401,403,1,1,8,2,-48.0
20240401,403,1,2,8,2,-19.5
20240401,403,1,3,8,2,-11.5
20240401,403,1,4,8,2,-6.2
20240401,403,1,5,8,2,-3.6
20240401,403,2,1,8,2,-36.8
20240401,403,2,2,8,2,-15.0
20240401,403,2,3,8,2,-8.9
20240401,403,2,4,8,2,-4.8
20240401,403,2,5,8,2,-2.7
20240401,403,3,1,8,2,-28.8
20240401,403,3,2,8,2,-11.7
20240401,403,3,3,8,2,-6.9
20240401,403,3,4,8,2,-3.7
20240401,403,3,5,8,2,-2.1
20240401,403,4,1,8,2,-22.4
20240401,403,4,2,8,2,-9.1
20240401,403,4,3,8,2,-5.4
20240401,403,4,4,8,2,-2.9
20240401,403,4,5,8,2,-1.7
20240401,403,5,1,8,2,-14.4
20240401,403,5,2,8,2,-5.9
20240401,403,5,3,8,2,-3.5
20240401,403,5,4,8,2,-1.9
20240401,403,5,5,8,2,-1.1
20240401,403,6,1,8,2,-9.6
20240401,403,6,2,8,2,-3.9
20240401,403,6,3,8,2,-2.3
20240401,403,6,4,8,2,-1.2
20240401,403,6,5,8,2,-0.7
20240401,404,1,1,7,2,-18.3
20240401,404,1,2,7,2,-7.5
20240401,404,1,3,7,2,-4.4
20240401,404,1,4,7,2,-2.4
20240401,404,1,5,7,2,-1.4
20240401,404,2,1,7,2,-14.1
20240401,404,2,2,7,2,-5.7
20240401,404,2,3,7,2,-3.4
20240401,404,2,4,7,2,-1.8
20240401,404,2,5,7,2,-1.0
20240401,404,3,1,7,2,-11.0
20240401,404,3,2,7,2,-4.5
20240401,404,3,3,7,2,-2.6
20240401,404,3,4,7,2,-1.4
20240401,404,3,5,7,2,-0.8
20240401,404,4,1,7,2,-8.6
20240401,404,4,2,7,2,-3.5
20240401,404,4,3,7,2,-2.1
20240401,404,4,4,7,2,-1.1
20240401,404,4,5,7,2,-0.6
20240401,404,5,1,7,2,-5.5
20240401,404,5,2,7,2,-2.2
20240401,404,5,3,7,2,-1.3
20240401,404,5,4,7,2,-0.7
20240401,404,5,5,7,2,-0.4
20240401,404,6,1,7,2,-3.7
20240401,404,6,2,7,2,-1.5
20240401,404,6,3,7,2,-0.9
20240401,404,6,4,7,2,-0.5
20240401,404,6,5,7,2,-0.3
20240401,404,1,1,8,2,-18.3
20240401,404,1,2,8,2,-7.5
20240401,404,1,3,8,2,-4.4
20240401,404,1,4,8,2,-2.4
20240401,404,1,5,8,2,-1.4
20240401,404,2,1,8,2,-14.1
20240401,404,2,2,8,2,-5.7
20240401,404,2,3,8,2,-3.4
20240401,404,2,4,8,2,-1.8
20240401,404,2,5,8,2,-1.0
20240401,404,3,1,8,2,-11.0
20240401,404,3,2,8,2,-4.5
20240401,404,3,3,8,2,-2.6
20240401,404,3,4,8,2,-1.4
20240401,404,3,5,8,2,-0.8
20240401,404,4,1,8,2,-8.6
20240401,404,4,2,8,2,-3.5
20240401,404,4,3,8,2,-2.1
20240401,404,4,4,8,2,-1.1
20240401,404,4,5,8,2,-0.6
20240401,404,5,1,8,2,-5.5
20240401,404,5,2,8,2,-2.2
20240401,404,5,3,8,2,-1.3
20240401,404,5,4,8,2,-0.7
20240401,404,5,5,8,2,-0.4
20240401,404,6,1,8,2,-3.7
20240401,404,6,2,8,2,-1.5
20240401,404,6,3,8,2,-0.9
20240401,404,6,4,8,2,-0.5
20240401,404,6,5,8,2,-0.3
20240401,301,1,1,7,2,5599.8
20240401,501,1,1,7,2,1526.5
20240401,502,1,1,7,2,1300.2
20240401,503,1,1,7,2,-78.3
20240401,504,1,1,7,2,965.3
20240401,601,1,1,7,2,1448.2
20240401,602,1,1,7,2,-356.9
20240401,603,1,1,7,2,66804.0
20240501,101,1,1,5,2,652.2
20240501,101,1,2,5,2,265.3
20240501,101,1,3,5,2,157.3
20240501,101,1,4,5,2,86.1
20240501,101,1,5,5,2,48.8
20240501,101,2,1,5,2,506.6
20240501,101,2,2,5,2,202.7
20240501,101,2,3,5,2,122.7
20240501,101,2,4,5,2,66.2
20240501,101,2,5,5,2,37.2
20240501,101,3,1,5,2,390.4
20240501,101,3,2,5,2,159.0
20240501,101,3,3,5,2,96.1
20240501,101,3,4,5,2,52.1
20240501,101,3,5,5,2,29.2
20240501,101,4,1,5,2,306.7
20240501,101,4,2,5,2,126.0
20240501,101,4,3,5,2,73.4
20240501,101,4,4,5,2,39.1
20240501,101,4,5,5,2,22.4
20240501,101,5,1,5,2,197.4
20240501,101,5,2,5,2,81.5
20240501,101,5,3,5,2,47.4
20240501,101,5,4,5,2,25.3
20240501,101,5,5,5,2,14.5
20240501,101,6,1,5,2,130.5
20240501,101,6,2,5,2,54.2
20240501,101,6,3,5,2,32.1
20240501,101,6,4,5,2,17.0
20240501,101,6,5,5,2,9.8
20240501,102,1,1,5,2,171.3
20240501,102,1,2,5,2,69.1
20240501,102,1,3,5,2,41.3
20240501,102,1,4,5,2,22.7
20240501,102,1,5,5,2,12.6
20240501,102,2,1,5,2,132.5
20240501,102,2,2,5,2,53.4
20240501,102,2,3,5,2,31.4
20240501,102,2,4,5,2,17.2
20240501,102,2,5,5,2,9.9
20240501,102,3,1,5,2,103.0
20240501,102,3,2,5,2,41.7
20240501,102,3,3,5,2,24.5
20240501,102,3,4,5,2,13.1
20240501,102,3,5,5,2,7.7
20240501,102,4,1,5,2,79.2
20240501,102,4,2,5,2,32.2
20240501,102,4,3,5,2,19.0
20240501,102,4,4,5,2,10.4
20240501,102,4,5,5,2,5.9
20240501,102,5,1,5,2,50.8
20240501,102,5,2,5,2,21.3
20240501,102,5,3,5,2,12.6
20240501,102,5,4,5,2,6.8
20240501,102,5,5,5,2,3.8
20240501,102,6,1,5,2,34.8
20240501,102,6,2,5,2,13.8
20240501,102,6,3,5,2,8.3
20240501,102,6,4,5,2,4.4
20240501,102,6,5,5,2,2.5
20240501,103,1,1,5,2,598.0
20240501,103,1,2,5,2,246.1
20240501,103,1,3,5,2,143.5
20240501,103,1,4,5,2,77.9
20240501,103,1,5,5,2,44.7
20240501,103,2,1,5,2,455.9
20240501,103,2,2,5,2,191.0
20240501,103,2,3,5,2,110.0
20240501,103,2,4,5,2,60.6
20240501,103,2,5,5,2,34.6
20240501,103,3,1,5,2,360.8
20240501,103,3,2,5,2,146.4
20240501,103,3,3,5,2,86.3
20240501,103,3,4,5,2,47.0
20240501,103,3,5,5,2,26.8
20240501,103,4,1,5,2,281.8
20240501,103,4,2,5,2,114.6
20240501,103,4,3,5,2,67.4
20240501,103,4,4,5,2,35.9
20240501,103,4,5,5,2,21.1
20240501,103,5,1,5,2,180.9
20240501,103,5,2,5,2,73.1
20240501,103,5,3,5,2,42.9
20240501,103,5,4,5,2,23.0
20240501,103,5,5,5,2,13.5
20240501,103,6,1,5,2,120.2
20240501,103,6,2,5,2,49.5
20240501,103,6,3,5,2,29.4
20240501,103,6,4,5,2,15.5
20240501,103,6,5,5,2,8.8
20240501,201,1,1,1,2,-198.3
20240501,201,1,1,2,2,-93.3
20240501,201,1,2,1,2,-80.8
20240501,201,1,2,2,2,-38.0
20240501,201,1,3,1,2,-47.7
20240501,201,1,3,2,2,-22.5
20240501,201,1,4,1,2,-25.7
20240501,201,1,4,2,2,-12.1
20240501,201,1,5,1,2,-14.7
20240501,201,1,5,2,2,-6.9
20240501,201,2,1,1,2,-152.0
20240501,201,2,1,2,2,-71.5
20240501,201,2,2,1,2,-61.9
20240501,201,2,2,2,2,-29.1
20240501,201,2,3,1,2,-36.6
20240501,201,2,3,2,2,-17.2
20240501,201,2,4,1,2,-19.7
20240501,201,2,4,2,2,-9.3
20240501,201,2,5,1,2,-11.3
20240501,201,2,5,2,2,-5.3
20240501,201,3,1,1,2,-119.0
20240501,201,3,1,2,2,-56.0
20240501,201,3,2,1,2,-48.5
20240501,201,3,2,2,2,-22.8
20240501,201,3,3,1,2,-28.6
20240501,201,3,3,2,2,-13.5
20240501,201,3,4,1,2,-15.4
20240501,201,3,4,2,2,-7.3
20240501,201,3,5,1,2,-8.8
20240501,201,3,5,2,2,-4.1
20240501,201,4,1,1,2,-92.5
20240501,201,4,1,2,2,-43.6
20240501,201,4,2,1,2,-37.7
20240501,201,4,2,2,2,-17.7
20240501,201,4,3,1,2,-22.3
20240501,201,4,3,2,2,-10.5
20240501,201,4,4,1,2,-12.0
20240501,201,4,4,2,2,-5.6
20240501,201,4,5,1,2,-6.9
20240501,201,4,5,2,2,-3.2
20240501,201,5,1,1,2,-59.5
20240501,201,5,1,2,2,-28.0
20240501,201,5,2,1,2,-24.2
20240501,201,5,2,2,2,-11.4
20240501,201,5,3,1,2,-14.3
20240501,201,5,3,2,2,-6.7
20240501,201,5,4,1,2,-7.7
20240501,201,5,4,2,2,-3.6
20240501,201,5,5,1,2,-4.4
20240501,201,5,5,2,2,-2.1
20240501,201,6,1,1,2,-39.7
20240501,201,6,1,2,2,-18.7
20240501,201,6,2,1,2,-16.2
20240501,201,6,2,2,2,-7.6
20240501,201,6,3,1,2,-9.5
20240501,201,6,3,2,2,-4.5
20240501,201,6,4,1,2,-5.1
20240501,201,6,4,2,2,-2.4
20240501,201,6,5,1,2,-2.9
20240501,201,6,5,2,2,-1.4
20240501,202,1,1,1,2,-143.6
20240501,202,1,1,2,2,-67.6
20240501,202,1,2,1,2,-58.5
20240501,202,1,2,2,2,-27.5
20240501,202,1,3,1,2,-34.6
20240501,202,1,3,2,2,-16.3
20240501,202,1,4,1,2,-18.6
20240501,202,1,4,2,2,-8.8
20240501,202,1,5,1,2,-10.6
20240501,202,1,5,2,2,-5.0
20240501,202,2,1,1,2,-110.1
20240501,202,2,1,2,2,-51.8
20240501,202,2,2,1,2,-44.9
20240501,202,2,2,2,2,-21.1
20240501,202,2,3,1,2,-26.5
20240501,202,2,3,2,2,-12.5
20240501,202,2,4,1,2,-14.3
20240501,202,2,4,2,2,-6.7
20240501,202,2,5,1,2,-8.2
20240501,202,2,5,2,2,-3.8
20240501,202,3,1,1,2,-86.2
20240501,202,3,1,2,2,-40.5
20240501,202,3,2,1,2,-35.1
20240501,202,3,2,2,2,-16.5
20240501,202,3,3,1,2,-20.7
20240501,202,3,3,2,2,-9.8
20240501,202,3,4,1,2,-11.2
20240501,202,3,4,2,2,-5.3
20240501,202,3,5,1,2,-6.4
20240501,202,3,5,2,2,-3.0
20240501,202,4,1,1,2,-67.0
20240501,202,4,1,2,2,-31.5
20240501,202,4,2,1,2,-27.3
20240501,202,4,2,2,2,-12.8
20240501,202,4,3,1,2,-16.1
20240501,202,4,3,2,2,-7.6
20240501,202,4,4,1,2,-8.7
20240501,202,4,4,2,2,-4.1
20240501,202,4,5,1,2,-5.0
20240501,202,4,5,2,2,-2.3
20240501,202,5,1,1,2,-43.1
20240501,202,5,1,2,2,-20.3
20240501,202,5,2,1,2,-17.6
20240501,202,5,2,2,2,-8.3
20240501,202,5,3,1,2,-10.4
20240501,202,5,3,2,2,-4.9
20240501,202,5,4,1,2,-5.6
20240501,202,5,4,2,2,-2.6
20240501,202,5,5,1,2,-3.2
20240501,202,5,5,2,2,-1.5
20240501,202,6,1,1,2,-28.7
20240501,202,6,1,2,2,-13.5
20240501,202,6,2,1,2,-11.7
20240501,202,6,2,2,2,-5.5
20240501,202,6,3,1,2,-6.9
20240501,202,6,3,2,2,-3.3
20240501,202,6,4,1,2,-3.7
20240501,202,6,4,2,2,-1.8
20240501,202,6,5,1,2,-2.1
20240501,202,6,5,2,2,-1.0
20240501,401,1,1,3,2,-216.6
20240501,401,1,2,3,2,-88.2
20240501,401,1,3,3,2,-52.1
20240501,401,1,4,3,2,-28.1
20240501,401,1,5,3,2,-16.0
20240501,401,2,1,3,2,-166.1
20240501,401,2,2,3,2,-67.7
20240501,401,2,3,3,2,-40.0
20240501,401,2,4,3,2,-21.5
20240501,401,2,5,3,2,-12.3
20240501,401,3,1,3,2,-130.0
20240501,401,3,2,3,2,-52.9
20240501,401,3,3,3,2,-31.3
20240501,401,3,4,3,2,-16.8
20240501,401,3,5,3,2,-9.6
20240501,401,4,1,3,2,-101.1
20240501,401,4,2,3,2,-41.2
20240501,401,4,3,3,2,-24.3
20240501,401,4,4,3,2,-13.1
20240501,401,4,5,3,2,-7.5
20240501,401,5,1,3,2,-65.0
20240501,401,5,2,3,2,-26.5
20240501,401,5,3,3,2,-15.6
20240501,401,5,4,3,2,-8.4
20240501,401,5,5,3,2,-4.8
20240501,401,6,1,3,2,-43.3
20240501,401,6,2,3,2,-17.6
20240501,401,6,3,3,2,-10.4
20240501,401,6,4,3,2,-5.6
20240501,401,6,5,3,2,-3.2
20240501,401,1,1,4,2,-76.1
20240501,401,1,2,4,2,-31.0
20240501,401,1,3,4,2,-18.3
20240501,401,1,4,4,2,-9.9
20240501,401,1,5,4,2,-5.6
20240501,401,2,1,4,2,-58.3
20240501,401,2,2,4,2,-23.8
20240501,401,2,3,4,2,-14.0
20240501,401,2,4,4,2,-7.6
20240501,401,2,5,4,2,-4.3
20240501,401,3,1,4,2,-45.7
20240501,401,3,2,4,2,-18.6
20240501,401,3,3,4,2,-11.0
20240501,401,3,4,4,2,-5.9
20240501,401,3,5,4,2,-3.4
20240501,401,4,1,4,2,-35.5
20240501,401,4,2,4,2,-14.5
20240501,401,4,3,4,2,-8.5
20240501,401,4,4,4,2,-4.6
20240501,401,4,5,4,2,-2.6
20240501,401,5,1,4,2,-22.8
20240501,401,5,2,4,2,-9.3
20240501,401,5,3,4,2,-5.5
20240501,401,5,4,4,2,-3.0
20240501,401,5,5,4,2,-1.7
20240501,401,6,1,4,2,-15.2
20240501,401,6,2,4,2,-6.2
20240501,401,6,3,4,2,-3.7
20240501,401,6,4,4,2,-2.0
20240501,401,6,5,4,2,-1.1
20240501,402,1,1,5,2,-187.1
20240501,402,1,2,5,2,-76.2
20240501,402,1,3,5,2,-45.0
20240501,402,1,4,5,2,-24.3
20240501,402,1,5,5,2,-13.9
20240501,402,2,1,5,2,-143.4
20240501,402,2,2,5,2,-58.4
20240501,402,2,3,5,2,-34.5
20240501,402,2,4,5,2,-18.6
20240501,402,2,5,5,2,-10.6
20240501,402,3,1,5,2,-112.3
20240501,402,3,2,5,2,-45.7
20240501,402,3,3,5,2,-27.0
20240501,402,3,4,5,2,-14.6
20240501,402,3,5,5,2,-8.3
20240501,402,4,1,5,2,-87.3
20240501,402,4,2,5,2,-35.6
20240501,402,4,3,5,2,-21.0
20240501,402,4,4,5,2,-11.3
20240501,402,4,5,5,2,-6.5
20240501,402,5,1,5,2,-56.1
20240501,402,5,2,5,2,-22.9
20240501,402,5,3,5,2,-13.5
20240501,402,5,4,5,2,-7.3
20240501,402,5,5,5,2,-4.2
20240501,402,6,1,5,2,-37.4
20240501,402,6,2,5,2,-15.2
20240501,402,6,3,5,2,-9.0
20240501,402,6,4,5,2,-4.9
20240501,402,6,5,5,2,-2.8
20240501,402,1,1,6,2,-72.8
20240501,402,1,2,6,2,-29.6
20240501,402,1,3,6,2,-17.5
20240501,402,1,4,6,2,-9.4
20240501,402,1,5,6,2,-5.4
20240501,402,2,1,6,2,-55.8
20240501,402,2,2,6,2,-22.7
20240501,402,2,3,6,2,-13.4
20240501,402,2,4,6,2,-7.2
20240501,402,2,5,6,2,-4.1
20240501,402,3,1,6,2,-43.7
20240501,402,3,2,6,2,-17.8
20240501,402,3,3,6,2,-10.5
20240501,402,3,4,6,2,-5.7
20240501,402,3,5,6,2,-3.2
20240501,402,4,1,6,2,-34.0
20240501,402,4,2,6,2,-13.8
20240501,402,4,3,6,2,-8.2
20240501,402,4,4,6,2,-4.4
20240501,402,4,5,6,2,-2.5
20240501,402,5,1,6,2,-21.8
20240501,402,5,2,6,2,-8.9
20240501,402,5,3,6,2,-5.3
20240501,402,5,4,6,2,-2.8
20240501,402,5,5,6,2,-1.6
20240501,402,6,1,6,2,-14.6
20240501,402,6,2,6,2,-5.9
20240501,402,6,3,6,2,-3.5
20240501,402,6,4,6,2,-1.9
20240501,402,6,5,6,2,-1.1
20240501,403,1,1,7,2,-67.1
20240501,403,1,2,7,2,-27.3
20240501,403,1,3,7,2,-16.1
20240501,403,1,4,7,2,-8.7
20240501,403,1,5,7,2,-5.0
20240501,403,2,1,7,2,-51.4
20240501,403,2,2,7,2,-21.0
20240501,403,2,3,7,2,-12.4
20240501,403,2,4,7,2,-6.7
20240501,403,2,5,7,2,-3.8
20240501,403,3,1,7,2,-40.2
20240501,403,3,2,7,2,-16.4
20240501,403,3,3,7,2,-9.7
20240501,403,3,4,7,2,-5.2
20240501,403,3,5,7,2,-3.0
20240501,403,4,1,7,2,-31.3
20240501,403,4,2,7,2,-12.8
20240501,403,4,3,7,2,-7.5
20240501,403,4,4,7,2,-4.1
20240501,403,4,5,7,2,-2.3
20240501,403,5,1,7,2,-20.1
20240501,403,5,2,7,2,-8.2
20240501,403,5,3,7,2,-4.8
20240501,403,5,4,7,2,-2.6
20240501,403,5,5,7,2,-1.5
20240501,403,6,1,7,2,-13.4
20240501,403,6,2,7,2,-5.5
20240501,403,6,3,7,2,-3.2
20240501,403,6,4,7,2,-1.7
20240501,403,6,5,7,2,-1.0
20240501,403,1,1,8,2,-48.6
20240501,403,1,2,8,2,-19.8
20240501,403,1,3,8,2,-11.7
20240501,403,1,4,8,2,-6.3
20240501,403,1,5,8,2,-3.6
20240501,403,2,1,8,2,-37.2
20240501,403,2,2,8,2,-15.2
20240501,403,2,3,8,2,-9.0
20240501,403,2,4,8,2,-4.8
20240501,403,2,5,8,2,-2.8
20240501,403,3,1,8,2,-29.1
20240501,403,3,2,8,2,-11.9
20240501,403,3,3,8,2,-7.0
20240501,403,3,4,8,2,-3.8
20240501,403,3,5,8,2,-2.2
20240501,403,4,1,8,2,-22.7
20240501,403,4,2,8,2,-9.2
20240501,403,4,3,8,2,-5.5
20240501,403,4,4,8,2,-2.9
20240501,403,4,5,8,2,-1.7
20240501,403,5,1,8,2,-14.6
20240501,403,5,2,8,2,-5.9
20240501,403,5,3,8,2,-3.5
20240501,403,5,4,8,2,-1.9
20240501,403,5,5,8,2,-1.1
20240501,403,6,1,8,2,-9.7
20240501,403,6,2,8,2,-4.0
20240501,403,6,3,8,2,-2.3
20240501,403,6,4,8,2,-1.3
20240501,403,6,5,8,2,-0.7
20240501,404,1,1,7,2,-18.6
20240501,404,1,2,7,2,-7.6
20240501,404,1,3,7,2,-4.5
20240501,404,1,4,7,2,-2.4
20240501,404,1,5,7,2,-1.4
20240501,404,2,1,7,2,-14.2
20240501,404,2,2,7,2,-5.8
20240501,404,2,3,7,2,-3.4
20240501,404,2,4,7,2,-1.8
20240501,404,2,5,7,2,-1.1
20240501,404,3,1,7,2,-11.1
20240501,404,3,2,7,2,-4.5
20240501,404,3,3,7,2,-2.7
20240501,404,3,4,7,2,-1.4
20240501,404,3,5,7,2,-0.8
20240501,404,4,1,7,2,-8.7
20240501,404,4,2,7,2,-3.5
20240501,404,4,3,7,2,-2.1
20240501,404,4,4,7,2,-1.1
20240501,404,4,5,7,2,-0.6
20240501,404,5,1,7,2,-5.6
20240501,404,5,2,7,2,-2.3
20240501,404,5,3,7,2,-1.3
20240501,404,5,4,7,2,-0.7
20240501,404,5,5,7,2,-0.4
20240501,404,6,1,7,2,-3.7
20240501,404,6,2,7,2,-1.5
20240501,404,6,3,7,2,-0.9
20240501,404,6,4,7,2,-0.5
20240501,404,6,5,7,2,-0.3
20240501,404,1,1,8,2,-18.6
20240501,404,1,2,8,2,-7.6
20240501,404,1,3,8,2,-4.5
20240501,404,1,4,8,2,-2.4
20240501,404,1,5,8,2,-1.4
20240501,404,2,1,8,2,-14.2
20240501,404,2,2,8,2,-5.8
20240501,404,2,3,8,2,-3.4
20240501,404,2,4,8,2,-1.8
20240501,404,2,5,8,2,-1.1
20240501,404,3,1,8,2,-11.1
20240501,404,3,2,8,2,-4.5
20240501,404,3,3,8,2,-2.7
20240501,404,3,4,8,2,-1.4
20240501,404,3,5,8,2,-0.8
20240501,404,4,1,8,2,-8.7
20240501,404,4,2,8,2,-3.5
20240501,404,4,3,8,2,-2.1
20240501,404,4,4,8,2,-1.1
20240501,404,4,5,8,2,-0.6
20240501,404,5,1,8,2,-5.6
20240501,404,5,2,8,2,-2.3
20240501,404,5,3,8,2,-1.3
20240501,404,5,4,8,2,-0.7
20240501,404,5,5,8,2,-0.4
20240501,404,6,1,8,2,-3.7
20240501,404,6,2,8,2,-1.5
20240501,404,6,3,8,2,-0.9
20240501,404,6,4,8,2,-0.5
20240501,404,6,5,8,2,-0.3
20240501,301,1,1,7,2,5709.7
20240501,501,1,1,7,2,1584.9
20240501,502,1,1,7,2,1355.7
20240501,503,1,1,7,2,-79.3
20240501,504,1,1,7,2,1008.4
20240501,601,1,1,7,2,1505.6
20240501,602,1,1,7,2,-361.4
20240501,603,1,1,7,2,67802.7
20240601,101,1,1,5,2,678.6
20240601,101,1,2,5,2,275.5
20240601,101,1,3,5,2,166.9
20240601,101,1,4,5,2,89.3
20240601,101,1,5,5,2,50.8
20240601,101,2,1,5,2,523.2
20240601,101,2,2,5,2,214.0
20240601,101,2,3,5,2,128.4
20240601,101,2,4,5,2,67.4
20240601,101,2,5,5,2,38.4
20240601,101,3,1,5,2,418.9
20240601,101,3,2,5,2,165.4
20240601,101,3,3,5,2,99.1
20240601,101,3,4,5,2,54.0
20240601,101,3,5,5,2,30.5
20240601,101,4,1,5,2,324.2
20240601,101,4,2,5,2,130.0
20240601,101,4,3,5,2,76.7
20240601,101,4,4,5,2,41.2
20240601,101,4,5,5,2,23.4
20240601,101,5,1,5,2,207.9
20240601,101,5,2,5,2,84.4
20240601,101,5,3,5,2,49.0
20240601,101,5,4,5,2,27.0
20240601,101,5,5,5,2,15.0
20240601,101,6,1,5,2,139.3
20240601,101,6,2,5,2,56.6
20240601,101,6,3,5,2,33.1
20240601,101,6,4,5,2,17.8
20240601,101,6,5,5,2,10.1
20240601,102,1,1,5,2,176.6
20240601,102,1,2,5,2,72.8
20240601,102,1,3,5,2,43.3
20240601,102,1,4,5,2,23.1
20240601,102,1,5,5,2,13.2
20240601,102,2,1,5,2,135.2
20240601,102,2,2,5,2,56.8
20240601,102,2,3,5,2,33.6
20240601,102,2,4,5,2,18.1
20240601,102,2,5,5,2,10.3
20240601,102,3,1,5,2,107.3
20240601,102,3,2,5,2,44.3
20240601,102,3,3,5,2,26.2
20240601,102,3,4,5,2,14.2
20240601,102,3,5,5,2,7.8
20240601,102,4,1,5,2,85.1
20240601,102,4,2,5,2,34.5
20240601,102,4,3,5,2,20.1
20240601,102,4,4,5,2,10.7
20240601,102,4,5,5,2,6.1
20240601,102,5,1,5,2,53.1
20240601,102,5,2,5,2,21.7
20240601,102,5,3,5,2,12.9
20240601,102,5,4,5,2,7.0
20240601,102,5,5,5,2,4.0
20240601,102,6,1,5,2,35.9
20240601,102,6,2,5,2,14.4
20240601,102,6,3,5,2,8.6
20240601,102,6,4,5,2,4.7
20240601,102,6,5,5,2,2.6
20240601,103,1,1,5,2,637.9
20240601,103,1,2,5,2,251.5
20240601,103,1,3,5,2,148.7
20240601,103,1,4,5,2,80.6
20240601,103,1,5,5,2,47.0
20240601,103,2,1,5,2,482.4
20240601,103,2,2,5,2,198.9
20240601,103,2,3,5,2,115.9
20240601,103,2,4,5,2,61.3
20240601,103,2,5,5,2,36.1
20240601,103,3,1,5,2,383.1
20240601,103,3,2,5,2,150.6
20240601,103,3,3,5,2,89.4
20240601,103,3,4,5,2,49.6
20240601,103,3,5,5,2,28.1
20240601,103,4,1,5,2,292.7
20240601,103,4,2,5,2,121.1
20240601,103,4,3,5,2,69.4
20240601,103,4,4,5,2,37.4
20240601,103,4,5,5,2,21.7
20240601,103,5,1,5,2,191.4
20240601,103,5,2,5,2,77.3
20240601,103,5,3,5,2,45.6
20240601,103,5,4,5,2,24.6
20240601,103,5,5,5,2,13.7
20240601,103,6,1,5,2,124.7
20240601,103,6,2,5,2,51.0
20240601,103,6,3,5,2,30.7
20240601,103,6,4,5,2,16.5
20240601,103,6,5,5,2,9.4
20240601,201,1,1,1,2,-204.1
20240601,201,1,1,2,2,-96.0
20240601,201,1,2,1,2,-83.1
20240601,201,1,2,2,2,-39.1
20240601,201,1,3,1,2,-49.1
20240601,201,1,3,2,2,-23.1
20240601,201,1,4,1,2,-26.5
20240601,201,1,4,2,2,-12.4
20240601,201,1,5,1,2,-15.1
20240601,201,1,5,2,2,-7.1
20240601,201,2,1,1,2,-156.5
20240601,201,2,1,2,2,-73.6
20240601,201,2,2,1,2,-63.7
20240601,201,2,2,2,2,-30.0
20240601,201,2,3,1,2,-37.7
20240601,201,2,3,2,2,-17.7
20240601,201,2,4,1,2,-20.3
20240601,201,2,4,2,2,-9.5
20240601,201,2,5,1,2,-11.6
20240601,201,2,5,2,2,-5.5
20240601,201,3,1,1,2,-122.4
20240601,201,3,1,2,2,-57.6
20240601,201,3,2,1,2,-49.9
20240601,201,3,2,2,2,-23.5
20240601,201,3,3,1,2,-29.5
20240601,201,3,3,2,2,-13.9
20240601,201,3,4,1,2,-15.9
20240601,201,3,4,2,2,-7.5
20240601,201,3,5,1,2,-9.1
20240601,201,3,5,2,2,-4.3
20240601,201,4,1,1,2,-95.2
20240601,201,4,1,2,2,-44.8
20240601,201,4,2,1,2,-38.8
20240601,201,4,2,2,2,-18.3
20240601,201,4,3,1,2,-22.9
20240601,201,4,3,2,2,-10.8
20240601,201,4,4,1,2,-12.3
20240601,201,4,4,2,2,-5.8
20240601,201,4,5,1,2,-7.1
20240601,201,4,5,2,2,-3.3
20240601,201,5,1,1,2,-61.2
20240601,201,5,1,2,2,-28.8
20240601,201,5,2,1,2,-24.9
20240601,201,5,2,2,2,-11.7
20240601,201,5,3,1,2,-14.7
20240601,201,5,3,2,2,-6.9
20240601,201,5,4,1,2,-7.9
20240601,201,5,4,2,2,-3.7
20240601,201,5,5,1,2,-4.5
20240601,201,5,5,2,2,-2.1
20240601,201,6,1,1,2,-40.8
20240601,201,6,1,2,2,-19.2
20240601,201,6,2,1,2,-16.6
20240601,201,6,2,2,2,-7.8
20240601,201,6,3,1,2,-9.8
20240601,201,6,3,2,2,-4.6
20240601,201,6,4,1,2,-5.3
20240601,201,6,4,2,2,-2.5
20240601,201,6,5,1,2,-3.0
20240601,201,6,5,2,2,-1.4
20240601,202,1,1,1,2,-147.8
20240601,202,1,1,2,2,-69.5
20240601,202,1,2,1,2,-60.2
20240601,202,1,2,2,2,-28.3
20240601,202,1,3,1,2,-35.6
20240601,202,1,3,2,2,-16.7
20240601,202,1,4,1,2,-19.2
20240601,202,1,4,2,2,-9.0
20240601,202,1,5,1,2,-10.9
20240601,202,1,5,2,2,-5.2
20240601,202,2,1,1,2,-113.3
20240601,202,2,1,2,2,-53.3
20240601,202,2,2,1,2,-46.2
20240601,202,2,2,2,2,-21.7
20240601,202,2,3,1,2,-27.3
20240601,202,2,3,2,2,-12.8
20240601,202,2,4,1,2,-14.7
20240601,202,2,4,2,2,-6.9
20240601,202,2,5,1,2,-8.4
20240601,202,2,5,2,2,-3.9
20240601,202,3,1,1,2,-88.7
20240601,202,3,1,2,2,-41.7
20240601,202,3,2,1,2,-36.1
20240601,202,3,2,2,2,-17.0
20240601,202,3,3,1,2,-21.3
20240601,202,3,3,2,2,-10.0
20240601,202,3,4,1,2,-11.5
20240601,202,3,4,2,2,-5.4
20240601,202,3,5,1,2,-6.6
20240601,202,3,5,2,2,-3.1
20240601,202,4,1,1,2,-69.0
20240601,202,4,1,2,2,-32.5
20240601,202,4,2,1,2,-28.1
20240601,202,4,2,2,2,-13.2
20240601,202,4,3,1,2,-16.6
20240601,202,4,3,2,2,-7.8
20240601,202,4,4,1,2,-8.9
20240601,202,4,4,2,2,-4.2
20240601,202,4,5,1,2,-5.1
20240601,202,4,5,2,2,-2.4
20240601,202,5,1,1,2,-44.3
20240601,202,5,1,2,2,-20.9
20240601,202,5,2,1,2,-18.1
20240601,202,5,2,2,2,-8.5
20240601,202,5,3,1,2,-10.7
20240601,202,5,3,2,2,-5.0
20240601,202,5,4,1,2,-5.7
20240601,202,5,4,2,2,-2.7
20240601,202,5,5,1,2,-3.3
20240601,202,5,5,2,2,-1.5
20240601,202,6,1,1,2,-29.6
20240601,202,6,1,2,2,-13.9
20240601,202,6,2,1,2,-12.0
20240601,202,6,2,2,2,-5.7
20240601,202,6,3,1,2,-7.1
20240601,202,6,3,2,2,-3.3
20240601,202,6,4,1,2,-3.8
20240601,202,6,4,2,2,-1.8
20240601,202,6,5,1,2,-2.2
20240601,202,6,5,2,2,-1.0
20240601,401,1,1,3,2,-226.8
20240601,401,1,2,3,2,-92.4
20240601,401,1,3,3,2,-54.6
20240601,401,1,4,3,2,-29.4
20240601,401,1,5,3,2,-16.8
20240601,401,2,1,3,2,-173.9
20240601,401,2,2,3,2,-70.8
20240601,401,2,3,3,2,-41.9
20240601,401,2,4,3,2,-22.5
20240601,401,2,5,3,2,-12.9
20240601,401,3,1,3,2,-136.1
20240601,401,3,2,3,2,-55.4
20240601,401,3,3,3,2,-32.8
20240601,401,3,4,3,2,-17.6
20240601,401,3,5,3,2,-10.1
20240601,401,4,1,3,2,-105.8
20240601,401,4,2,3,2,-43.1
20240601,401,4,3,3,2,-25.5
20240601,401,4,4,3,2,-13.7
20240601,401,4,5,3,2,-7.8
20240601,401,5,1,3,2,-68.0
20240601,401,5,2,3,2,-27.7
20240601,401,5,3,3,2,-16.4
20240601,401,5,4,3,2,-8.8
20240601,401,5,5,3,2,-5.0
20240601,401,6,1,3,2,-45.4
20240601,401,6,2,3,2,-18.5
20240601,401,6,3,3,2,-10.9
20240601,401,6,4,3,2,-5.9
20240601,401,6,5,3,2,-3.4
20240601,401,1,1,4,2,-79.7
20240601,401,1,2,4,2,-32.5
20240601,401,1,3,4,2,-19.2
20240601,401,1,4,4,2,-10.3
20240601,401,1,5,4,2,-5.9
20240601,401,2,1,4,2,-61.1
20240601,401,2,2,4,2,-24.9
20240601,401,2,3,4,2,-14.7
20240601,401,2,4,4,2,-7.9
20240601,401,2,5,4,2,-4.5
20240601,401,3,1,4,2,-47.8
20240601,401,3,2,4,2,-19.5
20240601,401,3,3,4,2,-11.5
20240601,401,3,4,4,2,-6.2
20240601,401,3,5,4,2,-3.5
20240601,401,4,1,4,2,-37.2
20240601,401,4,2,4,2,-15.2
20240601,401,4,3,4,2,-9.0
20240601,401,4,4,4,2,-4.8
20240601,401,4,5,4,2,-2.8
20240601,401,5,1,4,2,-23.9
20240601,401,5,2,4,2,-9.7
20240601,401,5,3,4,2,-5.8
20240601,401,5,4,4,2,-3.1
20240601,401,5,5,4,2,-1.8
20240601,401,6,1,4,2,-15.9
20240601,401,6,2,4,2,-6.5
20240601,401,6,3,4,2,-3.8
20240601,401,6,4,4,2,-2.1
20240601,401,6,5,4,2,-1.2
20240601,402,1,1,5,2,-195.9
20240601,402,1,2,5,2,-79.8
20240601,402,1,3,5,2,-47.2
20240601,402,1,4,5,2,-25.4
20240601,402,1,5,5,2,-14.5
20240601,402,2,1,5,2,-150.2
20240601,402,2,2,5,2,-61.2
20240601,402,2,3,5,2,-36.2
20240601,402,2,4,5,2,-19.5
20240601,402,2,5,5,2,-11.1
20240601,402,3,1,5,2,-117.5
20240601,402,3,2,5,2,-47.9
20240601,402,3,3,5,2,-28.3
20240601,402,3,4,5,2,-15.2
20240601,402,3,5,5,2,-8.7
20240601,402,4,1,5,2,-91.4
20240601,402,4,2,5,2,-37.2
20240601,402,4,3,5,2,-22.0
20240601,402,4,4,5,2,-11.9
20240601,402,4,5,5,2,-6.8
20240601,402,5,1,5,2,-58.8
20240601,402,5,2,5,2,-23.9
20240601,402,5,3,5,2,-14.1
20240601,402,5,4,5,2,-7.6
20240601,402,5,5,5,2,-4.4
20240601,402,6,1,5,2,-39.2
20240601,402,6,2,5,2,-16.0
20240601,402,6,3,5,2,-9.4
20240601,402,6,4,5,2,-5.1
20240601,402,6,5,5,2,-2.9
20240601,402,1,1,6,2,-76.2
20240601,402,1,2,6,2,-31.0
20240601,402,1,3,6,2,-18.3
20240601,402,1,4,6,2,-9.9
20240601,402,1,5,6,2,-5.6
20240601,402,2,1,6,2,-58.4
20240601,402,2,2,6,2,-23.8
20240601,402,2,3,6,2,-14.1
20240601,402,2,4,6,2,-7.6
20240601,402,2,5,6,2,-4.3
20240601,402,3,1,6,2,-45.7
20240601,402,3,2,6,2,-18.6
20240601,402,3,3,6,2,-11.0
20240601,402,3,4,6,2,-5.9
20240601,402,3,5,6,2,-3.4
20240601,402,4,1,6,2,-35.6
20240601,402,4,2,6,2,-14.5
20240601,402,4,3,6,2,-8.6
20240601,402,4,4,6,2,-4.6
20240601,402,4,5,6,2,-2.6
20240601,402,5,1,6,2,-22.9
20240601,402,5,2,6,2,-9.3
20240601,402,5,3,6,2,-5.5
20240601,402,5,4,6,2,-3.0
20240601,402,5,5,6,2,-1.7
20240601,402,6,1,6,2,-15.2
20240601,402,6,2,6,2,-6.2
20240601,402,6,3,6,2,-3.7
20240601,402,6,4,6,2,-2.0
20240601,402,6,5,6,2,-1.1
20240601,403,1,1,7,2,-70.2
20240601,403,1,2,7,2,-28.6
20240601,403,1,3,7,2,-16.9
20240601,403,1,4,7,2,-9.1
20240601,403,1,5,7,2,-5.2
20240601,403,2,1,7,2,-53.8
20240601,403,2,2,7,2,-21.9
20240601,403,2,3,7,2,-13.0
20240601,403,2,4,7,2,-7.0
20240601,403,2,5,7,2,-4.0
20240601,403,3,1,7,2,-42.1
20240601,403,3,2,7,2,-17.2
20240601,403,3,3,7,2,-10.1
20240601,403,3,4,7,2,-5.5
20240601,403,3,5,7,2,-3.1
20240601,403,4,1,7,2,-32.8
20240601,403,4,2,7,2,-13.4
20240601,403,4,3,7,2,-7.9
20240601,403,4,4,7,2,-4.2
20240601,403,4,5,7,2,-2.4
20240601,403,5,1,7,2,-21.1
20240601,403,5,2,7,2,-8.6
20240601,403,5,3,7,2,-5.1
20240601,403,5,4,7,2,-2.7
20240601,403,5,5,7,2,-1.6
20240601,403,6,1,7,2,-14.0
20240601,403,6,2,7,2,-5.7
20240601,403,6,3,7,2,-3.4
20240601,403,6,4,7,2,-1.8
20240601,403,6,5,7,2,-1.0
20240601,403,1,1,8,2,-50.9
20240601,403,1,2,8,2,-20.7
20240601,403,1,3,8,2,-12.2
20240601,403,1,4,8,2,-6.6
20240601,403,1,5,8,2,-3.8
20240601,403,2,1,8,2,-39.0
20240601,403,2,2,8,2,-15.9
20240601,403,2,3,8,2,-9.4
20240601,403,2,4,8,2,-5.1
20240601,403,2,5,8,2,-2.9
20240601,403,3,1,8,2,-30.5
20240601,403,3,2,8,2,-12.4
20240601,403,3,3,8,2,-7.3
20240601,403,3,4,8,2,-4.0
20240601,403,3,5,8,2,-2.3
20240601,403,4,1,8,2,-23.7
20240601,403,4,2,8,2,-9.7
20240601,403,4,3,8,2,-5.7
20240601,403,4,4,8,2,-3.1
20240601,403,4,5,8,2,-1.8
20240601,403,5,1,8,2,-15.3
20240601,403,5,2,8,2,-6.2
20240601,403,5,3,8,2,-3.7
20240601,403,5,4,8,2,-2.0
20240601,403,5,5,8,2,-1.1
20240601,403,6,1,8,2,-10.2
20240601,403,6,2,8,2,-4.1
20240601,403,6,3,8,2,-2.4
20240601,403,6,4,8,2,-1.3
20240601,403,6,5,8,2,-0.8
20240601,404,1,1,7,2,-19.4
20240601,404,1,2,7,2,-7.9
20240601,404,1,3,7,2,-4.7
20240601,404,1,4,7,2,-2.5
20240601,404,1,5,7,2,-1.4
20240601,404,2,1,7,2,-14.9
20240601,404,2,2,7,2,-6.1
20240601,404,2,3,7,2,-3.6
20240601,404,2,4,7,2,-1.9
20240601,404,2,5,7,2,-1.1
20240601,404,3,1,7,2,-11.7
20240601,404,3,2,7,2,-4.8
20240601,404,3,3,7,2,-2.8
20240601,404,3,4,7,2,-1.5
20240601,404,3,5,7,2,-0.9
20240601,404,4,1,7,2,-9.1
20240601,404,4,2,7,2,-3.7
20240601,404,4,3,7,2,-2.2
20240601,404,4,4,7,2,-1.2
20240601,404,4,5,7,2,-0.7
20240601,404,5,1,7,2,-5.8
20240601,404,5,2,7,2,-2.4
20240601,404,5,3,7,2,-1.4
20240601,404,5,4,7,2,-0.8
20240601,404,5,5,7,2,-0.4
20240601,404,6,1,7,2,-3.9
20240601,404,6,2,7,2,-1.6
20240601,404,6,3,7,2,-0.9
20240601,404,6,4,7,2,-0.5
20240601,404,6,5,7,2,-0.3
20240601,404,1,1,8,2,-19.4
20240601,404,1,2,8,2,-7.9
20240601,404,1,3,8,2,-4.7
20240601,404,1,4,8,2,-2.5
20240601,404,1,5,8,2,-1.4
20240601,404,2,1,8,2,-14.9
20240601,404,2,2,8,2,-6.1
20240601,404,2,3,8,2,-3.6
20240601,404,2,4,8,2,-1.9
20240601,404,2,5,8,2,-1.1
20240601,404,3,1,8,2,-11.7
20240601,404,3,2,8,2,-4.8
20240601,404,3,3,8,2,-2.8
20240601,404,3,4,8,2,-1.5
20240601,404,3,5,8,2,-0.9
20240601,404,4,1,8,2,-9.1
20240601,404,4,2,8,2,-3.7
20240601,404,4,3,8,2,-2.2
20240601,404,4,4,8,2,-1.2
20240601,404,4,5,8,2,-0.7
20240601,404,5,1,8,2,-5.8
20240601,404,5,2,8,2,-2.4
20240601,404,5,3,8,2,-1.4
20240601,404,5,4,8,2,-0.8
20240601,404,5,5,8,2,-0.4
20240601,404,6,1,8,2,-3.9
20240601,404,6,2,8,2,-1.6
20240601,404,6,3,8,2,-0.9
20240601,404,6,4,8,2,-0.5
20240601,404,6,5,8,2,-0.3
20240601,301,1,1,7,2,6034.5
20240601,501,1,1,7,2,1715.5
20240601,502,1,1,7,2,1475.6
20240601,503,1,1,7,2,-83.1
20240601,504,1,1,7,2,1100.1
20240601,601,1,1,7,2,1632.4
20240601,602,1,1,7,2,-378.4
20240601,603,1,1,7,2,68853.7
20240701,101,1,1,5,2,670.6
20240701,101,1,2,5,2,271.5
20240701,101,1,3,5,2,161.6
20240701,101,1,4,5,2,87.5
20240701,101,1,5,5,2,48.6
20240701,101,2,1,5,2,517.6
20240701,101,2,2,5,2,211.1
20240701,101,2,3,5,2,121.3
20240701,101,2,4,5,2,65.8
20240701,101,2,5,5,2,37.6
20240701,101,3,1,5,2,399.4
20240701,101,3,2,5,2,165.0
20240701,101,3,3,5,2,96.3
20240701,101,3,4,5,2,51.6
20240701,101,3,5,5,2,29.8
20240701,101,4,1,5,2,315.3
20240701,101,4,2,5,2,126.0
20240701,101,4,3,5,2,76.0
20240701,101,4,4,5,2,40.4
20240701,101,4,5,5,2,22.9
20240701,101,5,1,5,2,196.5
20240701,101,5,2,5,2,80.5
20240701,101,5,3,5,2,48.7
20240701,101,5,4,5,2,25.7
20240701,101,5,5,5,2,14.7
20240701,101,6,1,5,2,131.5
20240701,101,6,2,5,2,54.7
20240701,101,6,3,5,2,31.6
20240701,101,6,4,5,2,17.1
20240701,101,6,5,5,2,9.8
20240701,102,1,1,5,2,172.9
20240701,102,1,2,5,2,69.8
20240701,102,1,3,5,2,42.5
20240701,102,1,4,5,2,22.4
20240701,102,1,5,5,2,13.1
20240701,102,2,1,5,2,131.9
20240701,102,2,2,5,2,54.7
20240701,102,2,3,5,2,31.7
20240701,102,2,4,5,2,17.2
20240701,102,2,5,5,2,9.9
20240701,102,3,1,5,2,106.1
20240701,102,3,2,5,2,42.0
20240701,102,3,3,5,2,25.3
20240701,102,3,4,5,2,13.3
20240701,102,3,5,5,2,7.7
20240701,102,4,1,5,2,79.8
20240701,102,4,2,5,2,32.8
20240701,102,4,3,5,2,19.5
20240701,102,4,4,5,2,10.4
20240701,102,4,5,5,2,6.1
20240701,102,5,1,5,2,53.0
20240701,102,5,2,5,2,21.5
20240701,102,5,3,5,2,12.7
20240701,102,5,4,5,2,6.9
20240701,102,5,5,5,2,3.8
20240701,102,6,1,5,2,34.6
20240701,102,6,2,5,2,14.0
20240701,102,6,3,5,2,8.5
20240701,102,6,4,5,2,4.6
20240701,102,6,5,5,2,2.6
20240701,103,1,1,5,2,599.2
20240701,103,1,2,5,2,251.7
20240701,103,1,3,5,2,146.3
20240701,103,1,4,5,2,77.6
20240701,103,1,5,5,2,45.0
20240701,103,2,1,5,2,460.2
20240701,103,2,2,5,2,187.1
20240701,103,2,3,5,2,113.6
20240701,103,2,4,5,2,61.1
20240701,103,2,5,5,2,34.4
20240701,103,3,1,5,2,364.3
20240701,103,3,2,5,2,147.6
20240701,103,3,3,5,2,87.8
20240701,103,3,4,5,2,47.3
20240701,103,3,5,5,2,26.6
20240701,103,4,1,5,2,287.4
20240701,103,4,2,5,2,115.3
20240701,103,4,3,5,2,69.5
20240701,103,4,4,5,2,36.3
20240701,103,4,5,5,2,21.3
20240701,103,5,1,5,2,183.6
20240701,103,5,2,5,2,75.0
20240701,103,5,3,5,2,43.4
20240701,103,5,4,5,2,23.5
20240701,103,5,5,5,2,13.7
20240701,103,6,1,5,2,120.5
20240701,103,6,2,5,2,49.7
20240701,103,6,3,5,2,29.5
20240701,103,6,4,5,2,15.8
20240701,103,6,5,5,2,9.0
20240701,201,1,1,1,2,-194.3
20240701,201,1,1,2,2,-91.4
20240701,201,1,2,1,2,-79.1
20240701,201,1,2,2,2,-37.2
20240701,201,1,3,1,2,-46.8
20240701,201,1,3,2,2,-22.0
20240701,201,1,4,1,2,-25.2
20240701,201,1,4,2,2,-11.8
20240701,201,1,5,1,2,-14.4
20240701,201,1,5,2,2,-6.8
20240701,201,2,1,1,2,-148.9
20240701,201,2,1,2,2,-70.1
20240701,201,2,2,1,2,-60.7
20240701,201,2,2,2,2,-28.6
20240701,201,2,3,1,2,-35.9
20240701,201,2,3,2,2,-16.9
20240701,201,2,4,1,2,-19.3
20240701,201,2,4,2,2,-9.1
20240701,201,2,5,1,2,-11.0
20240701,201,2,5,2,2,-5.2
20240701,201,3,1,1,2,-116.6
20240701,201,3,1,2,2,-54.8
20240701,201,3,2,1,2,-47.5
20240701,201,3,2,2,2,-22.3
20240701,201,3,3,1,2,-28.1
20240701,201,3,3,2,2,-13.2
20240701,201,3,4,1,2,-15.1
20240701,201,3,4,2,2,-7.1
20240701,201,3,5,1,2,-8.6
20240701,201,3,5,2,2,-4.1
20240701,201,4,1,1,2,-90.7
20240701,201,4,1,2,2,-42.7
20240701,201,4,2,1,2,-36.9
20240701,201,4,2,2,2,-17.4
20240701,201,4,3,1,2,-21.8
20240701,201,4,3,2,2,-10.3
20240701,201,4,4,1,2,-11.8
20240701,201,4,4,2,2,-5.5
20240701,201,4,5,1,2,-6.7
20240701,201,4,5,2,2,-3.2
20240701,201,5,1,1,2,-58.3
20240701,201,5,1,2,2,-27.4
20240701,201,5,2,1,2,-23.7
20240701,201,5,2,2,2,-11.2
20240701,201,5,3,1,2,-14.0
20240701,201,5,3,2,2,-6.6
20240701,201,5,4,1,2,-7.6
20240701,201,5,4,2,2,-3.6
20240701,201,5,5,1,2,-4.3
20240701,201,5,5,2,2,-2.0
20240701,201,6,1,1,2,-38.9
20240701,201,6,1,2,2,-18.3
20240701,201,6,2,1,2,-15.8
20240701,201,6,2,2,2,-7.4
20240701,201,6,3,1,2,-9.4
20240701,201,6,3,2,2,-4.4
20240701,201,6,4,1,2,-5.0
20240701,201,6,4,2,2,-2.4
20240701,201,6,5,1,2,-2.9
20240701,201,6,5,2,2,-1.4
20240701,202,1,1,1,2,-140.7
20240701,202,1,1,2,2,-66.2
20240701,202,1,2,1,2,-57.3
20240701,202,1,2,2,2,-27.0
20240701,202,1,3,1,2,-33.9
20240701,202,1,3,2,2,-15.9
20240701,202,1,4,1,2,-18.2
20240701,202,1,4,2,2,-8.6
20240701,202,1,5,1,2,-10.4
20240701,202,1,5,2,2,-4.9
20240701,202,2,1,1,2,-107.8
20240701,202,2,1,2,2,-50.8
20240701,202,2,2,1,2,-43.9
20240701,202,2,2,2,2,-20.7
20240701,202,2,3,1,2,-26.0
20240701,202,2,3,2,2,-12.2
20240701,202,2,4,1,2,-14.0
20240701,202,2,4,2,2,-6.6
20240701,202,2,5,1,2,-8.0
20240701,202,2,5,2,2,-3.8
20240701,202,3,1,1,2,-84.4
20240701,202,3,1,2,2,-39.7
20240701,202,3,2,1,2,-34.4
20240701,202,3,2,2,2,-16.2
20240701,202,3,3,1,2,-20.3
20240701,202,3,3,2,2,-9.6
20240701,202,3,4,1,2,-10.9
20240701,202,3,4,2,2,-5.1
20240701,202,3,5,1,2,-6.3
20240701,202,3,5,2,2,-2.9
20240701,202,4,1,1,2,-65.6
20240701,202,4,1,2,2,-30.9
20240701,202,4,2,1,2,-26.7
20240701,202,4,2,2,2,-12.6
20240701,202,4,3,1,2,-15.8
20240701,202,4,3,2,2,-7.4
20240701,202,4,4,1,2,-8.5
20240701,202,4,4,2,2,-4.0
20240701,202,4,5,1,2,-4.9
20240701,202,4,5,2,2,-2.3
20240701,202,5,1,1,2,-42.2
20240701,202,5,1,2,2,-19.9
20240701,202,5,2,1,2,-17.2
20240701,202,5,2,2,2,-8.1
20240701,202,5,3,1,2,-10.2
20240701,202,5,3,2,2,-4.8
20240701,202,5,4,1,2,-5.5
20240701,202,5,4,2,2,-2.6
20240701,202,5,5,1,2,-3.1
20240701,202,5,5,2,2,-1.5
20240701,202,6,1,1,2,-28.1
20240701,202,6,1,2,2,-13.2
20240701,202,6,2,1,2,-11.5
20240701,202,6,2,2,2,-5.4
20240701,202,6,3,1,2,-6.8
20240701,202,6,3,2,2,-3.2
20240701,202,6,4,1,2,-3.6
20240701,202,6,4,2,2,-1.7
20240701,202,6,5,1,2,-2.1
20240701,202,6,5,2,2,-1.0
20240701,401,1,1,3,2,-219.7
20240701,401,1,2,3,2,-89.5
20240701,401,1,3,3,2,-52.9
20240701,401,1,4,3,2,-28.5
20240701,401,1,5,3,2,-16.3
20240701,401,2,1,3,2,-168.5
20240701,401,2,2,3,2,-68.6
20240701,401,2,3,3,2,-40.6
20240701,401,2,4,3,2,-21.8
20240701,401,2,5,3,2,-12.5
20240701,401,3,1,3,2,-131.8
20240701,401,3,2,3,2,-53.7
20240701,401,3,3,3,2,-31.7
20240701,401,3,4,3,2,-17.1
20240701,401,3,5,3,2,-9.8
20240701,401,4,1,3,2,-102.5
20240701,401,4,2,3,2,-41.8
20240701,401,4,3,3,2,-24.7
20240701,401,4,4,3,2,-13.3
20240701,401,4,5,3,2,-7.6
20240701,401,5,1,3,2,-65.9
20240701,401,5,2,3,2,-26.9
20240701,401,5,3,3,2,-15.9
20240701,401,5,4,3,2,-8.5
20240701,401,5,5,3,2,-4.9
20240701,401,6,1,3,2,-43.9
20240701,401,6,2,3,2,-17.9
20240701,401,6,3,3,2,-10.6
20240701,401,6,4,3,2,-5.7
20240701,401,6,5,3,2,-3.3
20240701,401,1,1,4,2,-77.2
20240701,401,1,2,4,2,-31.5
20240701,401,1,3,4,2,-18.6
20240701,401,1,4,4,2,-10.0
20240701,401,1,5,4,2,-5.7
20240701,401,2,1,4,2,-59.2
20240701,401,2,2,4,2,-24.1
20240701,401,2,3,4,2,-14.2
20240701,401,2,4,4,2,-7.7
20240701,401,2,5,4,2,-4.4
20240701,401,3,1,4,2,-46.3
20240701,401,3,2,4,2,-18.9
20240701,401,3,3,4,2,-11.2
20240701,401,3,4,4,2,-6.0
20240701,401,3,5,4,2,-3.4
20240701,401,4,1,4,2,-36.0
20240701,401,4,2,4,2,-14.7
20240701,401,4,3,4,2,-8.7
20240701,401,4,4,4,2,-4.7
20240701,401,4,5,4,2,-2.7
20240701,401,5,1,4,2,-23.2
20240701,401,5,2,4,2,-9.4
20240701,401,5,3,4,2,-5.6
20240701,401,5,4,4,2,-3.0
20240701,401,5,5,4,2,-1.7
20240701,401,6,1,4,2,-15.4
20240701,401,6,2,4,2,-6.3
20240701,401,6,3,4,2,-3.7
20240701,401,6,4,4,2,-2.0
20240701,401,6,5,4,2,-1.1
20240701,402,1,1,5,2,-189.8
20240701,402,1,2,5,2,-77.3
20240701,402,1,3,5,2,-45.7
20240701,402,1,4,5,2,-24.6
20240701,402,1,5,5,2,-14.1
20240701,402,2,1,5,2,-145.5
20240701,402,2,2,5,2,-59.3
20240701,402,2,3,5,2,-35.0
20240701,402,2,4,5,2,-18.9
20240701,402,2,5,5,2,-10.8
20240701,402,3,1,5,2,-113.9
20240701,402,3,2,5,2,-46.4
20240701,402,3,3,5,2,-27.4
20240701,402,3,4,5,2,-14.8
20240701,402,3,5,5,2,-8.4
20240701,402,4,1,5,2,-88.6
20240701,402,4,2,5,2,-36.1
20240701,402,4,3,5,2,-21.3
20240701,402,4,4,5,2,-11.5
20240701,402,4,5,5,2,-6.6
20240701,402,5,1,5,2,-56.9
20240701,402,5,2,5,2,-23.2
20240701,402,5,3,5,2,-13.7
20240701,402,5,4,5,2,-7.4
20240701,402,5,5,5,2,-4.2
20240701,402,6,1,5,2,-38.0
20240701,402,6,2,5,2,-15.5
20240701,402,6,3,5,2,-9.1
20240701,402,6,4,5,2,-4.9
20240701,402,6,5,5,2,-2.8
20240701,402,1,1,6,2,-73.8
20240701,402,1,2,6,2,-30.1
20240701,402,1,3,6,2,-17.8
20240701,402,1,4,6,2,-9.6
20240701,402,1,5,6,2,-5.5
20240701,402,2,1,6,2,-56.6
20240701,402,2,2,6,2,-23.1
20240701,402,2,3,6,2,-13.6
20240701,402,2,4,6,2,-7.3
20240701,402,2,5,6,2,-4.2
20240701,402,3,1,6,2,-44.3
20240701,402,3,2,6,2,-18.0
20240701,402,3,3,6,2,-10.7
20240701,402,3,4,6,2,-5.7
20240701,402,3,5,6,2,-3.3
20240701,402,4,1,6,2,-34.4
20240701,402,4,2,6,2,-14.0
20240701,402,4,3,6,2,-8.3
20240701,402,4,4,6,2,-4.5
20240701,402,4,5,6,2,-2.6
20240701,402,5,1,6,2,-22.1
20240701,402,5,2,6,2,-9.0
20240701,402,5,3,6,2,-5.3
20240701,402,5,4,6,2,-2.9
20240701,402,5,5,6,2,-1.6
20240701,402,6,1,6,2,-14.8
20240701,402,6,2,6,2,-6.0
20240701,402,6,3,6,2,-3.6
20240701,402,6,4,6,2,-1.9
20240701,402,6,5,6,2,-1.1
20240701,403,1,1,7,2,-68.1
20240701,403,1,2,7,2,-27.7
20240701,403,1,3,7,2,-16.4
20240701,403,1,4,7,2,-8.8
20240701,403,1,5,7,2,-5.0
20240701,403,2,1,7,2,-52.2
20240701,403,2,2,7,2,-21.3
20240701,403,2,3,7,2,-12.6
20240701,403,2,4,7,2,-6.8
20240701,403,2,5,7,2,-3.9
20240701,403,3,1,7,2,-40.8
20240701,403,3,2,7,2,-16.6
20240701,403,3,3,7,2,-9.8
20240701,403,3,4,7,2,-5.3
20240701,403,3,5,7,2,-3.0
20240701,403,4,1,7,2,-31.8
20240701,403,4,2,7,2,-12.9
20240701,403,4,3,7,2,-7.6
20240701,403,4,4,7,2,-4.1
20240701,403,4,5,7,2,-2.4
20240701,403,5,1,7,2,-20.4
20240701,403,5,2,7,2,-8.3
20240701,403,5,3,7,2,-4.9
20240701,403,5,4,7,2,-2.6
20240701,403,5,5,7,2,-1.5
20240701,403,6,1,7,2,-13.6
20240701,403,6,2,7,2,-5.5
20240701,403,6,3,7,2,-3.3
20240701,403,6,4,7,2,-1.8
20240701,403,6,5,7,2,-1.0
20240701,403,1,1,8,2,-49.3
20240701,403,1,2,8,2,-20.1
20240701,403,1,3,8,2,-11.9
20240701,403,1,4,8,2,-6.4
20240701,403,1,5,8,2,-3.7
20240701,403,2,1,8,2,-37.8
20240701,403,2,2,8,2,-15.4
20240701,403,2,3,8,2,-9.1
20240701,403,2,4,8,2,-4.9
20240701,403,2,5,8,2,-2.8
20240701,403,3,1,8,2,-29.6
20240701,403,3,2,8,2,-12.0
20240701,403,3,3,8,2,-7.1
20240701,403,3,4,8,2,-3.8
20240701,403,3,5,8,2,-2.2
20240701,403,4,1,8,2,-23.0
20240701,403,4,2,8,2,-9.4
20240701,403,4,3,8,2,-5.5
20240701,403,4,4,8,2,-3.0
20240701,403,4,5,8,2,-1.7
20240701,403,5,1,8,2,-14.8
20240701,403,5,2,8,2,-6.0
20240701,403,5,3,8,2,-3.6
20240701,403,5,4,8,2,-1.9
20240701,403,5,5,8,2,-1.1
20240701,403,6,1,8,2,-9.9
20240701,403,6,2,8,2,-4.0
20240701,403,6,3,8,2,-2.4
20240701,403,6,4,8,2,-1.3
20240701,403,6,5,8,2,-0.7
20240701,404,1,1,7,2,-18.8
20240701,404,1,2,7,2,-7.7
20240701,404,1,3,7,2,-4.5
20240701,404,1,4,7,2,-2.4
20240701,404,1,5,7,2,-1.4
20240701,404,2,1,7,2,-14.4
20240701,404,2,2,7,2,-5.9
20240701,404,2,3,7,2,-3.5
20240701,404,2,4,7,2,-1.9
20240701,404,2,5,7,2,-1.1
20240701,404,3,1,7,2,-11.3
20240701,404,3,2,7,2,-4.6
20240701,404,3,3,7,2,-2.7
20240701,404,3,4,7,2,-1.5
20240701,404,3,5,7,2,-0.8
20240701,404,4,1,7,2,-8.8
20240701,404,4,2,7,2,-3.6
20240701,404,4,3,7,2,-2.1
20240701,404,4,4,7,2,-1.1
20240701,404,4,5,7,2,-0.7
20240701,404,5,1,7,2,-5.6
20240701,404,5,2,7,2,-2.3
20240701,404,5,3,7,2,-1.4
20240701,404,5,4,7,2,-0.7
20240701,404,5,5,7,2,-0.4
20240701,404,6,1,7,2,-3.8
20240701,404,6,2,7,2,-1.5
20240701,404,6,3,7,2,-0.9
20240701,404,6,4,7,2,-0.5
20240701,404,6,5,7,2,-0.3
20240701,404,1,1,8,2,-18.8
20240701,404,1,2,8,2,-7.7
20240701,404,1,3,8,2,-4.5
20240701,404,1,4,8,2,-2.4
20240701,404,1,5,8,2,-1.4
20240701,404,2,1,8,2,-14.4
20240701,404,2,2,8,2,-5.9
20240701,404,2,3,8,2,-3.5
20240701,404,2,4,8,2,-1.9
20240701,404,2,5,8,2,-1.1
20240701,404,3,1,8,2,-11.3
20240701,404,3,2,8,2,-4.6
20240701,404,3,3,8,2,-2.7
20240701,404,3,4,8,2,-1.5
20240701,404,3,5,8,2,-0.8
20240701,404,4,1,8,2,-8.8
20240701,404,4,2,8,2,-3.6
20240701,404,4,3,8,2,-2.1
20240701,404,4,4,8,2,-1.1
20240701,404,4,5,8,2,-0.7
20240701,404,5,1,8,2,-5.6
20240701,404,5,2,8,2,-2.3
20240701,404,5,3,8,2,-1.4
20240701,404,5,4,8,2,-0.7
20240701,404,5,5,8,2,-0.4
20240701,404,6,1,8,2,-3.8
20240701,404,6,2,8,2,-1.5
20240701,404,6,3,8,2,-0.9
20240701,404,6,4,8,2,-0.5
20240701,404,6,5,8,2,-0.3
20240701,301,1,1,7,2,5901.0
20240701,501,1,1,7,2,1716.5
20240701,502,1,1,7,2,1484.0
20240701,503,1,1,7,2,-80.5
20240701,504,1,1,7,2,1108.8
20240701,601,1,1,7,2,1636.0
20240701,602,1,1,7,2,-366.6
20240701,603,1,1,7,2,69817.8
20240801,101,1,1,5,2,670.9
20240801,101,1,2,5,2,269.3
20240801,101,1,3,5,2,163.4
20240801,101,1,4,5,2,86.1
20240801,101,1,5,5,2,50.0
20240801,101,2,1,5,2,508.8
20240801,101,2,2,5,2,207.0
20240801,101,2,3,5,2,125.0
20240801,101,2,4,5,2,66.1
20240801,101,2,5,5,2,37.4
20240801,101,3,1,5,2,405.6
20240801,101,3,2,5,2,164.5
20240801,101,3,3,5,2,96.7
20240801,101,3,4,5,2,51.3
20240801,101,3,5,5,2,29.7
20240801,101,4,1,5,2,314.5
20240801,101,4,2,5,2,128.9
20240801,101,4,3,5,2,75.9
20240801,101,4,4,5,2,41.0
20240801,101,4,5,5,2,22.9
20240801,101,5,1,5,2,199.1
20240801,101,5,2,5,2,82.4
20240801,101,5,3,5,2,48.9
20240801,101,5,4,5,2,25.9
20240801,101,5,5,5,2,15.1
20240801,101,6,1,5,2,131.9
20240801,101,6,2,5,2,55.4
20240801,101,6,3,5,2,31.9
20240801,101,6,4,5,2,17.5
20240801,101,6,5,5,2,9.8
20240801,102,1,1,5,2,172.3
20240801,102,1,2,5,2,71.1
20240801,102,1,3,5,2,41.8
20240801,102,1,4,5,2,23.0
20240801,102,1,5,5,2,12.9
20240801,102,2,1,5,2,135.7
20240801,102,2,2,5,2,54.4
20240801,102,2,3,5,2,32.3
20240801,102,2,4,5,2,17.3
20240801,102,2,5,5,2,9.8
20240801,102,3,1,5,2,106.0
20240801,102,3,2,5,2,43.0
20240801,102,3,3,5,2,25.3
20240801,102,3,4,5,2,13.6
20240801,102,3,5,5,2,7.7
20240801,102,4,1,5,2,80.2
20240801,102,4,2,5,2,33.5
20240801,102,4,3,5,2,19.6
20240801,102,4,4,5,2,10.7
20240801,102,4,5,5,2,6.0
20240801,102,5,1,5,2,52.5
20240801,102,5,2,5,2,21.1
20240801,102,5,3,5,2,12.8
20240801,102,5,4,5,2,6.7
20240801,102,5,5,5,2,3.9
20240801,102,6,1,5,2,34.9
20240801,102,6,2,5,2,14.2
20240801,102,6,3,5,2,8.4
20240801,102,6,4,5,2,4.5
20240801,102,6,5,5,2,2.6
20240801,103,1,1,5,2,621.4
20240801,103,1,2,5,2,251.1
20240801,103,1,3,5,2,149.5
20240801,103,1,4,5,2,80.4
20240801,103,1,5,5,2,45.1
20240801,103,2,1,5,2,474.2
20240801,103,2,2,5,2,193.9
20240801,103,2,3,5,2,111.7
20240801,103,2,4,5,2,61.3
20240801,103,2,5,5,2,34.1
20240801,103,3,1,5,2,365.5
20240801,103,3,2,5,2,148.2
20240801,103,3,3,5,2,87.7
20240801,103,3,4,5,2,46.8
20240801,103,3,5,5,2,26.7
20240801,103,4,1,5,2,289.2
20240801,103,4,2,5,2,117.6
20240801,103,4,3,5,2,69.8
20240801,103,4,4,5,2,36.5
20240801,103,4,5,5,2,20.8
20240801,103,5,1,5,2,181.2
20240801,103,5,2,5,2,74.3
20240801,103,5,3,5,2,44.6
20240801,103,5,4,5,2,23.9
20240801,103,5,5,5,2,13.6
20240801,103,6,1,5,2,122.4
20240801,103,6,2,5,2,50.2
20240801,103,6,3,5,2,29.7
20240801,103,6,4,5,2,15.9
20240801,103,6,5,5,2,9.2
20240801,201,1,1,1,2,-193.1
20240801,201,1,1,2,2,-90.9
20240801,201,1,2,1,2,-78.7
20240801,201,1,2,2,2,-37.0
20240801,201,1,3,1,2,-46.5
20240801,201,1,3,2,2,-21.9
20240801,201,1,4,1,2,-25.0
20240801,201,1,4,2,2,-11.8
20240801,201,1,5,1,2,-14.3
20240801,201,1,5,2,2,-6.7
20240801,201,2,1,1,2,-148.1
20240801,201,2,1,2,2,-69.7
20240801,201,2,2,1,2,-60.3
20240801,201,2,2,2,2,-28.4
20240801,201,2,3,1,2,-35.6
20240801,201,2,3,2,2,-16.8
20240801,201,2,4,1,2,-19.2
20240801,201,2,4,2,2,-9.0
20240801,201,2,5,1,2,-11.0
20240801,201,2,5,2,2,-5.2
20240801,201,3,1,1,2,-115.9
20240801,201,3,1,2,2,-54.5
20240801,201,3,2,1,2,-47.2
20240801,201,3,2,2,2,-22.2
20240801,201,3,3,1,2,-27.9
20240801,201,3,3,2,2,-13.1
20240801,201,3,4,1,2,-15.0
20240801,201,3,4,2,2,-7.1
20240801,201,3,5,1,2,-8.6
20240801,201,3,5,2,2,-4.0
20240801,201,4,1,1,2,-90.1
20240801,201,4,1,2,2,-42.4
20240801,201,4,2,1,2,-36.7
20240801,201,4,2,2,2,-17.3
20240801,201,4,3,1,2,-21.7
20240801,201,4,3,2,2,-10.2
20240801,201,4,4,1,2,-11.7
20240801,201,4,4,2,2,-5.5
20240801,201,4,5,1,2,-6.7
20240801,201,4,5,2,2,-3.1
20240801,201,5,1,1,2,-57.9
20240801,201,5,1,2,2,-27.3
20240801,201,5,2,1,2,-23.6
20240801,201,5,2,2,2,-11.1
20240801,201,5,3,1,2,-13.9
20240801,201,5,3,2,2,-6.6
20240801,201,5,4,1,2,-7.5
20240801,201,5,4,2,2,-3.5
20240801,201,5,5,1,2,-4.3
20240801,201,5,5,2,2,-2.0
20240801,201,6,1,1,2,-38.6
20240801,201,6,1,2,2,-18.2
20240801,201,6,2,1,2,-15.7
20240801,201,6,2,2,2,-7.4
20240801,201,6,3,1,2,-9.3
20240801,201,6,3,2,2,-4.4
20240801,201,6,4,1,2,-5.0
20240801,201,6,4,2,2,-2.4
20240801,201,6,5,1,2,-2.9
20240801,201,6,5,2,2,-1.3
20240801,202,1,1,1,2,-139.9
20240801,202,1,1,2,2,-65.8
20240801,202,1,2,1,2,-57.0
20240801,202,1,2,2,2,-26.8
20240801,202,1,3,1,2,-33.7
20240801,202,1,3,2,2,-15.8
20240801,202,1,4,1,2,-18.1
20240801,202,1,4,2,2,-8.5
20240801,202,1,5,1,2,-10.4
20240801,202,1,5,2,2,-4.9
20240801,202,2,1,1,2,-107.2
20240801,202,2,1,2,2,-50.5
20240801,202,2,2,1,2,-43.7
20240801,202,2,2,2,2,-20.6
20240801,202,2,3,1,2,-25.8
20240801,202,2,3,2,2,-12.1
20240801,202,2,4,1,2,-13.9
20240801,202,2,4,2,2,-6.5
20240801,202,2,5,1,2,-7.9
20240801,202,2,5,2,2,-3.7
20240801,202,3,1,1,2,-83.9
20240801,202,3,1,2,2,-39.5
20240801,202,3,2,1,2,-34.2
20240801,202,3,2,2,2,-16.1
20240801,202,3,3,1,2,-20.2
20240801,202,3,3,2,2,-9.5
20240801,202,3,4,1,2,-10.9
20240801,202,3,4,2,2,-5.1
20240801,202,3,5,1,2,-6.2
20240801,202,3,5,2,2,-2.9
20240801,202,4,1,1,2,-65.3
20240801,202,4,1,2,2,-30.7
20240801,202,4,2,1,2,-26.6
20240801,202,4,2,2,2,-12.5
20240801,202,4,3,1,2,-15.7
20240801,202,4,3,2,2,-7.4
20240801,202,4,4,1,2,-8.5
20240801,202,4,4,2,2,-4.0
20240801,202,4,5,1,2,-4.8
20240801,202,4,5,2,2,-2.3
20240801,202,5,1,1,2,-42.0
20240801,202,5,1,2,2,-19.7
20240801,202,5,2,1,2,-17.1
20240801,202,5,2,2,2,-8.0
20240801,202,5,3,1,2,-10.1
20240801,202,5,3,2,2,-4.8
20240801,202,5,4,1,2,-5.4
20240801,202,5,4,2,2,-2.6
20240801,202,5,5,1,2,-3.1
20240801,202,5,5,2,2,-1.5
20240801,202,6,1,1,2,-28.0
20240801,202,6,1,2,2,-13.2
20240801,202,6,2,1,2,-11.4
20240801,202,6,2,2,2,-5.4
20240801,202,6,3,1,2,-6.7
20240801,202,6,3,2,2,-3.2
20240801,202,6,4,1,2,-3.6
20240801,202,6,4,2,2,-1.7
20240801,202,6,5,1,2,-2.1
20240801,202,6,5,2,2,-1.0
20240801,401,1,1,3,2,-221.4
20240801,401,1,2,3,2,-90.2
20240801,401,1,3,3,2,-53.3
20240801,401,1,4,3,2,-28.7
20240801,401,1,5,3,2,-16.4
20240801,401,2,1,3,2,-169.7
20240801,401,2,2,3,2,-69.1
20240801,401,2,3,3,2,-40.9
20240801,401,2,4,3,2,-22.0
20240801,401,2,5,3,2,-12.6
20240801,401,3,1,3,2,-132.8
20240801,401,3,2,3,2,-54.1
20240801,401,3,3,3,2,-32.0
20240801,401,3,4,3,2,-17.2
20240801,401,3,5,3,2,-9.8
20240801,401,4,1,3,2,-103.3
20240801,401,4,2,3,2,-42.1
20240801,401,4,3,3,2,-24.9
20240801,401,4,4,3,2,-13.4
20240801,401,4,5,3,2,-7.7
20240801,401,5,1,3,2,-66.4
20240801,401,5,2,3,2,-27.1
20240801,401,5,3,3,2,-16.0
20240801,401,5,4,3,2,-8.6
20240801,401,5,5,3,2,-4.9
20240801,401,6,1,3,2,-44.3
20240801,401,6,2,3,2,-18.0
20240801,401,6,3,3,2,-10.7
20240801,401,6,4,3,2,-5.7
20240801,401,6,5,3,2,-3.3
20240801,401,1,1,4,2,-77.8
20240801,401,1,2,4,2,-31.7
20240801,401,1,3,4,2,-18.7
20240801,401,1,4,4,2,-10.1
20240801,401,1,5,4,2,-5.8
20240801,401,2,1,4,2,-59.6
20240801,401,2,2,4,2,-24.3
20240801,401,2,3,4,2,-14.4
20240801,401,2,4,4,2,-7.7
20240801,401,2,5,4,2,-4.4
20240801,401,3,1,4,2,-46.7
20240801,401,3,2,4,2,-19.0
20240801,401,3,3,4,2,-11.2
20240801,401,3,4,4,2,-6.0
20240801,401,3,5,4,2,-3.5
20240801,401,4,1,4,2,-36.3
20240801,401,4,2,4,2,-14.8
20240801,401,4,3,4,2,-8.7
20240801,401,4,4,4,2,-4.7
20240801,401,4,5,4,2,-2.7
20240801,401,5,1,4,2,-23.3
20240801,401,5,2,4,2,-9.5
20240801,401,5,3,4,2,-5.6
20240801,401,5,4,4,2,-3.0
20240801,401,5,5,4,2,-1.7
20240801,401,6,1,4,2,-15.6
20240801,401,6,2,4,2,-6.3
20240801,401,6,3,4,2,-3.7
20240801,401,6,4,4,2,-2.0
20240801,401,6,5,4,2,-1.2
20240801,402,1,1,5,2,-191.2
20240801,402,1,2,5,2,-77.9
20240801,402,1,3,5,2,-46.0
20240801,402,1,4,5,2,-24.8
20240801,402,1,5,5,2,-14.2
20240801,402,2,1,5,2,-146.6
20240801,402,2,2,5,2,-59.7
20240801,402,2,3,5,2,-35.3
20240801,402,2,4,5,2,-19.0
20240801,402,2,5,5,2,-10.9
20240801,402,3,1,5,2,-114.7
20240801,402,3,2,5,2,-46.7
20240801,402,3,3,5,2,-27.6
20240801,402,3,4,5,2,-14.9
20240801,402,3,5,5,2,-8.5
20240801,402,4,1,5,2,-89.2
20240801,402,4,2,5,2,-36.4
20240801,402,4,3,5,2,-21.5
20240801,402,4,4,5,2,-11.6
20240801,402,4,5,5,2,-6.6
20240801,402,5,1,5,2,-57.4
20240801,402,5,2,5,2,-23.4
20240801,402,5,3,5,2,-13.8
20240801,402,5,4,5,2,-7.4
20240801,402,5,5,5,2,-4.2
20240801,402,6,1,5,2,-38.2
20240801,402,6,2,5,2,-15.6
20240801,402,6,3,5,2,-9.2
20240801,402,6,4,5,2,-5.0
20240801,402,6,5,5,2,-2.8
20240801,402,1,1,6,2,-74.4
20240801,402,1,2,6,2,-30.3
20240801,402,1,3,6,2,-17.9
20240801,402,1,4,6,2,-9.6
20240801,402,1,5,6,2,-5.5
20240801,402,2,1,6,2,-57.0
20240801,402,2,2,6,2,-23.2
20240801,402,2,3,6,2,-13.7
20240801,402,2,4,6,2,-7.4
20240801,402,2,5,6,2,-4.2
20240801,402,3,1,6,2,-44.6
20240801,402,3,2,6,2,-18.2
20240801,402,3,3,6,2,-10.7
20240801,402,3,4,6,2,-5.8
20240801,402,3,5,6,2,-3.3
20240801,402,4,1,6,2,-34.7
20240801,402,4,2,6,2,-14.1
20240801,402,4,3,6,2,-8.4
20240801,402,4,4,6,2,-4.5
20240801,402,4,5,6,2,-2.6
20240801,402,5,1,6,2,-22.3
20240801,402,5,2,6,2,-9.1
20240801,402,5,3,6,2,-5.4
20240801,402,5,4,6,2,-2.9
20240801,402,5,5,6,2,-1.7
20240801,402,6,1,6,2,-14.9
20240801,402,6,2,6,2,-6.1
20240801,402,6,3,6,2,-3.6
20240801,402,6,4,6,2,-1.9
20240801,402,6,5,6,2,-1.1
20240801,403,1,1,7,2,-68.6
20240801,403,1,2,7,2,-27.9
20240801,403,1,3,7,2,-16.5
20240801,403,1,4,7,2,-8.9
20240801,403,1,5,7,2,-5.1
20240801,403,2,1,7,2,-52.6
20240801,403,2,2,7,2,-21.4
20240801,403,2,3,7,2,-12.7
20240801,403,2,4,7,2,-6.8
20240801,403,2,5,7,2,-3.9
20240801,403,3,1,7,2,-41.1
20240801,403,3,2,7,2,-16.8
20240801,403,3,3,7,2,-9.9
20240801,403,3,4,7,2,-5.3
20240801,403,3,5,7,2,-3.0
20240801,403,4,1,7,2,-32.0
20240801,403,4,2,7,2,-13.0
20240801,403,4,3,7,2,-7.7
20240801,403,4,4,7,2,-4.1
20240801,403,4,5,7,2,-2.4
20240801,403,5,1,7,2,-20.6
20240801,403,5,2,7,2,-8.4
20240801,403,5,3,7,2,-5.0
20240801,403,5,4,7,2,-2.7
20240801,403,5,5,7,2,-1.5
20240801,403,6,1,7,2,-13.7
20240801,403,6,2,7,2,-5.6
20240801,403,6,3,7,2,-3.3
20240801,403,6,4,7,2,-1.8
20240801,403,6,5,7,2,-1.0
20240801,403,1,1,8,2,-49.6
20240801,403,1,2,8,2,-20.2
20240801,403,1,3,8,2,-12.0
20240801,403,1,4,8,2,-6.4
20240801,403,1,5,8,2,-3.7
20240801,403,2,1,8,2,-38.1
20240801,403,2,2,8,2,-15.5
20240801,403,2,3,8,2,-9.2
20240801,403,2,4,8,2,-4.9
20240801,403,2,5,8,2,-2.8
20240801,403,3,1,8,2,-29.8
20240801,403,3,2,8,2,-12.1
20240801,403,3,3,8,2,-7.2
20240801,403,3,4,8,2,-3.9
20240801,403,3,5,8,2,-2.2
20240801,403,4,1,8,2,-23.2
20240801,403,4,2,8,2,-9.4
20240801,403,4,3,8,2,-5.6
20240801,403,4,4,8,2,-3.0
20240801,403,4,5,8,2,-1.7
20240801,403,5,1,8,2,-14.9
20240801,403,5,2,8,2,-6.1
20240801,403,5,3,8,2,-3.6
20240801,403,5,4,8,2,-1.9
20240801,403,5,5,8,2,-1.1
20240801,403,6,1,8,2,-9.9
20240801,403,6,2,8,2,-4.0
20240801,403,6,3,8,2,-2.4
20240801,403,6,4,8,2,-1.3
20240801,403,6,5,8,2,-0.7
20240801,404,1,1,7,2,-19.0
20240801,404,1,2,7,2,-7.7
20240801,404,1,3,7,2,-4.6
20240801,404,1,4,7,2,-2.5
20240801,404,1,5,7,2,-1.4
20240801,404,2,1,7,2,-14.5
20240801,404,2,2,7,2,-5.9
20240801,404,2,3,7,2,-3.5
20240801,404,2,4,7,2,-1.9
20240801,404,2,5,7,2,-1.1
20240801,404,3,1,7,2,-11.4
20240801,404,3,2,7,2,-4.6
20240801,404,3,3,7,2,-2.7
20240801,404,3,4,7,2,-1.5
20240801,404,3,5,7,2,-0.8
20240801,404,4,1,7,2,-8.9
20240801,404,4,2,7,2,-3.6
20240801,404,4,3,7,2,-2.1
20240801,404,4,4,7,2,-1.1
20240801,404,4,5,7,2,-0.7
20240801,404,5,1,7,2,-5.7
20240801,404,5,2,7,2,-2.3
20240801,404,5,3,7,2,-1.4
20240801,404,5,4,7,2,-0.7
20240801,404,5,5,7,2,-0.4
20240801,404,6,1,7,2,-3.8
20240801,404,6,2,7,2,-1.5
20240801,404,6,3,7,2,-0.9
20240801,404,6,4,7,2,-0.5
20240801,404,6,5,7,2,-0.3
20240801,404,1,1,8,2,-19.0
20240801,404,1,2,8,2,-7.7
20240801,404,1,3,8,2,-4.6
20240801,404,1,4,8,2,-2.5
20240801,404,1,5,8,2,-1.4
20240801,404,2,1,8,2,-14.5
20240801,404,2,2,8,2,-5.9
20240801,404,2,3,8,2,-3.5
20240801,404,2,4,8,2,-1.9
20240801,404,2,5,8,2,-1.1
20240801,404,3,1,8,2,-11.4
20240801,404,3,2,8,2,-4.6
20240801,404,3,3,8,2,-2.7
20240801,404,3,4,8,2,-1.5
20240801,404,3,5,8,2,-0.8
20240801,404,4,1,8,2,-8.9
20240801,404,4,2,8,2,-3.6
20240801,404,4,3,8,2,-2.1
20240801,404,4,4,8,2,-1.1
20240801,404,4,5,8,2,-0.7
20240801,404,5,1,8,2,-5.7
20240801,404,5,2,8,2,-2.3
20240801,404,5,3,8,2,-1.4
20240801,404,5,4,8,2,-0.7
20240801,404,5,5,8,2,-0.4
20240801,404,6,1,8,2,-3.8
20240801,404,6,2,8,2,-1.5
20240801,404,6,3,8,2,-0.9
20240801,404,6,4,8,2,-0.5
20240801,404,6,5,8,2,-0.3
20240801,301,1,1,7,2,5984.5
20240801,501,1,1,7,2,1769.1
20240801,502,1,1,7,2,1534.9
20240801,503,1,1,7,2,-81.1
20240801,504,1,1,7,2,1148.5
20240801,601,1,1,7,2,1688.0
20240801,602,1,1,7,2,-369.3
20240801,603,1,1,7,2,70813.2
20240901,101,1,1,5,2,692.5
20240901,101,1,2,5,2,287.8
20240901,101,1,3,5,2,169.8
20240901,101,1,4,5,2,91.8
20240901,101,1,5,5,2,52.0
20240901,101,2,1,5,2,532.2
20240901,101,2,2,5,2,214.6
20240901,101,2,3,5,2,128.2
20240901,101,2,4,5,2,69.9
20240901,101,2,5,5,2,39.7
20240901,101,3,1,5,2,426.0
20240901,101,3,2,5,2,167.9
20240901,101,3,3,5,2,100.4
20240901,101,3,4,5,2,54.4
20240901,101,3,5,5,2,31.6
20240901,101,4,1,5,2,321.9
20240901,101,4,2,5,2,131.6
20240901,101,4,3,5,2,77.2
20240901,101,4,4,5,2,41.9
20240901,101,4,5,5,2,24.2
20240901,101,5,1,5,2,207.1
20240901,101,5,2,5,2,84.7
20240901,101,5,3,5,2,51.0
20240901,101,5,4,5,2,26.7
20240901,101,5,5,5,2,15.6
20240901,101,6,1,5,2,141.3
20240901,101,6,2,5,2,57.7
20240901,101,6,3,5,2,34.0
20240901,101,6,4,5,2,17.8
20240901,101,6,5,5,2,10.3
20240901,102,1,1,5,2,184.0
20240901,102,1,2,5,2,74.4
20240901,102,1,3,5,2,44.2
20240901,102,1,4,5,2,23.9
20240901,102,1,5,5,2,13.6
20240901,102,2,1,5,2,139.6
20240901,102,2,2,5,2,57.8
20240901,102,2,3,5,2,33.3
20240901,102,2,4,5,2,18.0
20240901,102,2,5,5,2,10.2
20240901,102,3,1,5,2,107.4
20240901,102,3,2,5,2,44.6
20240901,102,3,3,5,2,26.7
20240901,102,3,4,5,2,14.4
20240901,102,3,5,5,2,8.0
20240901,102,4,1,5,2,85.9
20240901,102,4,2,5,2,34.9
20240901,102,4,3,5,2,20.5
20240901,102,4,4,5,2,10.9
20240901,102,4,5,5,2,6.4
20240901,102,5,1,5,2,55.3
20240901,102,5,2,5,2,22.2
20240901,102,5,3,5,2,13.3
20240901,102,5,4,5,2,7.0
20240901,102,5,5,5,2,4.1
20240901,102,6,1,5,2,36.8
20240901,102,6,2,5,2,14.8
20240901,102,6,3,5,2,8.7
20240901,102,6,4,5,2,4.7
20240901,102,6,5,5,2,2.7
20240901,103,1,1,5,2,639.1
20240901,103,1,2,5,2,262.2
20240901,103,1,3,5,2,154.7
20240901,103,1,4,5,2,83.8
20240901,103,1,5,5,2,46.7
20240901,103,2,1,5,2,493.0
20240901,103,2,2,5,2,201.6
20240901,103,2,3,5,2,116.8
20240901,103,2,4,5,2,63.5
20240901,103,2,5,5,2,36.2
20240901,103,3,1,5,2,383.3
20240901,103,3,2,5,2,157.7
20240901,103,3,3,5,2,92.8
20240901,103,3,4,5,2,49.0
20240901,103,3,5,5,2,28.0
20240901,103,4,1,5,2,299.7
20240901,103,4,2,5,2,120.5
20240901,103,4,3,5,2,70.7
20240901,103,4,4,5,2,39.0
20240901,103,4,5,5,2,22.4
20240901,103,5,1,5,2,191.7
20240901,103,5,2,5,2,77.8
20240901,103,5,3,5,2,46.7
20240901,103,5,4,5,2,25.1
20240901,103,5,5,5,2,14.4
20240901,103,6,1,5,2,127.6
20240901,103,6,2,5,2,52.6
20240901,103,6,3,5,2,31.2
20240901,103,6,4,5,2,16.3
20240901,103,6,5,5,2,9.4
20240901,201,1,1,1,2,-200.2
20240901,201,1,1,2,2,-94.2
20240901,201,1,2,1,2,-81.6
20240901,201,1,2,2,2,-38.4
20240901,201,1,3,1,2,-48.2
20240901,201,1,3,2,2,-22.7
20240901,201,1,4,1,2,-26.0
20240901,201,1,4,2,2,-12.2
20240901,201,1,5,1,2,-14.8
20240901,201,1,5,2,2,-7.0
20240901,201,2,1,1,2,-153.5
20240901,201,2,1,2,2,-72.2
20240901,201,2,2,1,2,-62.5
20240901,201,2,2,2,2,-29.4
20240901,201,2,3,1,2,-37.0
20240901,201,2,3,2,2,-17.4
20240901,201,2,4,1,2,-19.9
20240901,201,2,4,2,2,-9.4
20240901,201,2,5,1,2,-11.4
20240901,201,2,5,2,2,-5.4
20240901,201,3,1,1,2,-120.1
20240901,201,3,1,2,2,-56.5
20240901,201,3,2,1,2,-48.9
20240901,201,3,2,2,2,-23.0
20240901,201,3,3,1,2,-28.9
20240901,201,3,3,2,2,-13.6
20240901,201,3,4,1,2,-15.6
20240901,201,3,4,2,2,-7.3
20240901,201,3,5,1,2,-8.9
20240901,201,3,5,2,2,-4.2
20240901,201,4,1,1,2,-93.4
20240901,201,4,1,2,2,-44.0
20240901,201,4,2,1,2,-38.1
20240901,201,4,2,2,2,-17.9
20240901,201,4,3,1,2,-22.5
20240901,201,4,3,2,2,-10.6
20240901,201,4,4,1,2,-12.1
20240901,201,4,4,2,2,-5.7
20240901,201,4,5,1,2,-6.9
20240901,201,4,5,2,2,-3.3
20240901,201,5,1,1,2,-60.1
20240901,201,5,1,2,2,-28.3
20240901,201,5,2,1,2,-24.5
20240901,201,5,2,2,2,-11.5
20240901,201,5,3,1,2,-14.5
20240901,201,5,3,2,2,-6.8
20240901,201,5,4,1,2,-7.8
20240901,201,5,4,2,2,-3.7
20240901,201,5,5,1,2,-4.4
20240901,201,5,5,2,2,-2.1
20240901,201,6,1,1,2,-40.0
20240901,201,6,1,2,2,-18.8
20240901,201,6,2,1,2,-16.3
20240901,201,6,2,2,2,-7.7
20240901,201,6,3,1,2,-9.6
20240901,201,6,3,2,2,-4.5
20240901,201,6,4,1,2,-5.2
20240901,201,6,4,2,2,-2.4
20240901,201,6,5,1,2,-3.0
20240901,201,6,5,2,2,-1.4
20240901,202,1,1,1,2,-145.0
20240901,202,1,1,2,2,-68.2
20240901,202,1,2,1,2,-59.1
20240901,202,1,2,2,2,-27.8
20240901,202,1,3,1,2,-34.9
20240901,202,1,3,2,2,-16.4
20240901,202,1,4,1,2,-18.8
20240901,202,1,4,2,2,-8.8
20240901,202,1,5,1,2,-10.7
20240901,202,1,5,2,2,-5.1
20240901,202,2,1,1,2,-111.2
20240901,202,2,1,2,2,-52.3
20240901,202,2,2,1,2,-45.3
20240901,202,2,2,2,2,-21.3
20240901,202,2,3,1,2,-26.8
20240901,202,2,3,2,2,-12.6
20240901,202,2,4,1,2,-14.4
20240901,202,2,4,2,2,-6.8
20240901,202,2,5,1,2,-8.2
20240901,202,2,5,2,2,-3.9
20240901,202,3,1,1,2,-87.0
20240901,202,3,1,2,2,-40.9
20240901,202,3,2,1,2,-35.4
20240901,202,3,2,2,2,-16.7
20240901,202,3,3,1,2,-20.9
20240901,202,3,3,2,2,-9.9
20240901,202,3,4,1,2,-11.3
20240901,202,3,4,2,2,-5.3
20240901,202,3,5,1,2,-6.4
20240901,202,3,5,2,2,-3.0
20240901,202,4,1,1,2,-67.7
20240901,202,4,1,2,2,-31.8
20240901,202,4,2,1,2,-27.6
20240901,202,4,2,2,2,-13.0
20240901,202,4,3,1,2,-16.3
20240901,202,4,3,2,2,-7.7
20240901,202,4,4,1,2,-8.8
20240901,202,4,4,2,2,-4.1
20240901,202,4,5,1,2,-5.0
20240901,202,4,5,2,2,-2.4
20240901,202,5,1,1,2,-43.5
20240901,202,5,1,2,2,-20.5
20240901,202,5,2,1,2,-17.7
20240901,202,5,2,2,2,-8.3
20240901,202,5,3,1,2,-10.5
20240901,202,5,3,2,2,-4.9
20240901,202,5,4,1,2,-5.6
20240901,202,5,4,2,2,-2.7
20240901,202,5,5,1,2,-3.2
20240901,202,5,5,2,2,-1.5
20240901,202,6,1,1,2,-29.0
20240901,202,6,1,2,2,-13.6
20240901,202,6,2,1,2,-11.8
20240901,202,6,2,2,2,-5.6
20240901,202,6,3,1,2,-7.0
20240901,202,6,3,2,2,-3.3
20240901,202,6,4,1,2,-3.8
20240901,202,6,4,2,2,-1.8
20240901,202,6,5,1,2,-2.1
20240901,202,6,5,2,2,-1.0
20240901,401,1,1,3,2,-230.6
20240901,401,1,2,3,2,-94.0
20240901,401,1,3,3,2,-55.5
20240901,401,1,4,3,2,-29.9
20240901,401,1,5,3,2,-17.1
20240901,401,2,1,3,2,-176.8
20240901,401,2,2,3,2,-72.0
20240901,401,2,3,3,2,-42.6
20240901,401,2,4,3,2,-22.9
20240901,401,2,5,3,2,-13.1
20240901,401,3,1,3,2,-138.4
20240901,401,3,2,3,2,-56.4
20240901,401,3,3,3,2,-33.3
20240901,401,3,4,3,2,-17.9
20240901,401,3,5,3,2,-10.2
20240901,401,4,1,3,2,-107.6
20240901,401,4,2,3,2,-43.8
20240901,401,4,3,3,2,-25.9
20240901,401,4,4,3,2,-14.0
20240901,401,4,5,3,2,-8.0
20240901,401,5,1,3,2,-69.2
20240901,401,5,2,3,2,-28.2
20240901,401,5,3,3,2,-16.7
20240901,401,5,4,3,2,-9.0
20240901,401,5,5,3,2,-5.1
20240901,401,6,1,3,2,-46.1
20240901,401,6,2,3,2,-18.8
20240901,401,6,3,3,2,-11.1
20240901,401,6,4,3,2,-6.0
20240901,401,6,5,3,2,-3.4
20240901,401,1,1,4,2,-81.0
20240901,401,1,2,4,2,-33.0
20240901,401,1,3,4,2,-19.5
20240901,401,1,4,4,2,-10.5
20240901,401,1,5,4,2,-6.0
20240901,401,2,1,4,2,-62.1
20240901,401,2,2,4,2,-25.3
20240901,401,2,3,4,2,-15.0
20240901,401,2,4,4,2,-8.1
20240901,401,2,5,4,2,-4.6
20240901,401,3,1,4,2,-48.6
20240901,401,3,2,4,2,-19.8
20240901,401,3,3,4,2,-11.7
20240901,401,3,4,4,2,-6.3
20240901,401,3,5,4,2,-3.6
20240901,401,4,1,4,2,-37.8
20240901,401,4,2,4,2,-15.4
20240901,401,4,3,4,2,-9.1
20240901,401,4,4,4,2,-4.9
20240901,401,4,5,4,2,-2.8
20240901,401,5,1,4,2,-24.3
20240901,401,5,2,4,2,-9.9
20240901,401,5,3,4,2,-5.9
20240901,401,5,4,4,2,-3.2
20240901,401,5,5,4,2,-1.8
20240901,401,6,1,4,2,-16.2
20240901,401,6,2,4,2,-6.6
20240901,401,6,3,4,2,-3.9
20240901,401,6,4,4,2,-2.1
20240901,401,6,5,4,2,-1.2
20240901,402,1,1,5,2,-199.2
20240901,402,1,2,5,2,-81.2
20240901,402,1,3,5,2,-48.0
20240901,402,1,4,5,2,-25.8
20240901,402,1,5,5,2,-14.8
20240901,402,2,1,5,2,-152.7
20240901,402,2,2,5,2,-62.2
20240901,402,2,3,5,2,-36.8
20240901,402,2,4,5,2,-19.8
20240901,402,2,5,5,2,-11.3
20240901,402,3,1,5,2,-119.5
20240901,402,3,2,5,2,-48.7
20240901,402,3,3,5,2,-28.8
20240901,402,3,4,5,2,-15.5
20240901,402,3,5,5,2,-8.9
20240901,402,4,1,5,2,-93.0
20240901,402,4,2,5,2,-37.9
20240901,402,4,3,5,2,-22.4
20240901,402,4,4,5,2,-12.1
20240901,402,4,5,5,2,-6.9
20240901,402,5,1,5,2,-59.8
20240901,402,5,2,5,2,-24.3
20240901,402,5,3,5,2,-14.4
20240901,402,5,4,5,2,-7.7
20240901,402,5,5,5,2,-4.4
20240901,402,6,1,5,2,-39.8
20240901,402,6,2,5,2,-16.2
20240901,402,6,3,5,2,-9.6
20240901,402,6,4,5,2,-5.2
20240901,402,6,5,5,2,-3.0
20240901,402,1,1,6,2,-77.5
20240901,402,1,2,6,2,-31.6
20240901,402,1,3,6,2,-18.6
20240901,402,1,4,6,2,-10.0
20240901,402,1,5,6,2,-5.7
20240901,402,2,1,6,2,-59.4
20240901,402,2,2,6,2,-24.2
20240901,402,2,3,6,2,-14.3
20240901,402,2,4,6,2,-7.7
20240901,402,2,5,6,2,-4.4
20240901,402,3,1,6,2,-46.5
20240901,402,3,2,6,2,-18.9
20240901,402,3,3,6,2,-11.2
20240901,402,3,4,6,2,-6.0
20240901,402,3,5,6,2,-3.4
20240901,402,4,1,6,2,-36.2
20240901,402,4,2,6,2,-14.7
20240901,402,4,3,6,2,-8.7
20240901,402,4,4,6,2,-4.7
20240901,402,4,5,6,2,-2.7
20240901,402,5,1,6,2,-23.2
20240901,402,5,2,6,2,-9.5
20240901,402,5,3,6,2,-5.6
20240901,402,5,4,6,2,-3.0
20240901,402,5,5,6,2,-1.7
20240901,402,6,1,6,2,-15.5
20240901,402,6,2,6,2,-6.3
20240901,402,6,3,6,2,-3.7
20240901,402,6,4,6,2,-2.0
20240901,402,6,5,6,2,-1.1
20240901,403,1,1,7,2,-71.4
20240901,403,1,2,7,2,-29.1
20240901,403,1,3,7,2,-17.2
20240901,403,1,4,7,2,-9.3
20240901,403,1,5,7,2,-5.3
20240901,403,2,1,7,2,-54.8
20240901,403,2,2,7,2,-22.3
20240901,403,2,3,7,2,-13.2
20240901,403,2,4,7,2,-7.1
20240901,403,2,5,7,2,-4.1
20240901,403,3,1,7,2,-42.8
20240901,403,3,2,7,2,-17.5
20240901,403,3,3,7,2,-10.3
20240901,403,3,4,7,2,-5.6
20240901,403,3,5,7,2,-3.2
20240901,403,4,1,7,2,-33.3
20240901,403,4,2,7,2,-13.6
20240901,403,4,3,7,2,-8.0
20240901,403,4,4,7,2,-4.3
20240901,403,4,5,7,2,-2.5
20240901,403,5,1,7,2,-21.4
20240901,403,5,2,7,2,-8.7
20240901,403,5,3,7,2,-5.2
20240901,403,5,4,7,2,-2.8
20240901,403,5,5,7,2,-1.6
20240901,403,6,1,7,2,-14.3
20240901,403,6,2,7,2,-5.8
20240901,403,6,3,7,2,-3.4
20240901,403,6,4,7,2,-1.9
20240901,403,6,5,7,2,-1.1
20240901,403,1,1,8,2,-51.7
20240901,403,1,2,8,2,-21.1
20240901,403,1,3,8,2,-12.4
20240901,403,1,4,8,2,-6.7
20240901,403,1,5,8,2,-3.8
20240901,403,2,1,8,2,-39.6
20240901,403,2,2,8,2,-16.2
20240901,403,2,3,8,2,-9.5
20240901,403,2,4,8,2,-5.1
20240901,403,2,5,8,2,-2.9
20240901,403,3,1,8,2,-31.0
20240901,403,3,2,8,2,-12.6
20240901,403,3,3,8,2,-7.5
20240901,403,3,4,8,2,-4.0
20240901,403,3,5,8,2,-2.3
20240901,403,4,1,8,2,-24.1
20240901,403,4,2,8,2,-9.8
20240901,403,4,3,8,2,-5.8
20240901,403,4,4,8,2,-3.1
20240901,403,4,5,8,2,-1.8
20240901,403,5,1,8,2,-15.5
20240901,403,5,2,8,2,-6.3
20240901,403,5,3,8,2,-3.7
20240901,403,5,4,8,2,-2.0
20240901,403,5,5,8,2,-1.1
20240901,403,6,1,8,2,-10.3
20240901,403,6,2,8,2,-4.2
20240901,403,6,3,8,2,-2.5
20240901,403,6,4,8,2,-1.3
20240901,403,6,5,8,2,-0.8
20240901,404,1,1,7,2,-19.8
20240901,404,1,2,7,2,-8.1
20240901,404,1,3,7,2,-4.8
20240901,404,1,4,7,2,-2.6
20240901,404,1,5,7,2,-1.5
20240901,404,2,1,7,2,-15.2
20240901,404,2,2,7,2,-6.2
20240901,404,2,3,7,2,-3.6
20240901,404,2,4,7,2,-2.0
20240901,404,2,5,7,2,-1.1
20240901,404,3,1,7,2,-11.9
20240901,404,3,2,7,2,-4.8
20240901,404,3,3,7,2,-2.9
20240901,404,3,4,7,2,-1.5
20240901,404,3,5,7,2,-0.9
20240901,404,4,1,7,2,-9.2
20240901,404,4,2,7,2,-3.8
20240901,404,4,3,7,2,-2.2
20240901,404,4,4,7,2,-1.2
20240901,404,4,5,7,2,-0.7
20240901,404,5,1,7,2,-5.9
20240901,404,5,2,7,2,-2.4
20240901,404,5,3,7,2,-1.4
20240901,404,5,4,7,2,-0.8
20240901,404,5,5,7,2,-0.4
20240901,404,6,1,7,2,-4.0
20240901,404,6,2,7,2,-1.6
20240901,404,6,3,7,2,-1.0
20240901,404,6,4,7,2,-0.5
20240901,404,6,5,7,2,-0.3
20240901,404,1,1,8,2,-19.8
20240901,404,1,2,8,2,-8.1
20240901,404,1,3,8,2,-4.8
20240901,404,1,4,8,2,-2.6
20240901,404,1,5,8,2,-1.5
20240901,404,2,1,8,2,-15.2
20240901,404,2,2,8,2,-6.2
20240901,404,2,3,8,2,-3.6
20240901,404,2,4,8,2,-2.0
20240901,404,2,5,8,2,-1.1
20240901,404,3,1,8,2,-11.9
20240901,404,3,2,8,2,-4.8
20240901,404,3,3,8,2,-2.9
20240901,404,3,4,8,2,-1.5
20240901,404,3,5,8,2,-0.9
20240901,404,4,1,8,2,-9.2
20240901,404,4,2,8,2,-3.8
20240901,404,4,3,8,2,-2.2
20240901,404,4,4,8,2,-1.2
20240901,404,4,5,8,2,-0.7
20240901,404,5,1,8,2,-5.9
20240901,404,5,2,8,2,-2.4
20240901,404,5,3,8,2,-1.4
20240901,404,5,4,8,2,-0.8
20240901,404,5,5,8,2,-0.4
20240901,404,6,1,8,2,-4.0
20240901,404,6,2,8,2,-1.6
20240901,404,6,3,8,2,-1.0
20240901,404,6,4,8,2,-0.5
20240901,404,6,5,8,2,-0.3
20240901,301,1,1,7,2,6249.9
20240901,501,1,1,7,2,1858.4
20240901,502,1,1,7,2,1614.4
20240901,503,1,1,7,2,-84.5
20240901,504,1,1,7,2,1208.6
20240901,601,1,1,7,2,1773.9
20240901,602,1,1,7,2,-384.7
20240901,603,1,1,7,2,71828.1
20241001,101,1,1,5,2,681.0
20241001,101,1,2,5,2,278.7
20241001,101,1,3,5,2,163.6
20241001,101,1,4,5,2,89.5
20241001,101,1,5,5,2,51.4
20241001,101,2,1,5,2,527.4
20241001,101,2,2,5,2,213.4
20241001,101,2,3,5,2,125.1
20241001,101,2,4,5,2,69.0
20241001,101,2,5,5,2,39.4
20241001,101,3,1,5,2,402.9
20241001,101,3,2,5,2,167.7
20241001,101,3,3,5,2,97.7
20241001,101,3,4,5,2,53.6
20241001,101,3,5,5,2,30.1
20241001,101,4,1,5,2,317.6
20241001,101,4,2,5,2,131.1
20241001,101,4,3,5,2,77.6
20241001,101,4,4,5,2,41.1
20241001,101,4,5,5,2,23.5
20241001,101,5,1,5,2,203.0
20241001,101,5,2,5,2,82.9
20241001,101,5,3,5,2,49.5
20241001,101,5,4,5,2,26.2
20241001,101,5,5,5,2,15.3
20241001,101,6,1,5,2,138.6
20241001,101,6,2,5,2,54.8
20241001,101,6,3,5,2,32.3
20241001,101,6,4,5,2,17.5
20241001,101,6,5,5,2,10.3
20241001,102,1,1,5,2,180.1
20241001,102,1,2,5,2,71.6
20241001,102,1,3,5,2,42.7
20241001,102,1,4,5,2,23.1
20241001,102,1,5,5,2,13.3
20241001,102,2,1,5,2,134.4
20241001,102,2,2,5,2,55.0
20241001,102,2,3,5,2,33.0
20241001,102,2,4,5,2,17.8
20241001,102,2,5,5,2,10.0
20241001,102,3,1,5,2,105.9
20241001,102,3,2,5,2,43.4
20241001,102,3,3,5,2,26.1
20241001,102,3,4,5,2,13.8
20241001,102,3,5,5,2,7.8
20241001,102,4,1,5,2,83.6
20241001,102,4,2,5,2,33.8
20241001,102,4,3,5,2,20.1
20241001,102,4,4,5,2,10.6
20241001,102,4,5,5,2,6.3
20241001,102,5,1,5,2,53.7
20241001,102,5,2,5,2,21.7
20241001,102,5,3,5,2,12.9
20241001,102,5,4,5,2,7.0
20241001,102,5,5,5,2,4.0
20241001,102,6,1,5,2,36.1
20241001,102,6,2,5,2,14.5
20241001,102,6,3,5,2,8.5
20241001,102,6,4,5,2,4.7
20241001,102,6,5,5,2,2.6
20241001,103,1,1,5,2,620.3
20241001,103,1,2,5,2,251.3
20241001,103,1,3,5,2,149.3
20241001,103,1,4,5,2,81.2
20241001,103,1,5,5,2,45.7
20241001,103,2,1,5,2,481.8
20241001,103,2,2,5,2,195.9
20241001,103,2,3,5,2,115.6
20241001,103,2,4,5,2,61.8
20241001,103,2,5,5,2,34.9
20241001,103,3,1,5,2,375.6
20241001,103,3,2,5,2,154.3
20241001,103,3,3,5,2,89.9
20241001,103,3,4,5,2,47.6
20241001,103,3,5,5,2,28.2
20241001,103,4,1,5,2,287.8
20241001,103,4,2,5,2,118.4
20241001,103,4,3,5,2,70.5
20241001,103,4,4,5,2,37.0
20241001,103,4,5,5,2,21.6
20241001,103,5,1,5,2,184.6
20241001,103,5,2,5,2,75.1
20241001,103,5,3,5,2,44.7
20241001,103,5,4,5,2,24.7
20241001,103,5,5,5,2,13.7
20241001,103,6,1,5,2,126.7
20241001,103,6,2,5,2,50.4
20241001,103,6,3,5,2,30.0
20241001,103,6,4,5,2,16.3
20241001,103,6,5,5,2,9.3
20241001,201,1,1,1,2,-196.3
20241001,201,1,1,2,2,-92.4
20241001,201,1,2,1,2,-80.0
20241001,201,1,2,2,2,-37.6
20241001,201,1,3,1,2,-47.3
20241001,201,1,3,2,2,-22.2
20241001,201,1,4,1,2,-25.4
20241001,201,1,4,2,2,-12.0
20241001,201,1,5,1,2,-14.5
20241001,201,1,5,2,2,-6.8
20241001,201,2,1,1,2,-150.5
20241001,201,2,1,2,2,-70.8
20241001,201,2,2,1,2,-61.3
20241001,201,2,2,2,2,-28.9
20241001,201,2,3,1,2,-36.2
20241001,201,2,3,2,2,-17.0
20241001,201,2,4,1,2,-19.5
20241001,201,2,4,2,2,-9.2
20241001,201,2,5,1,2,-11.1
20241001,201,2,5,2,2,-5.2
20241001,201,3,1,1,2,-117.8
20241001,201,3,1,2,2,-55.4
20241001,201,3,2,1,2,-48.0
20241001,201,3,2,2,2,-22.6
20241001,201,3,3,1,2,-28.4
20241001,201,3,3,2,2,-13.3
20241001,201,3,4,1,2,-15.3
20241001,201,3,4,2,2,-7.2
20241001,201,3,5,1,2,-8.7
20241001,201,3,5,2,2,-4.1
20241001,201,4,1,1,2,-91.6
20241001,201,4,1,2,2,-43.1
20241001,201,4,2,1,2,-37.3
20241001,201,4,2,2,2,-17.6
20241001,201,4,3,1,2,-22.1
20241001,201,4,3,2,2,-10.4
20241001,201,4,4,1,2,-11.9
20241001,201,4,4,2,2,-5.6
20241001,201,4,5,1,2,-6.8
20241001,201,4,5,2,2,-3.2
20241001,201,5,1,1,2,-58.9
20241001,201,5,1,2,2,-27.7
20241001,201,5,2,1,2,-24.0
20241001,201,5,2,2,2,-11.3
20241001,201,5,3,1,2,-14.2
20241001,201,5,3,2,2,-6.7
20241001,201,5,4,1,2,-7.6
20241001,201,5,4,2,2,-3.6
20241001,201,5,5,1,2,-4.4
20241001,201,5,5,2,2,-2.1
20241001,201,6,1,1,2,-39.3
20241001,201,6,1,2,2,-18.5
20241001,201,6,2,1,2,-16.0
20241001,201,6,2,2,2,-7.5
20241001,201,6,3,1,2,-9.5
20241001,201,6,3,2,2,-4.4
20241001,201,6,4,1,2,-5.1
20241001,201,6,4,2,2,-2.4
20241001,201,6,5,1,2,-2.9
20241001,201,6,5,2,2,-1.4
20241001,202,1,1,1,2,-142.1
20241001,202,1,1,2,2,-66.9
20241001,202,1,2,1,2,-57.9
20241001,202,1,2,2,2,-27.2
20241001,202,1,3,1,2,-34.2
20241001,202,1,3,2,2,-16.1
20241001,202,1,4,1,2,-18.4
20241001,202,1,4,2,2,-8.7
20241001,202,1,5,1,2,-10.5
20241001,202,1,5,2,2,-5.0
20241001,202,2,1,1,2,-109.0
20241001,202,2,1,2,2,-51.3
20241001,202,2,2,1,2,-44.4
20241001,202,2,2,2,2,-20.9
20241001,202,2,3,1,2,-26.2
20241001,202,2,3,2,2,-12.3
20241001,202,2,4,1,2,-14.1
20241001,202,2,4,2,2,-6.6
20241001,202,2,5,1,2,-8.1
20241001,202,2,5,2,2,-3.8
20241001,202,3,1,1,2,-85.3
20241001,202,3,1,2,2,-40.1
20241001,202,3,2,1,2,-34.7
20241001,202,3,2,2,2,-16.3
20241001,202,3,3,1,2,-20.5
20241001,202,3,3,2,2,-9.7
20241001,202,3,4,1,2,-11.1
20241001,202,3,4,2,2,-5.2
20241001,202,3,5,1,2,-6.3
20241001,202,3,5,2,2,-3.0
20241001,202,4,1,1,2,-66.3
20241001,202,4,1,2,2,-31.2
20241001,202,4,2,1,2,-27.0
20241001,202,4,2,2,2,-12.7
20241001,202,4,3,1,2,-16.0
20241001,202,4,3,2,2,-7.5
20241001,202,4,4,1,2,-8.6
20241001,202,4,4,2,2,-4.0
20241001,202,4,5,1,2,-4.9
20241001,202,4,5,2,2,-2.3
20241001,202,5,1,1,2,-42.6
20241001,202,5,1,2,2,-20.1
20241001,202,5,2,1,2,-17.4
20241001,202,5,2,2,2,-8.2
20241001,202,5,3,1,2,-10.3
20241001,202,5,3,2,2,-4.8
20241001,202,5,4,1,2,-5.5
20241001,202,5,4,2,2,-2.6
20241001,202,5,5,1,2,-3.2
20241001,202,5,5,2,2,-1.5
20241001,202,6,1,1,2,-28.4
20241001,202,6,1,2,2,-13.4
20241001,202,6,2,1,2,-11.6
20241001,202,6,2,2,2,-5.4
20241001,202,6,3,1,2,-6.8
20241001,202,6,3,2,2,-3.2
20241001,202,6,4,1,2,-3.7
20241001,202,6,4,2,2,-1.7
20241001,202,6,5,1,2,-2.1
20241001,202,6,5,2,2,-1.0
20241001,401,1,1,3,2,-225.0
20241001,401,1,2,3,2,-91.7
20241001,401,1,3,3,2,-54.2
20241001,401,1,4,3,2,-29.2
20241001,401,1,5,3,2,-16.7
20241001,401,2,1,3,2,-172.5
20241001,401,2,2,3,2,-70.3
20241001,401,2,3,3,2,-41.5
20241001,401,2,4,3,2,-22.4
20241001,401,2,5,3,2,-12.8
20241001,401,3,1,3,2,-135.0
20241001,401,3,2,3,2,-55.0
20241001,401,3,3,3,2,-32.5
20241001,401,3,4,3,2,-17.5
20241001,401,3,5,3,2,-10.0
20241001,401,4,1,3,2,-105.0
20241001,401,4,2,3,2,-42.8
20241001,401,4,3,3,2,-25.3
20241001,401,4,4,3,2,-13.6
20241001,401,4,5,3,2,-7.8
20241001,401,5,1,3,2,-67.5
20241001,401,5,2,3,2,-27.5
20241001,401,5,3,3,2,-16.2
20241001,401,5,4,3,2,-8.7
20241001,401,5,5,3,2,-5.0
20241001,401,6,1,3,2,-45.0
20241001,401,6,2,3,2,-18.3
20241001,401,6,3,3,2,-10.8
20241001,401,6,4,3,2,-5.8
20241001,401,6,5,3,2,-3.3
20241001,401,1,1,4,2,-79.0
20241001,401,1,2,4,2,-32.2
20241001,401,1,3,4,2,-19.0
20241001,401,1,4,4,2,-10.2
20241001,401,1,5,4,2,-5.9
20241001,401,2,1,4,2,-60.6
20241001,401,2,2,4,2,-24.7
20241001,401,2,3,4,2,-14.6
20241001,401,2,4,4,2,-7.9
20241001,401,2,5,4,2,-4.5
20241001,401,3,1,4,2,-47.4
20241001,401,3,2,4,2,-19.3
20241001,401,3,3,4,2,-11.4
20241001,401,3,4,4,2,-6.1
20241001,401,3,5,4,2,-3.5
20241001,401,4,1,4,2,-36.9
20241001,401,4,2,4,2,-15.0
20241001,401,4,3,4,2,-8.9
20241001,401,4,4,4,2,-4.8
20241001,401,4,5,4,2,-2.7
20241001,401,5,1,4,2,-23.7
20241001,401,5,2,4,2,-9.7
20241001,401,5,3,4,2,-5.7
20241001,401,5,4,4,2,-3.1
20241001,401,5,5,4,2,-1.8
20241001,401,6,1,4,2,-15.8
20241001,401,6,2,4,2,-6.4
20241001,401,6,3,4,2,-3.8
20241001,401,6,4,4,2,-2.0
20241001,401,6,5,4,2,-1.2
20241001,402,1,1,5,2,-194.3
20241001,402,1,2,5,2,-79.2
20241001,402,1,3,5,2,-46.8
20241001,402,1,4,5,2,-25.2
20241001,402,1,5,5,2,-14.4
20241001,402,2,1,5,2,-149.0
20241001,402,2,2,5,2,-60.7
20241001,402,2,3,5,2,-35.9
20241001,402,2,4,5,2,-19.3
20241001,402,2,5,5,2,-11.0
20241001,402,3,1,5,2,-116.6
20241001,402,3,2,5,2,-47.5
20241001,402,3,3,5,2,-28.1
20241001,402,3,4,5,2,-15.1
20241001,402,3,5,5,2,-8.6
20241001,402,4,1,5,2,-90.7
20241001,402,4,2,5,2,-36.9
20241001,402,4,3,5,2,-21.8
20241001,402,4,4,5,2,-11.8
20241001,402,4,5,5,2,-6.7
20241001,402,5,1,5,2,-58.3
20241001,402,5,2,5,2,-23.8
20241001,402,5,3,5,2,-14.0
20241001,402,5,4,5,2,-7.6
20241001,402,5,5,5,2,-4.3
20241001,402,6,1,5,2,-38.9
20241001,402,6,2,5,2,-15.8
20241001,402,6,3,5,2,-9.4
20241001,402,6,4,5,2,-5.0
20241001,402,6,5,5,2,-2.9
20241001,402,1,1,6,2,-75.6
20241001,402,1,2,6,2,-30.8
20241001,402,1,3,6,2,-18.2
20241001,402,1,4,6,2,-9.8
20241001,402,1,5,6,2,-5.6
20241001,402,2,1,6,2,-57.9
20241001,402,2,2,6,2,-23.6
20241001,402,2,3,6,2,-13.9
20241001,402,2,4,6,2,-7.5
20241001,402,2,5,6,2,-4.3
20241001,402,3,1,6,2,-45.3
20241001,402,3,2,6,2,-18.5
20241001,402,3,3,6,2,-10.9
20241001,402,3,4,6,2,-5.9
20241001,402,3,5,6,2,-3.4
20241001,402,4,1,6,2,-35.3
20241001,402,4,2,6,2,-14.4
20241001,402,4,3,6,2,-8.5
20241001,402,4,4,6,2,-4.6
20241001,402,4,5,6,2,-2.6
20241001,402,5,1,6,2,-22.7
20241001,402,5,2,6,2,-9.2
20241001,402,5,3,6,2,-5.5
20241001,402,5,4,6,2,-2.9
20241001,402,5,5,6,2,-1.7
20241001,402,6,1,6,2,-15.1
20241001,402,6,2,6,2,-6.2
20241001,402,6,3,6,2,-3.6
20241001,402,6,4,6,2,-2.0
20241001,402,6,5,6,2,-1.1
20241001,403,1,1,7,2,-69.7
20241001,403,1,2,7,2,-28.4
20241001,403,1,3,7,2,-16.8
20241001,403,1,4,7,2,-9.0
20241001,403,1,5,7,2,-5.2
20241001,403,2,1,7,2,-53.4
20241001,403,2,2,7,2,-21.8
20241001,403,2,3,7,2,-12.9
20241001,403,2,4,7,2,-6.9
20241001,403,2,5,7,2,-4.0
20241001,403,3,1,7,2,-41.8
20241001,403,3,2,7,2,-17.0
20241001,403,3,3,7,2,-10.1
20241001,403,3,4,7,2,-5.4
20241001,403,3,5,7,2,-3.1
20241001,403,4,1,7,2,-32.5
20241001,403,4,2,7,2,-13.2
20241001,403,4,3,7,2,-7.8
20241001,403,4,4,7,2,-4.2
20241001,403,4,5,7,2,-2.4
20241001,403,5,1,7,2,-20.9
20241001,403,5,2,7,2,-8.5
20241001,403,5,3,7,2,-5.0
20241001,403,5,4,7,2,-2.7
20241001,403,5,5,7,2,-1.5
20241001,403,6,1,7,2,-13.9
20241001,403,6,2,7,2,-5.7
20241001,403,6,3,7,2,-3.4
20241001,403,6,4,7,2,-1.8
20241001,403,6,5,7,2,-1.0
20241001,403,1,1,8,2,-50.5
20241001,403,1,2,8,2,-20.6
20241001,403,1,3,8,2,-12.1
20241001,403,1,4,8,2,-6.5
20241001,403,1,5,8,2,-3.7
20241001,403,2,1,8,2,-38.7
20241001,403,2,2,8,2,-15.8
20241001,403,2,3,8,2,-9.3
20241001,403,2,4,8,2,-5.0
20241001,403,2,5,8,2,-2.9
20241001,403,3,1,8,2,-30.3
20241001,403,3,2,8,2,-12.3
20241001,403,3,3,8,2,-7.3
20241001,403,3,4,8,2,-3.9
20241001,403,3,5,8,2,-2.2
20241001,403,4,1,8,2,-23.5
20241001,403,4,2,8,2,-9.6
20241001,403,4,3,8,2,-5.7
20241001,403,4,4,8,2,-3.1
20241001,403,4,5,8,2,-1.7
20241001,403,5,1,8,2,-15.1
20241001,403,5,2,8,2,-6.2
20241001,403,5,3,8,2,-3.6
20241001,403,5,4,8,2,-2.0
20241001,403,5,5,8,2,-1.1
20241001,403,6,1,8,2,-10.1
20241001,403,6,2,8,2,-4.1
20241001,403,6,3,8,2,-2.4
20241001,403,6,4,8,2,-1.3
20241001,403,6,5,8,2,-0.7
20241001,404,1,1,7,2,-19.3
20241001,404,1,2,7,2,-7.9
20241001,404,1,3,7,2,-4.6
20241001,404,1,4,7,2,-2.5
20241001,404,1,5,7,2,-1.4
20241001,404,2,1,7,2,-14.8
20241001,404,2,2,7,2,-6.0
20241001,404,2,3,7,2,-3.6
20241001,404,2,4,7,2,-1.9
20241001,404,2,5,7,2,-1.1
20241001,404,3,1,7,2,-11.6
20241001,404,3,2,7,2,-4.7
20241001,404,3,3,7,2,-2.8
20241001,404,3,4,7,2,-1.5
20241001,404,3,5,7,2,-0.9
20241001,404,4,1,7,2,-9.0
20241001,404,4,2,7,2,-3.7
20241001,404,4,3,7,2,-2.2
20241001,404,4,4,7,2,-1.2
20241001,404,4,5,7,2,-0.7
20241001,404,5,1,7,2,-5.8
20241001,404,5,2,7,2,-2.4
20241001,404,5,3,7,2,-1.4
20241001,404,5,4,7,2,-0.7
20241001,404,5,5,7,2,-0.4
20241001,404,6,1,7,2,-3.9
20241001,404,6,2,7,2,-1.6
20241001,404,6,3,7,2,-0.9
20241001,404,6,4,7,2,-0.5
20241001,404,6,5,7,2,-0.3
20241001,404,1,1,8,2,-19.3
20241001,404,1,2,8,2,-7.9
20241001,404,1,3,8,2,-4.6
20241001,404,1,4,8,2,-2.5
20241001,404,1,5,8,2,-1.4
20241001,404,2,1,8,2,-14.8
20241001,404,2,2,8,2,-6.0
20241001,404,2,3,8,2,-3.6
20241001,404,2,4,8,2,-1.9
20241001,404,2,5,8,2,-1.1
20241001,404,3,1,8,2,-11.6
20241001,404,3,2,8,2,-4.7
20241001,404,3,3,8,2,-2.8
20241001,404,3,4,8,2,-1.5
20241001,404,3,5,8,2,-0.9
20241001,404,4,1,8,2,-9.0
20241001,404,4,2,8,2,-3.7
20241001,404,4,3,8,2,-2.2
20241001,404,4,4,8,2,-1.2
20241001,404,4,5,8,2,-0.7
20241001,404,5,1,8,2,-5.8
20241001,404,5,2,8,2,-2.4
20241001,404,5,3,8,2,-1.4
20241001,404,5,4,8,2,-0.7
20241001,404,5,5,8,2,-0.4
20241001,404,6,1,8,2,-3.9
20241001,404,6,2,8,2,-1.6
20241001,404,6,3,8,2,-0.9
20241001,404,6,4,8,2,-0.5
20241001,404,6,5,8,2,-0.3
20241001,301,1,1,7,2,6082.1
20241001,501,1,1,7,2,1798.0
20241001,502,1,1,7,2,1560.0
20241001,503,1,1,7,2,-82.4
20241001,504,1,1,7,2,1167.3
20241001,601,1,1,7,2,1715.6
20241001,602,1,1,7,2,-375.3
20241001,603,1,1,7,2,72733.1
20241101,101,1,1,5,2,706.5
20241101,101,1,2,5,2,281.4
20241101,101,1,3,5,2,170.4
20241101,101,1,4,5,2,88.8
20241101,101,1,5,5,2,52.2
20241101,101,2,1,5,2,532.6
20241101,101,2,2,5,2,215.5
20241101,101,2,3,5,2,130.1
20241101,101,2,4,5,2,68.1
20241101,101,2,5,5,2,39.5
20241101,101,3,1,5,2,417.5
20241101,101,3,2,5,2,167.4
20241101,101,3,3,5,2,99.4
20241101,101,3,4,5,2,53.6
20241101,101,3,5,5,2,30.4
20241101,101,4,1,5,2,321.5
20241101,101,4,2,5,2,132.6
20241101,101,4,3,5,2,79.0
20241101,101,4,4,5,2,42.6
20241101,101,4,5,5,2,23.8
20241101,101,5,1,5,2,208.8
20241101,101,5,2,5,2,84.5
20241101,101,5,3,5,2,50.6
20241101,101,5,4,5,2,26.6
20241101,101,5,5,5,2,15.6
20241101,101,6,1,5,2,140.7
20241101,101,6,2,5,2,55.7
20241101,101,6,3,5,2,33.0
20241101,101,6,4,5,2,18.2
20241101,101,6,5,5,2,10.1
20241101,102,1,1,5,2,182.8
20241101,102,1,2,5,2,73.7
20241101,102,1,3,5,2,43.9
20241101,102,1,4,5,2,23.4
20241101,102,1,5,5,2,13.6
20241101,102,2,1,5,2,138.5
20241101,102,2,2,5,2,56.6
20241101,102,2,3,5,2,33.3
20241101,102,2,4,5,2,18.0
20241101,102,2,5,5,2,10.5
20241101,102,3,1,5,2,108.2
20241101,102,3,2,5,2,43.8
20241101,102,3,3,5,2,26.2
20241101,102,3,4,5,2,14.2
20241101,102,3,5,5,2,8.1
20241101,102,4,1,5,2,84.1
20241101,102,4,2,5,2,34.2
20241101,102,4,3,5,2,20.4
20241101,102,4,4,5,2,10.9
20241101,102,4,5,5,2,6.4
20241101,102,5,1,5,2,55.0
20241101,102,5,2,5,2,22.4
20241101,102,5,3,5,2,13.2
20241101,102,5,4,5,2,7.2
20241101,102,5,5,5,2,4.1
20241101,102,6,1,5,2,36.6
20241101,102,6,2,5,2,15.0
20241101,102,6,3,5,2,8.7
20241101,102,6,4,5,2,4.7
20241101,102,6,5,5,2,2.6
20241101,103,1,1,5,2,638.2
20241101,103,1,2,5,2,260.1
20241101,103,1,3,5,2,152.2
20241101,103,1,4,5,2,83.8
20241101,103,1,5,5,2,47.7
20241101,103,2,1,5,2,485.2
20241101,103,2,2,5,2,199.1
20241101,103,2,3,5,2,117.6
20241101,103,2,4,5,2,63.2
20241101,103,2,5,5,2,35.9
20241101,103,3,1,5,2,384.6
20241101,103,3,2,5,2,152.7
20241101,103,3,3,5,2,91.8
20241101,103,3,4,5,2,49.8
20241101,103,3,5,5,2,27.9
20241101,103,4,1,5,2,295.7
20241101,103,4,2,5,2,121.6
20241101,103,4,3,5,2,72.5
20241101,103,4,4,5,2,38.8
20241101,103,4,5,5,2,21.7
20241101,103,5,1,5,2,193.5
20241101,103,5,2,5,2,78.9
20241101,103,5,3,5,2,45.1
20241101,103,5,4,5,2,24.8
20241101,103,5,5,5,2,14.3
20241101,103,6,1,5,2,125.8
20241101,103,6,2,5,2,51.8
20241101,103,6,3,5,2,30.6
20241101,103,6,4,5,2,16.8
20241101,103,6,5,5,2,9.5
20241101,201,1,1,1,2,-203.1
20241101,201,1,1,2,2,-95.6
20241101,201,1,2,1,2,-82.7
20241101,201,1,2,2,2,-38.9
20241101,201,1,3,1,2,-48.9
20241101,201,1,3,2,2,-23.0
20241101,201,1,4,1,2,-26.3
20241101,201,1,4,2,2,-12.4
20241101,201,1,5,1,2,-15.0
20241101,201,1,5,2,2,-7.1
20241101,201,2,1,1,2,-155.7
20241101,201,2,1,2,2,-73.3
20241101,201,2,2,1,2,-63.4
20241101,201,2,2,2,2,-29.9
20241101,201,2,3,1,2,-37.5
20241101,201,2,3,2,2,-17.6
20241101,201,2,4,1,2,-20.2
20241101,201,2,4,2,2,-9.5
20241101,201,2,5,1,2,-11.5
20241101,201,2,5,2,2,-5.4
20241101,201,3,1,1,2,-121.9
20241101,201,3,1,2,2,-57.3
20241101,201,3,2,1,2,-49.6
20241101,201,3,2,2,2,-23.4
20241101,201,3,3,1,2,-29.3
20241101,201,3,3,2,2,-13.8
20241101,201,3,4,1,2,-15.8
20241101,201,3,4,2,2,-7.4
20241101,201,3,5,1,2,-9.0
20241101,201,3,5,2,2,-4.2
20241101,201,4,1,1,2,-94.8
20241101,201,4,1,2,2,-44.6
20241101,201,4,2,1,2,-38.6
20241101,201,4,2,2,2,-18.2
20241101,201,4,3,1,2,-22.8
20241101,201,4,3,2,2,-10.7
20241101,201,4,4,1,2,-12.3
20241101,201,4,4,2,2,-5.8
20241101,201,4,5,1,2,-7.0
20241101,201,4,5,2,2,-3.3
20241101,201,5,1,1,2,-60.9
20241101,201,5,1,2,2,-28.7
20241101,201,5,2,1,2,-24.8
20241101,201,5,2,2,2,-11.7
20241101,201,5,3,1,2,-14.7
20241101,201,5,3,2,2,-6.9
20241101,201,5,4,1,2,-7.9
20241101,201,5,4,2,2,-3.7
20241101,201,5,5,1,2,-4.5
20241101,201,5,5,2,2,-2.1
20241101,201,6,1,1,2,-40.6
20241101,201,6,1,2,2,-19.1
20241101,201,6,2,1,2,-16.5
20241101,201,6,2,2,2,-7.8
20241101,201,6,3,1,2,-9.8
20241101,201,6,3,2,2,-4.6
20241101,201,6,4,1,2,-5.3
20241101,201,6,4,2,2,-2.5
20241101,201,6,5,1,2,-3.0
20241101,201,6,5,2,2,-1.4
20241101,202,1,1,1,2,-147.1
20241101,202,1,1,2,2,-69.2
20241101,202,1,2,1,2,-59.9
20241101,202,1,2,2,2,-28.2
20241101,202,1,3,1,2,-35.4
20241101,202,1,3,2,2,-16.7
20241101,202,1,4,1,2,-19.1
20241101,202,1,4,2,2,-9.0
20241101,202,1,5,1,2,-10.9
20241101,202,1,5,2,2,-5.1
20241101,202,2,1,1,2,-112.8
20241101,202,2,1,2,2,-53.1
20241101,202,2,2,1,2,-45.9
20241101,202,2,2,2,2,-21.6
20241101,202,2,3,1,2,-27.1
20241101,202,2,3,2,2,-12.8
20241101,202,2,4,1,2,-14.6
20241101,202,2,4,2,2,-6.9
20241101,202,2,5,1,2,-8.4
20241101,202,2,5,2,2,-3.9
20241101,202,3,1,1,2,-88.2
20241101,202,3,1,2,2,-41.5
20241101,202,3,2,1,2,-36.0
20241101,202,3,2,2,2,-16.9
20241101,202,3,3,1,2,-21.2
20241101,202,3,3,2,2,-10.0
20241101,202,3,4,1,2,-11.4
20241101,202,3,4,2,2,-5.4
20241101,202,3,5,1,2,-6.5
20241101,202,3,5,2,2,-3.1
20241101,202,4,1,1,2,-68.6
20241101,202,4,1,2,2,-32.3
20241101,202,4,2,1,2,-28.0
20241101,202,4,2,2,2,-13.2
20241101,202,4,3,1,2,-16.5
20241101,202,4,3,2,2,-7.8
20241101,202,4,4,1,2,-8.9
20241101,202,4,4,2,2,-4.2
20241101,202,4,5,1,2,-5.1
20241101,202,4,5,2,2,-2.4
20241101,202,5,1,1,2,-44.1
20241101,202,5,1,2,2,-20.8
20241101,202,5,2,1,2,-18.0
20241101,202,5,2,2,2,-8.5
20241101,202,5,3,1,2,-10.6
20241101,202,5,3,2,2,-5.0
20241101,202,5,4,1,2,-5.7
20241101,202,5,4,2,2,-2.7
20241101,202,5,5,1,2,-3.3
20241101,202,5,5,2,2,-1.5
20241101,202,6,1,1,2,-29.4
20241101,202,6,1,2,2,-13.8
20241101,202,6,2,1,2,-12.0
20241101,202,6,2,2,2,-5.6
20241101,202,6,3,1,2,-7.1
20241101,202,6,3,2,2,-3.3
20241101,202,6,4,1,2,-3.8
20241101,202,6,4,2,2,-1.8
20241101,202,6,5,1,2,-2.2
20241101,202,6,5,2,2,-1.0
20241101,401,1,1,3,2,-229.7
20241101,401,1,2,3,2,-93.6
20241101,401,1,3,3,2,-55.3
20241101,401,1,4,3,2,-29.8
20241101,401,1,5,3,2,-17.0
20241101,401,2,1,3,2,-176.1
20241101,401,2,2,3,2,-71.8
20241101,401,2,3,3,2,-42.4
20241101,401,2,4,3,2,-22.8
20241101,401,2,5,3,2,-13.0
20241101,401,3,1,3,2,-137.8
20241101,401,3,2,3,2,-56.2
20241101,401,3,3,3,2,-33.2
20241101,401,3,4,3,2,-17.9
20241101,401,3,5,3,2,-10.2
20241101,401,4,1,3,2,-107.2
20241101,401,4,2,3,2,-43.7
20241101,401,4,3,3,2,-25.8
20241101,401,4,4,3,2,-13.9
20241101,401,4,5,3,2,-7.9
20241101,401,5,1,3,2,-68.9
20241101,401,5,2,3,2,-28.1
20241101,401,5,3,3,2,-16.6
20241101,401,5,4,3,2,-8.9
20241101,401,5,5,3,2,-5.1
20241101,401,6,1,3,2,-45.9
20241101,401,6,2,3,2,-18.7
20241101,401,6,3,3,2,-11.1
20241101,401,6,4,3,2,-6.0
20241101,401,6,5,3,2,-3.4
20241101,401,1,1,4,2,-80.7
20241101,401,1,2,4,2,-32.9
20241101,401,1,3,4,2,-19.4
20241101,401,1,4,4,2,-10.5
20241101,401,1,5,4,2,-6.0
20241101,401,2,1,4,2,-61.9
20241101,401,2,2,4,2,-25.2
20241101,401,2,3,4,2,-14.9
20241101,401,2,4,4,2,-8.0
20241101,401,2,5,4,2,-4.6
20241101,401,3,1,4,2,-48.4
20241101,401,3,2,4,2,-19.7
20241101,401,3,3,4,2,-11.7
20241101,401,3,4,4,2,-6.3
20241101,401,3,5,4,2,-3.6
20241101,401,4,1,4,2,-37.7
20241101,401,4,2,4,2,-15.3
20241101,401,4,3,4,2,-9.1
20241101,401,4,4,4,2,-4.9
20241101,401,4,5,4,2,-2.8
20241101,401,5,1,4,2,-24.2
20241101,401,5,2,4,2,-9.9
20241101,401,5,3,4,2,-5.8
20241101,401,5,4,4,2,-3.1
20241101,401,5,5,4,2,-1.8
20241101,401,6,1,4,2,-16.1
20241101,401,6,2,4,2,-6.6
20241101,401,6,3,4,2,-3.9
20241101,401,6,4,4,2,-2.1
20241101,401,6,5,4,2,-1.2
20241101,402,1,1,5,2,-198.4
20241101,402,1,2,5,2,-80.8
20241101,402,1,3,5,2,-47.8
20241101,402,1,4,5,2,-25.7
20241101,402,1,5,5,2,-14.7
20241101,402,2,1,5,2,-152.1
20241101,402,2,2,5,2,-62.0
20241101,402,2,3,5,2,-36.6
20241101,402,2,4,5,2,-19.7
20241101,402,2,5,5,2,-11.3
20241101,402,3,1,5,2,-119.1
20241101,402,3,2,5,2,-48.5
20241101,402,3,3,5,2,-28.7
20241101,402,3,4,5,2,-15.4
20241101,402,3,5,5,2,-8.8
20241101,402,4,1,5,2,-92.6
20241101,402,4,2,5,2,-37.7
20241101,402,4,3,5,2,-22.3
20241101,402,4,4,5,2,-12.0
20241101,402,4,5,5,2,-6.9
20241101,402,5,1,5,2,-59.5
20241101,402,5,2,5,2,-24.3
20241101,402,5,3,5,2,-14.3
20241101,402,5,4,5,2,-7.7
20241101,402,5,5,5,2,-4.4
20241101,402,6,1,5,2,-39.7
20241101,402,6,2,5,2,-16.2
20241101,402,6,3,5,2,-9.6
20241101,402,6,4,5,2,-5.1
20241101,402,6,5,5,2,-2.9
20241101,402,1,1,6,2,-77.2
20241101,402,1,2,6,2,-31.4
20241101,402,1,3,6,2,-18.6
20241101,402,1,4,6,2,-10.0
20241101,402,1,5,6,2,-5.7
20241101,402,2,1,6,2,-59.2
20241101,402,2,2,6,2,-24.1
20241101,402,2,3,6,2,-14.2
20241101,402,2,4,6,2,-7.7
20241101,402,2,5,6,2,-4.4
20241101,402,3,1,6,2,-46.3
20241101,402,3,2,6,2,-18.9
20241101,402,3,3,6,2,-11.1
20241101,402,3,4,6,2,-6.0
20241101,402,3,5,6,2,-3.4
20241101,402,4,1,6,2,-36.0
20241101,402,4,2,6,2,-14.7
20241101,402,4,3,6,2,-8.7
20241101,402,4,4,6,2,-4.7
20241101,402,4,5,6,2,-2.7
20241101,402,5,1,6,2,-23.2
20241101,402,5,2,6,2,-9.4
20241101,402,5,3,6,2,-5.6
20241101,402,5,4,6,2,-3.0
20241101,402,5,5,6,2,-1.7
20241101,402,6,1,6,2,-15.4
20241101,402,6,2,6,2,-6.3
20241101,402,6,3,6,2,-3.7
20241101,402,6,4,6,2,-2.0
20241101,402,6,5,6,2,-1.1
20241101,403,1,1,7,2,-71.1
20241101,403,1,2,7,2,-29.0
20241101,403,1,3,7,2,-17.1
20241101,403,1,4,7,2,-9.2
20241101,403,1,5,7,2,-5.3
20241101,403,2,1,7,2,-54.5
20241101,403,2,2,7,2,-22.2
20241101,403,2,3,7,2,-13.1
20241101,403,2,4,7,2,-7.1
20241101,403,2,5,7,2,-4.0
20241101,403,3,1,7,2,-42.7
20241101,403,3,2,7,2,-17.4
20241101,403,3,3,7,2,-10.3
20241101,403,3,4,7,2,-5.5
20241101,403,3,5,7,2,-3.2
20241101,403,4,1,7,2,-33.2
20241101,403,4,2,7,2,-13.5
20241101,403,4,3,7,2,-8.0
20241101,403,4,4,7,2,-4.3
20241101,403,4,5,7,2,-2.5
20241101,403,5,1,7,2,-21.3
20241101,403,5,2,7,2,-8.7
20241101,403,5,3,7,2,-5.1
20241101,403,5,4,7,2,-2.8
20241101,403,5,5,7,2,-1.6
20241101,403,6,1,7,2,-14.2
20241101,403,6,2,7,2,-5.8
20241101,403,6,3,7,2,-3.4
20241101,403,6,4,7,2,-1.8
20241101,403,6,5,7,2,-1.1
20241101,403,1,1,8,2,-51.5
20241101,403,1,2,8,2,-21.0
20241101,403,1,3,8,2,-12.4
20241101,403,1,4,8,2,-6.7
20241101,403,1,5,8,2,-3.8
20241101,403,2,1,8,2,-39.5
20241101,403,2,2,8,2,-16.1
20241101,403,2,3,8,2,-9.5
20241101,403,2,4,8,2,-5.1
20241101,403,2,5,8,2,-2.9
20241101,403,3,1,8,2,-30.9
20241101,403,3,2,8,2,-12.6
20241101,403,3,3,8,2,-7.4
20241101,403,3,4,8,2,-4.0
20241101,403,3,5,8,2,-2.3
20241101,403,4,1,8,2,-24.0
20241101,403,4,2,8,2,-9.8
20241101,403,4,3,8,2,-5.8
20241101,403,4,4,8,2,-3.1
20241101,403,4,5,8,2,-1.8
20241101,403,5,1,8,2,-15.5
20241101,403,5,2,8,2,-6.3
20241101,403,5,3,8,2,-3.7
20241101,403,5,4,8,2,-2.0
20241101,403,5,5,8,2,-1.1
20241101,403,6,1,8,2,-10.3
20241101,403,6,2,8,2,-4.2
20241101,403,6,3,8,2,-2.5
20241101,403,6,4,8,2,-1.3
20241101,403,6,5,8,2,-0.8
20241101,404,1,1,7,2,-19.7
20241101,404,1,2,7,2,-8.0
20241101,404,1,3,7,2,-4.7
20241101,404,1,4,7,2,-2.6
20241101,404,1,5,7,2,-1.5
20241101,404,2,1,7,2,-15.1
20241101,404,2,2,7,2,-6.1
20241101,404,2,3,7,2,-3.6
20241101,404,2,4,7,2,-2.0
20241101,404,2,5,7,2,-1.1
20241101,404,3,1,7,2,-11.8
20241101,404,3,2,7,2,-4.8
20241101,404,3,3,7,2,-2.8
20241101,404,3,4,7,2,-1.5
20241101,404,3,5,7,2,-0.9
20241101,404,4,1,7,2,-9.2
20241101,404,4,2,7,2,-3.7
20241101,404,4,3,7,2,-2.2
20241101,404,4,4,7,2,-1.2
20241101,404,4,5,7,2,-0.7
20241101,404,5,1,7,2,-5.9
20241101,404,5,2,7,2,-2.4
20241101,404,5,3,7,2,-1.4
20241101,404,5,4,7,2,-0.8
20241101,404,5,5,7,2,-0.4
20241101,404,6,1,7,2,-3.9
20241101,404,6,2,7,2,-1.6
20241101,404,6,3,7,2,-0.9
20241101,404,6,4,7,2,-0.5
20241101,404,6,5,7,2,-0.3
20241101,404,1,1,8,2,-19.7
20241101,404,1,2,8,2,-8.0
20241101,404,1,3,8,2,-4.7
20241101,404,1,4,8,2,-2.6
20241101,404,1,5,8,2,-1.5
20241101,404,2,1,8,2,-15.1
20241101,404,2,2,8,2,-6.1
20241101,404,2,3,8,2,-3.6
20241101,404,2,4,8,2,-2.0
20241101,404,2,5,8,2,-1.1
20241101,404,3,1,8,2,-11.8
20241101,404,3,2,8,2,-4.8
20241101,404,3,3,8,2,-2.8
20241101,404,3,4,8,2,-1.5
20241101,404,3,5,8,2,-0.9
20241101,404,4,1,8,2,-9.2
20241101,404,4,2,8,2,-3.7
20241101,404,4,3,8,2,-2.2
20241101,404,4,4,8,2,-1.2
20241101,404,4,5,8,2,-0.7
20241101,404,5,1,8,2,-5.9
20241101,404,5,2,8,2,-2.4
20241101,404,5,3,8,2,-1.4
20241101,404,5,4,8,2,-0.8
20241101,404,5,5,8,2,-0.4
20241101,404,6,1,8,2,-3.9
20241101,404,6,2,8,2,-1.6
20241101,404,6,3,8,2,-0.9
20241101,404,6,4,8,2,-0.5
20241101,404,6,5,8,2,-0.3
20241101,301,1,1,7,2,6169.5
20241101,501,1,1,7,2,1794.5
20241101,502,1,1,7,2,1551.4
20241101,503,1,1,7,2,-84.1
20241101,504,1,1,7,2,1159.2
20241101,601,1,1,7,2,1710.4
20241101,602,1,1,7,2,-383.3
20241101,603,1,1,7,2,73670.9
20241201,101,1,1,5,2,746.5
20241201,101,1,2,5,2,302.2
20241201,101,1,3,5,2,176.2
20241201,101,1,4,5,2,94.8
20241201,101,1,5,5,2,54.3
20241201,101,2,1,5,2,568.1
20241201,101,2,2,5,2,234.9
20241201,101,2,3,5,2,134.2
20241201,101,2,4,5,2,72.3
20241201,101,2,5,5,2,41.6
20241201,101,3,1,5,2,439.2
20241201,101,3,2,5,2,178.0
20241201,101,3,3,5,2,108.0
20241201,101,3,4,5,2,58.2
20241201,101,3,5,5,2,32.5
20241201,101,4,1,5,2,342.9
20241201,101,4,2,5,2,139.4
20241201,101,4,3,5,2,82.1
20241201,101,4,4,5,2,44.2
20241201,101,4,5,5,2,26.0
20241201,101,5,1,5,2,223.8
20241201,101,5,2,5,2,91.6
20241201,101,5,3,5,2,52.6
20241201,101,5,4,5,2,28.5
20241201,101,5,5,5,2,16.4
20241201,101,6,1,5,2,150.1
20241201,101,6,2,5,2,60.4
20241201,101,6,3,5,2,35.9
20241201,101,6,4,5,2,18.8
20241201,101,6,5,5,2,11.0
20241201,102,1,1,5,2,193.2
20241201,102,1,2,5,2,77.6
20241201,102,1,3,5,2,46.9
20241201,102,1,4,5,2,25.3
20241201,102,1,5,5,2,14.5
20241201,102,2,1,5,2,145.4
20241201,102,2,2,5,2,60.1
20241201,102,2,3,5,2,35.1
20241201,102,2,4,5,2,18.8
20241201,102,2,5,5,2,10.9
20241201,102,3,1,5,2,117.1
20241201,102,3,2,5,2,46.9
20241201,102,3,3,5,2,28.2
20241201,102,3,4,5,2,15.0
20241201,102,3,5,5,2,8.7
20241201,102,4,1,5,2,91.2
20241201,102,4,2,5,2,36.3
20241201,102,4,3,5,2,21.8
20241201,102,4,4,5,2,11.5
20241201,102,4,5,5,2,6.7
20241201,102,5,1,5,2,57.9
20241201,102,5,2,5,2,23.7
20241201,102,5,3,5,2,13.9
20241201,102,5,4,5,2,7.5
20241201,102,5,5,5,2,4.3
20241201,102,6,1,5,2,38.3
20241201,102,6,2,5,2,16.0
20241201,102,6,3,5,2,9.3
20241201,102,6,4,5,2,5.0
20241201,102,6,5,5,2,2.9
20241201,103,1,1,5,2,665.7
20241201,103,1,2,5,2,272.3
20241201,103,1,3,5,2,159.6
20241201,103,1,4,5,2,88.8
20241201,103,1,5,5,2,50.0
20241201,103,2,1,5,2,525.4
20241201,103,2,2,5,2,211.6
20241201,103,2,3,5,2,122.7
20241201,103,2,4,5,2,66.2
20241201,103,2,5,5,2,38.5
20241201,103,3,1,5,2,407.7
20241201,103,3,2,5,2,166.5
20241201,103,3,3,5,2,98.6
20241201,103,3,4,5,2,53.4
20241201,103,3,5,5,2,29.8
20241201,103,4,1,5,2,319.0
20241201,103,4,2,5,2,129.9
20241201,103,4,3,5,2,76.6
20241201,103,4,4,5,2,40.4
20241201,103,4,5,5,2,23.5
20241201,103,5,1,5,2,200.5
20241201,103,5,2,5,2,83.3
20241201,103,5,3,5,2,48.6
20241201,103,5,4,5,2,25.9
20241201,103,5,5,5,2,14.9
20241201,103,6,1,5,2,136.7
20241201,103,6,2,5,2,54.3
20241201,103,6,3,5,2,32.0
20241201,103,6,4,5,2,17.4
20241201,103,6,5,5,2,10.2
20241201,201,1,1,1,2,-219.5
20241201,201,1,1,2,2,-103.3
20241201,201,1,2,1,2,-89.4
20241201,201,1,2,2,2,-42.1
20241201,201,1,3,1,2,-52.8
20241201,201,1,3,2,2,-24.9
20241201,201,1,4,1,2,-28.5
20241201,201,1,4,2,2,-13.4
20241201,201,1,5,1,2,-16.3
20241201,201,1,5,2,2,-7.7
20241201,201,2,1,1,2,-168.3
20241201,201,2,1,2,2,-79.2
20241201,201,2,2,1,2,-68.6
20241201,201,2,2,2,2,-32.3
20241201,201,2,3,1,2,-40.5
20241201,201,2,3,2,2,-19.1
20241201,201,2,4,1,2,-21.8
20241201,201,2,4,2,2,-10.3
20241201,201,2,5,1,2,-12.5
20241201,201,2,5,2,2,-5.9
20241201,201,3,1,1,2,-131.7
20241201,201,3,1,2,2,-62.0
20241201,201,3,2,1,2,-53.6
20241201,201,3,2,2,2,-25.2
20241201,201,3,3,1,2,-31.7
20241201,201,3,3,2,2,-14.9
20241201,201,3,4,1,2,-17.1
20241201,201,3,4,2,2,-8.0
20241201,201,3,5,1,2,-9.8
20241201,201,3,5,2,2,-4.6
20241201,201,4,1,1,2,-102.4
20241201,201,4,1,2,2,-48.2
20241201,201,4,2,1,2,-41.7
20241201,201,4,2,2,2,-19.6
20241201,201,4,3,1,2,-24.7
20241201,201,4,3,2,2,-11.6
20241201,201,4,4,1,2,-13.3
20241201,201,4,4,2,2,-6.2
20241201,201,4,5,1,2,-7.6
20241201,201,4,5,2,2,-3.6
20241201,201,5,1,1,2,-65.8
20241201,201,5,1,2,2,-31.0
20241201,201,5,2,1,2,-26.8
20241201,201,5,2,2,2,-12.6
20241201,201,5,3,1,2,-15.9
20241201,201,5,3,2,2,-7.5
20241201,201,5,4,1,2,-8.5
20241201,201,5,4,2,2,-4.0
20241201,201,5,5,1,2,-4.9
20241201,201,5,5,2,2,-2.3
20241201,201,6,1,1,2,-43.9
20241201,201,6,1,2,2,-20.7
20241201,201,6,2,1,2,-17.9
20241201,201,6,2,2,2,-8.4
20241201,201,6,3,1,2,-10.6
20241201,201,6,3,2,2,-5.0
20241201,201,6,4,1,2,-5.7
20241201,201,6,4,2,2,-2.7
20241201,201,6,5,1,2,-3.3
20241201,201,6,5,2,2,-1.5
20241201,202,1,1,1,2,-158.9
20241201,202,1,1,2,2,-74.8
20241201,202,1,2,1,2,-64.7
20241201,202,1,2,2,2,-30.5
20241201,202,1,3,1,2,-38.3
20241201,202,1,3,2,2,-18.0
20241201,202,1,4,1,2,-20.6
20241201,202,1,4,2,2,-9.7
20241201,202,1,5,1,2,-11.8
20241201,202,1,5,2,2,-5.5
20241201,202,2,1,1,2,-121.8
20241201,202,2,1,2,2,-57.3
20241201,202,2,2,1,2,-49.6
20241201,202,2,2,2,2,-23.4
20241201,202,2,3,1,2,-29.3
20241201,202,2,3,2,2,-13.8
20241201,202,2,4,1,2,-15.8
20241201,202,2,4,2,2,-7.4
20241201,202,2,5,1,2,-9.0
20241201,202,2,5,2,2,-4.2
20241201,202,3,1,1,2,-95.4
20241201,202,3,1,2,2,-44.9
20241201,202,3,2,1,2,-38.8
20241201,202,3,2,2,2,-18.3
20241201,202,3,3,1,2,-23.0
20241201,202,3,3,2,2,-10.8
20241201,202,3,4,1,2,-12.4
20241201,202,3,4,2,2,-5.8
20241201,202,3,5,1,2,-7.1
20241201,202,3,5,2,2,-3.3
20241201,202,4,1,1,2,-74.2
20241201,202,4,1,2,2,-34.9
20241201,202,4,2,1,2,-30.2
20241201,202,4,2,2,2,-14.2
20241201,202,4,3,1,2,-17.9
20241201,202,4,3,2,2,-8.4
20241201,202,4,4,1,2,-9.6
20241201,202,4,4,2,2,-4.5
20241201,202,4,5,1,2,-5.5
20241201,202,4,5,2,2,-2.6
20241201,202,5,1,1,2,-47.7
20241201,202,5,1,2,2,-22.4
20241201,202,5,2,1,2,-19.4
20241201,202,5,2,2,2,-9.1
20241201,202,5,3,1,2,-11.5
20241201,202,5,3,2,2,-5.4
20241201,202,5,4,1,2,-6.2
20241201,202,5,4,2,2,-2.9
20241201,202,5,5,1,2,-3.5
20241201,202,5,5,2,2,-1.7
20241201,202,6,1,1,2,-31.8
20241201,202,6,1,2,2,-15.0
20241201,202,6,2,1,2,-12.9
20241201,202,6,2,2,2,-6.1
20241201,202,6,3,1,2,-7.7
20241201,202,6,3,2,2,-3.6
20241201,202,6,4,1,2,-4.1
20241201,202,6,4,2,2,-1.9
20241201,202,6,5,1,2,-2.4
20241201,202,6,5,2,2,-1.1
20241201,401,1,1,3,2,-243.9
20241201,401,1,2,3,2,-99.4
20241201,401,1,3,3,2,-58.7
20241201,401,1,4,3,2,-31.6
20241201,401,1,5,3,2,-18.1
20241201,401,2,1,3,2,-187.0
20241201,401,2,2,3,2,-76.2
20241201,401,2,3,3,2,-45.0
20241201,401,2,4,3,2,-24.2
20241201,401,2,5,3,2,-13.9
20241201,401,3,1,3,2,-146.3
20241201,401,3,2,3,2,-59.6
20241201,401,3,3,3,2,-35.2
20241201,401,3,4,3,2,-19.0
20241201,401,3,5,3,2,-10.8
20241201,401,4,1,3,2,-113.8
20241201,401,4,2,3,2,-46.4
20241201,401,4,3,3,2,-27.4
20241201,401,4,4,3,2,-14.8
20241201,401,4,5,3,2,-8.4
20241201,401,5,1,3,2,-73.2
20241201,401,5,2,3,2,-29.8
20241201,401,5,3,3,2,-17.6
20241201,401,5,4,3,2,-9.5
20241201,401,5,5,3,2,-5.4
20241201,401,6,1,3,2,-48.8
20241201,401,6,2,3,2,-19.9
20241201,401,6,3,3,2,-11.7
20241201,401,6,4,3,2,-6.3
20241201,401,6,5,3,2,-3.6
20241201,401,1,1,4,2,-85.7
20241201,401,1,2,4,2,-34.9
20241201,401,1,3,4,2,-20.6
20241201,401,1,4,4,2,-11.1
20241201,401,1,5,4,2,-6.3
20241201,401,2,1,4,2,-65.7
20241201,401,2,2,4,2,-26.8
20241201,401,2,3,4,2,-15.8
20241201,401,2,4,4,2,-8.5
20241201,401,2,5,4,2,-4.9
20241201,401,3,1,4,2,-51.4
20241201,401,3,2,4,2,-20.9
20241201,401,3,3,4,2,-12.4
20241201,401,3,4,4,2,-6.7
20241201,401,3,5,4,2,-3.8
20241201,401,4,1,4,2,-40.0
20241201,401,4,2,4,2,-16.3
20241201,401,4,3,4,2,-9.6
20241201,401,4,4,4,2,-5.2
20241201,401,4,5,4,2,-3.0
20241201,401,5,1,4,2,-25.7
20241201,401,5,2,4,2,-10.5
20241201,401,5,3,4,2,-6.2
20241201,401,5,4,4,2,-3.3
20241201,401,5,5,4,2,-1.9
20241201,401,6,1,4,2,-17.1
20241201,401,6,2,4,2,-7.0
20241201,401,6,3,4,2,-4.1
20241201,401,6,4,4,2,-2.2
20241201,401,6,5,4,2,-1.3
20241201,402,1,1,5,2,-210.7
20241201,402,1,2,5,2,-85.8
20241201,402,1,3,5,2,-50.7
20241201,402,1,4,5,2,-27.3
20241201,402,1,5,5,2,-15.6
20241201,402,2,1,5,2,-161.5
20241201,402,2,2,5,2,-65.8
20241201,402,2,3,5,2,-38.9
20241201,402,2,4,5,2,-20.9
20241201,402,2,5,5,2,-12.0
20241201,402,3,1,5,2,-126.4
20241201,402,3,2,5,2,-51.5
20241201,402,3,3,5,2,-30.4
20241201,402,3,4,5,2,-16.4
20241201,402,3,5,5,2,-9.4
20241201,402,4,1,5,2,-98.3
20241201,402,4,2,5,2,-40.1
20241201,402,4,3,5,2,-23.7
20241201,402,4,4,5,2,-12.7
20241201,402,4,5,5,2,-7.3
20241201,402,5,1,5,2,-63.2
20241201,402,5,2,5,2,-25.8
20241201,402,5,3,5,2,-15.2
20241201,402,5,4,5,2,-8.2
20241201,402,5,5,5,2,-4.7
20241201,402,6,1,5,2,-42.1
20241201,402,6,2,5,2,-17.2
20241201,402,6,3,5,2,-10.1
20241201,402,6,4,5,2,-5.5
20241201,402,6,5,5,2,-3.1
20241201,402,1,1,6,2,-81.9
20241201,402,1,2,6,2,-33.4
20241201,402,1,3,6,2,-19.7
20241201,402,1,4,6,2,-10.6
20241201,402,1,5,6,2,-6.1
20241201,402,2,1,6,2,-62.8
20241201,402,2,2,6,2,-25.6
20241201,402,2,3,6,2,-15.1
20241201,402,2,4,6,2,-8.1
20241201,402,2,5,6,2,-4.7
20241201,402,3,1,6,2,-49.2
20241201,402,3,2,6,2,-20.0
20241201,402,3,3,6,2,-11.8
20241201,402,3,4,6,2,-6.4
20241201,402,3,5,6,2,-3.6
20241201,402,4,1,6,2,-38.2
20241201,402,4,2,6,2,-15.6
20241201,402,4,3,6,2,-9.2
20241201,402,4,4,6,2,-5.0
20241201,402,4,5,6,2,-2.8
20241201,402,5,1,6,2,-24.6
20241201,402,5,2,6,2,-10.0
20241201,402,5,3,6,2,-5.9
20241201,402,5,4,6,2,-3.2
20241201,402,5,5,6,2,-1.8
20241201,402,6,1,6,2,-16.4
20241201,402,6,2,6,2,-6.7
20241201,402,6,3,6,2,-3.9
20241201,402,6,4,6,2,-2.1
20241201,402,6,5,6,2,-1.2
20241201,403,1,1,7,2,-75.5
20241201,403,1,2,7,2,-30.8
20241201,403,1,3,7,2,-18.2
20241201,403,1,4,7,2,-9.8
20241201,403,1,5,7,2,-5.6
20241201,403,2,1,7,2,-57.9
20241201,403,2,2,7,2,-23.6
20241201,403,2,3,7,2,-13.9
20241201,403,2,4,7,2,-7.5
20241201,403,2,5,7,2,-4.3
20241201,403,3,1,7,2,-45.3
20241201,403,3,2,7,2,-18.5
20241201,403,3,3,7,2,-10.9
20241201,403,3,4,7,2,-5.9
20241201,403,3,5,7,2,-3.4
20241201,403,4,1,7,2,-35.2
20241201,403,4,2,7,2,-14.4
20241201,403,4,3,7,2,-8.5
20241201,403,4,4,7,2,-4.6
20241201,403,4,5,7,2,-2.6
20241201,403,5,1,7,2,-22.7
20241201,403,5,2,7,2,-9.2
20241201,403,5,3,7,2,-5.5
20241201,403,5,4,7,2,-2.9
20241201,403,5,5,7,2,-1.7
20241201,403,6,1,7,2,-15.1
20241201,403,6,2,7,2,-6.2
20241201,403,6,3,7,2,-3.6
20241201,403,6,4,7,2,-2.0
20241201,403,6,5,7,2,-1.1
20241201,403,1,1,8,2,-54.7
20241201,403,1,2,8,2,-22.3
20241201,403,1,3,8,2,-13.2
20241201,403,1,4,8,2,-7.1
20241201,403,1,5,8,2,-4.1
20241201,403,2,1,8,2,-41.9
20241201,403,2,2,8,2,-17.1
20241201,403,2,3,8,2,-10.1
20241201,403,2,4,8,2,-5.4
20241201,403,2,5,8,2,-3.1
20241201,403,3,1,8,2,-32.8
20241201,403,3,2,8,2,-13.4
20241201,403,3,3,8,2,-7.9
20241201,403,3,4,8,2,-4.3
20241201,403,3,5,8,2,-2.4
20241201,403,4,1,8,2,-25.5
20241201,403,4,2,8,2,-10.4
20241201,403,4,3,8,2,-6.1
20241201,403,4,4,8,2,-3.3
20241201,403,4,5,8,2,-1.9
20241201,403,5,1,8,2,-16.4
20241201,403,5,2,8,2,-6.7
20241201,403,5,3,8,2,-4.0
20241201,403,5,4,8,2,-2.1
20241201,403,5,5,8,2,-1.2
20241201,403,6,1,8,2,-10.9
20241201,403,6,2,8,2,-4.5
20241201,403,6,3,8,2,-2.6
20241201,403,6,4,8,2,-1.4
20241201,403,6,5,8,2,-0.8
20241201,404,1,1,7,2,-20.9
20241201,404,1,2,7,2,-8.5
20241201,404,1,3,7,2,-5.0
20241201,404,1,4,7,2,-2.7
20241201,404,1,5,7,2,-1.5
20241201,404,2,1,7,2,-16.0
20241201,404,2,2,7,2,-6.5
20241201,404,2,3,7,2,-3.9
20241201,404,2,4,7,2,-2.1
20241201,404,2,5,7,2,-1.2
20241201,404,3,1,7,2,-12.5
20241201,404,3,2,7,2,-5.1
20241201,404,3,3,7,2,-3.0
20241201,404,3,4,7,2,-1.6
20241201,404,3,5,7,2,-0.9
20241201,404,4,1,7,2,-9.8
20241201,404,4,2,7,2,-4.0
20241201,404,4,3,7,2,-2.3
20241201,404,4,4,7,2,-1.3
20241201,404,4,5,7,2,-0.7
20241201,404,5,1,7,2,-6.3
20241201,404,5,2,7,2,-2.6
20241201,404,5,3,7,2,-1.5
20241201,404,5,4,7,2,-0.8
20241201,404,5,5,7,2,-0.5
20241201,404,6,1,7,2,-4.2
20241201,404,6,2,7,2,-1.7
20241201,404,6,3,7,2,-1.0
20241201,404,6,4,7,2,-0.5
20241201,404,6,5,7,2,-0.3
20241201,404,1,1,8,2,-20.9
20241201,404,1,2,8,2,-8.5
20241201,404,1,3,8,2,-5.0
20241201,404,1,4,8,2,-2.7
20241201,404,1,5,8,2,-1.5
20241201,404,2,1,8,2,-16.0
20241201,404,2,2,8,2,-6.5
20241201,404,2,3,8,2,-3.9
20241201,404,2,4,8,2,-2.1
20241201,404,2,5,8,2,-1.2
20241201,404,3,1,8,2,-12.5
20241201,404,3,2,8,2,-5.1
20241201,404,3,3,8,2,-3.0
20241201,404,3,4,8,2,-1.6
20241201,404,3,5,8,2,-0.9
20241201,404,4,1,8,2,-9.8
20241201,404,4,2,8,2,-4.0
20241201,404,4,3,8,2,-2.3
20241201,404,4,4,8,2,-1.3
20241201,404,4,5,8,2,-0.7
20241201,404,5,1,8,2,-6.3
20241201,404,5,2,8,2,-2.6
20241201,404,5,3,8,2,-1.5
20241201,404,5,4,8,2,-0.8
20241201,404,5,5,8,2,-0.5
20241201,404,6,1,8,2,-4.2
20241201,404,6,2,8,2,-1.7
20241201,404,6,3,8,2,-1.0
20241201,404,6,4,8,2,-0.5
20241201,404,6,5,8,2,-0.3
20241201,301,1,1,7,2,6489.7
20241201,501,1,1,7,2,1844.9
20241201,502,1,1,7,2,1586.9
20241201,503,1,1,7,2,-89.3
20241201,504,1,1,7,2,1183.1
20241201,601,1,1,7,2,1755.6
20241201,602,1,1,7,2,-406.9
20241201,603,1,1,7,2,74640.8
20240101,101,1,1,5,3,626.4
20240101,101,1,2,5,3,249.4
20240101,101,1,3,5,3,152.4
20240101,101,1,4,5,3,81.3
20240101,101,1,5,5,3,46.8
20240101,101,2,1,5,3,475.3
20240101,101,2,2,5,3,192.7
20240101,101,2,3,5,3,113.8
20240101,101,2,4,5,3,62.6
20240101,101,2,5,5,3,34.9
20240101,101,3,1,5,3,371.7
20240101,101,3,2,5,3,150.7
20240101,101,3,3,5,3,90.6
20240101,101,3,4,5,3,48.7
20240101,101,3,5,5,3,27.5
20240101,101,4,1,5,3,285.6
20240101,101,4,2,5,3,117.5
20240101,101,4,3,5,3,68.7
20240101,101,4,4,5,3,37.9
20240101,101,4,5,5,3,21.5
20240101,101,5,1,5,3,185.5
20240101,101,5,2,5,3,77.0
20240101,101,5,3,5,3,44.7
20240101,101,5,4,5,3,24.5
20240101,101,5,5,5,3,13.8
20240101,101,6,1,5,3,123.8
20240101,101,6,2,5,3,49.8
20240101,101,6,3,5,3,29.7
20240101,101,6,4,5,3,16.3
20240101,101,6,5,5,3,9.2
20240101,102,1,1,5,3,163.8
20240101,102,1,2,5,3,66.7
20240101,102,1,3,5,3,38.4
20240101,102,1,4,5,3,20.8
20240101,102,1,5,5,3,12.1
20240101,102,2,1,5,3,124.3
20240101,102,2,2,5,3,50.1
20240101,102,2,3,5,3,29.6
20240101,102,2,4,5,3,16.3
20240101,102,2,5,5,3,9.4
20240101,102,3,1,5,3,96.0
20240101,102,3,2,5,3,39.5
20240101,102,3,3,5,3,23.5
20240101,102,3,4,5,3,12.7
20240101,102,3,5,5,3,7.2
20240101,102,4,1,5,3,76.2
20240101,102,4,2,5,3,30.3
20240101,102,4,3,5,3,18.1
20240101,102,4,4,5,3,10.0
20240101,102,4,5,5,3,5.5
20240101,102,5,1,5,3,48.3
20240101,102,5,2,5,3,19.6
20240101,102,5,3,5,3,11.8
20240101,102,5,4,5,3,6.4
20240101,102,5,5,5,3,3.6
20240101,102,6,1,5,3,32.5
20240101,102,6,2,5,3,13.5
20240101,102,6,3,5,3,7.7
20240101,102,6,4,5,3,4.2
20240101,102,6,5,5,3,2.4
20240101,103,1,1,5,3,561.9
20240101,103,1,2,5,3,228.9
20240101,103,1,3,5,3,139.1
20240101,103,1,4,5,3,73.3
20240101,103,1,5,5,3,42.7
20240101,103,2,1,5,3,440.3
20240101,103,2,2,5,3,178.2
20240101,103,2,3,5,3,104.4
20240101,103,2,4,5,3,57.4
20240101,103,2,5,5,3,32.4
20240101,103,3,1,5,3,336.7
20240101,103,3,2,5,3,141.2
20240101,103,3,3,5,3,82.0
20240101,103,3,4,5,3,43.6
20240101,103,3,5,5,3,25.1
20240101,103,4,1,5,3,263.4
20240101,103,4,2,5,3,108.9
20240101,103,4,3,5,3,64.9
20240101,103,4,4,5,3,34.8
20240101,103,4,5,5,3,19.6
20240101,103,5,1,5,3,172.6
20240101,103,5,2,5,3,69.0
20240101,103,5,3,5,3,41.4
20240101,103,5,4,5,3,22.2
20240101,103,5,5,5,3,12.6
20240101,103,6,1,5,3,112.3
20240101,103,6,2,5,3,46.1
20240101,103,6,3,5,3,27.4
20240101,103,6,4,5,3,14.7
20240101,103,6,5,5,3,8.4
20240101,201,1,1,1,3,-185.4
20240101,201,1,1,2,3,-87.2
20240101,201,1,2,1,3,-75.5
20240101,201,1,2,2,3,-35.5
20240101,201,1,3,1,3,-44.6
20240101,201,1,3,2,3,-21.0
20240101,201,1,4,1,3,-24.0
20240101,201,1,4,2,3,-11.3
20240101,201,1,5,1,3,-13.7
20240101,201,1,5,2,3,-6.5
20240101,201,2,1,1,3,-142.1
20240101,201,2,1,2,3,-66.9
20240101,201,2,2,1,3,-57.9
20240101,201,2,2,2,3,-27.2
20240101,201,2,3,1,3,-34.2
20240101,201,2,3,2,3,-16.1
20240101,201,2,4,1,3,-18.4
20240101,201,2,4,2,3,-8.7
20240101,201,2,5,1,3,-10.5
20240101,201,2,5,2,3,-5.0
20240101,201,3,1,1,3,-111.2
20240101,201,3,1,2,3,-52.3
20240101,201,3,2,1,3,-45.3
20240101,201,3,2,2,3,-21.3
20240101,201,3,3,1,3,-26.8
20240101,201,3,3,2,3,-12.6
20240101,201,3,4,1,3,-14.4
20240101,201,3,4,2,3,-6.8
20240101,201,3,5,1,3,-8.2
20240101,201,3,5,2,3,-3.9
20240101,201,4,1,1,3,-86.5
20240101,201,4,1,2,3,-40.7
20240101,201,4,2,1,3,-35.2
20240101,201,4,2,2,3,-16.6
20240101,201,4,3,1,3,-20.8
20240101,201,4,3,2,3,-9.8
20240101,201,4,4,1,3,-11.2
20240101,201,4,4,2,3,-5.3
20240101,201,4,5,1,3,-6.4
20240101,201,4,5,2,3,-3.0
20240101,201,5,1,1,3,-55.6
20240101,201,5,1,2,3,-26.2
20240101,201,5,2,1,3,-22.7
20240101,201,5,2,2,3,-10.7
20240101,201,5,3,1,3,-13.4
20240101,201,5,3,2,3,-6.3
20240101,201,5,4,1,3,-7.2
20240101,201,5,4,2,3,-3.4
20240101,201,5,5,1,3,-4.1
20240101,201,5,5,2,3,-1.9
20240101,201,6,1,1,3,-37.1
20240101,201,6,1,2,3,-17.4
20240101,201,6,2,1,3,-15.1
20240101,201,6,2,2,3,-7.1
20240101,201,6,3,1,3,-8.9
20240101,201,6,3,2,3,-4.2
20240101,201,6,4,1,3,-4.8
20240101,201,6,4,2,3,-2.3
20240101,201,6,5,1,3,-2.7
20240101,201,6,5,2,3,-1.3
20240101,202,1,1,1,3,-134.2
20240101,202,1,1,2,3,-63.2
20240101,202,1,2,1,3,-54.7
20240101,202,1,2,2,3,-25.7
20240101,202,1,3,1,3,-32.3
20240101,202,1,3,2,3,-15.2
20240101,202,1,4,1,3,-17.4
20240101,202,1,4,2,3,-8.2
20240101,202,1,5,1,3,-9.9
20240101,202,1,5,2,3,-4.7
20240101,202,2,1,1,3,-102.9
20240101,202,2,1,2,3,-48.4
20240101,202,2,2,1,3,-41.9
20240101,202,2,2,2,3,-19.7
20240101,202,2,3,1,3,-24.8
20240101,202,2,3,2,3,-11.7
20240101,202,2,4,1,3,-13.3
20240101,202,2,4,2,3,-6.3
20240101,202,2,5,1,3,-7.6
20240101,202,2,5,2,3,-3.6
20240101,202,3,1,1,3,-80.5
20240101,202,3,1,2,3,-37.9
20240101,202,3,2,1,3,-32.8
20240101,202,3,2,2,3,-15.4
20240101,202,3,3,1,3,-19.4
20240101,202,3,3,2,3,-9.1
20240101,202,3,4,1,3,-10.4
20240101,202,3,4,2,3,-4.9
20240101,202,3,5,1,3,-6.0
20240101,202,3,5,2,3,-2.8
20240101,202,4,1,1,3,-62.6
20240101,202,4,1,2,3,-29.5
20240101,202,4,2,1,3,-25.5
20240101,202,4,2,2,3,-12.0
20240101,202,4,3,1,3,-15.1
20240101,202,4,3,2,3,-7.1
20240101,202,4,4,1,3,-8.1
20240101,202,4,4,2,3,-3.8
20240101,202,4,5,1,3,-4.6
20240101,202,4,5,2,3,-2.2
20240101,202,5,1,1,3,-40.3
20240101,202,5,1,2,3,-18.9
20240101,202,5,2,1,3,-16.4
20240101,202,5,2,2,3,-7.7
20240101,202,5,3,1,3,-9.7
20240101,202,5,3,2,3,-4.6
20240101,202,5,4,1,3,-5.2
20240101,202,5,4,2,3,-2.5
20240101,202,5,5,1,3,-3.0
20240101,202,5,5,2,3,-1.4
20240101,202,6,1,1,3,-26.8
20240101,202,6,1,2,3,-12.6
20240101,202,6,2,1,3,-10.9
20240101,202,6,2,2,3,-5.1
20240101,202,6,3,1,3,-6.5
20240101,202,6,3,2,3,-3.0
20240101,202,6,4,1,3,-3.5
20240101,202,6,4,2,3,-1.6
20240101,202,6,5,1,3,-2.0
20240101,202,6,5,2,3,-0.9
20240101,401,1,1,3,3,-196.9
20240101,401,1,2,3,3,-80.2
20240101,401,1,3,3,3,-47.4
20240101,401,1,4,3,3,-25.5
20240101,401,1,5,3,3,-14.6
20240101,401,2,1,3,3,-150.9
20240101,401,2,2,3,3,-61.5
20240101,401,2,3,3,3,-36.3
20240101,401,2,4,3,3,-19.6
20240101,401,2,5,3,3,-11.2
20240101,401,3,1,3,3,-118.1
20240101,401,3,2,3,3,-48.1
20240101,401,3,3,3,3,-28.4
20240101,401,3,4,3,3,-15.3
20240101,401,3,5,3,3,-8.7
20240101,401,4,1,3,3,-91.9
20240101,401,4,2,3,3,-37.4
20240101,401,4,3,3,3,-22.1
20240101,401,4,4,3,3,-11.9
20240101,401,4,5,3,3,-6.8
20240101,401,5,1,3,3,-59.1
20240101,401,5,2,3,3,-24.1
20240101,401,5,3,3,3,-14.2
20240101,401,5,4,3,3,-7.7
20240101,401,5,5,3,3,-4.4
20240101,401,6,1,3,3,-39.4
20240101,401,6,2,3,3,-16.0
20240101,401,6,3,3,3,-9.5
20240101,401,6,4,3,3,-5.1
20240101,401,6,5,3,3,-2.9
20240101,401,1,1,4,3,-69.2
20240101,401,1,2,4,3,-28.2
20240101,401,1,3,4,3,-16.7
20240101,401,1,4,4,3,-9.0
20240101,401,1,5,4,3,-5.1
20240101,401,2,1,4,3,-53.0
20240101,401,2,2,4,3,-21.6
20240101,401,2,3,4,3,-12.8
20240101,401,2,4,4,3,-6.9
20240101,401,2,5,4,3,-3.9
20240101,401,3,1,4,3,-41.5
20240101,401,3,2,4,3,-16.9
20240101,401,3,3,4,3,-10.0
20240101,401,3,4,4,3,-5.4
20240101,401,3,5,4,3,-3.1
20240101,401,4,1,4,3,-32.3
20240101,401,4,2,4,3,-13.2
20240101,401,4,3,4,3,-7.8
20240101,401,4,4,4,3,-4.2
20240101,401,4,5,4,3,-2.4
20240101,401,5,1,4,3,-20.8
20240101,401,5,2,4,3,-8.5
20240101,401,5,3,4,3,-5.0
20240101,401,5,4,4,3,-2.7
20240101,401,5,5,4,3,-1.5
20240101,401,6,1,4,3,-13.8
20240101,401,6,2,4,3,-5.6
20240101,401,6,3,4,3,-3.3
20240101,401,6,4,4,3,-1.8
20240101,401,6,5,4,3,-1.0
20240101,402,1,1,5,3,-173.1
20240101,402,1,2,5,3,-70.5
20240101,402,1,3,5,3,-41.7
20240101,402,1,4,5,3,-22.4
20240101,402,1,5,5,3,-12.8
20240101,402,2,1,5,3,-132.7
20240101,402,2,2,5,3,-54.1
20240101,402,2,3,5,3,-31.9
20240101,402,2,4,5,3,-17.2
20240101,402,2,5,5,3,-9.8
20240101,402,3,1,5,3,-103.8
20240101,402,3,2,5,3,-42.3
20240101,402,3,3,5,3,-25.0
20240101,402,3,4,5,3,-13.5
20240101,402,3,5,5,3,-7.7
20240101,402,4,1,5,3,-80.8
20240101,402,4,2,5,3,-32.9
20240101,402,4,3,5,3,-19.4
20240101,402,4,4,5,3,-10.5
20240101,402,4,5,5,3,-6.0
20240101,402,5,1,5,3,-51.9
20240101,402,5,2,5,3,-21.2
20240101,402,5,3,5,3,-12.5
20240101,402,5,4,5,3,-6.7
20240101,402,5,5,5,3,-3.8
20240101,402,6,1,5,3,-34.6
20240101,402,6,2,5,3,-14.1
20240101,402,6,3,5,3,-8.3
20240101,402,6,4,5,3,-4.5
20240101,402,6,5,5,3,-2.6
20240101,402,1,1,6,3,-67.3
20240101,402,1,2,6,3,-27.4
20240101,402,1,3,6,3,-16.2
20240101,402,1,4,6,3,-8.7
20240101,402,1,5,6,3,-5.0
20240101,402,2,1,6,3,-51.6
20240101,402,2,2,6,3,-21.0
20240101,402,2,3,6,3,-12.4
20240101,402,2,4,6,3,-6.7
20240101,402,2,5,6,3,-3.8
20240101,402,3,1,6,3,-40.4
20240101,402,3,2,6,3,-16.5
20240101,402,3,3,6,3,-9.7
20240101,402,3,4,6,3,-5.2
20240101,402,3,5,6,3,-3.0
20240101,402,4,1,6,3,-31.4
20240101,402,4,2,6,3,-12.8
20240101,402,4,3,6,3,-7.6
20240101,402,4,4,6,3,-4.1
20240101,402,4,5,6,3,-2.3
20240101,402,5,1,6,3,-20.2
20240101,402,5,2,6,3,-8.2
20240101,402,5,3,6,3,-4.9
20240101,402,5,4,6,3,-2.6
20240101,402,5,5,6,3,-1.5
20240101,402,6,1,6,3,-13.5
20240101,402,6,2,6,3,-5.5
20240101,402,6,3,6,3,-3.2
20240101,402,6,4,6,3,-1.7
20240101,402,6,5,6,3,-1.0
20240101,403,1,1,7,3,-61.1
20240101,403,1,2,7,3,-24.9
20240101,403,1,3,7,3,-14.7
20240101,403,1,4,7,3,-7.9
20240101,403,1,5,7,3,-4.5
20240101,403,2,1,7,3,-46.8
20240101,403,2,2,7,3,-19.1
20240101,403,2,3,7,3,-11.3
20240101,403,2,4,7,3,-6.1
20240101,403,2,5,7,3,-3.5
20240101,403,3,1,7,3,-36.7
20240101,403,3,2,7,3,-14.9
20240101,403,3,3,7,3,-8.8
20240101,403,3,4,7,3,-4.8
20240101,403,3,5,7,3,-2.7
20240101,403,4,1,7,3,-28.5
20240101,403,4,2,7,3,-11.6
20240101,403,4,3,7,3,-6.9
20240101,403,4,4,7,3,-3.7
20240101,403,4,5,7,3,-2.1
20240101,403,5,1,7,3,-18.3
20240101,403,5,2,7,3,-7.5
20240101,403,5,3,7,3,-4.4
20240101,403,5,4,7,3,-2.4
20240101,403,5,5,7,3,-1.4
20240101,403,6,1,7,3,-12.2
20240101,403,6,2,7,3,-5.0
20240101,403,6,3,7,3,-2.9
20240101,403,6,4,7,3,-1.6
20240101,403,6,5,7,3,-0.9
20240101,403,1,1,8,3,-44.2
20240101,403,1,2,8,3,-18.0
20240101,403,1,3,8,3,-10.7
20240101,403,1,4,8,3,-5.7
20240101,403,1,5,8,3,-3.3
20240101,403,2,1,8,3,-33.9
20240101,403,2,2,8,3,-13.8
20240101,403,2,3,8,3,-8.2
20240101,403,2,4,8,3,-4.4
20240101,403,2,5,8,3,-2.5
20240101,403,3,1,8,3,-26.5
20240101,403,3,2,8,3,-10.8
20240101,403,3,3,8,3,-6.4
20240101,403,3,4,8,3,-3.4
20240101,403,3,5,8,3,-2.0
20240101,403,4,1,8,3,-20.6
20240101,403,4,2,8,3,-8.4
20240101,403,4,3,8,3,-5.0
20240101,403,4,4,8,3,-2.7
20240101,403,4,5,8,3,-1.5
20240101,403,5,1,8,3,-13.3
20240101,403,5,2,8,3,-5.4
20240101,403,5,3,8,3,-3.2
20240101,403,5,4,8,3,-1.7
20240101,403,5,5,8,3,-1.0
20240101,403,6,1,8,3,-8.8
20240101,403,6,2,8,3,-3.6
20240101,403,6,3,8,3,-2.1
20240101,403,6,4,8,3,-1.1
20240101,403,6,5,8,3,-0.7
20240101,404,1,1,7,3,-17.6
20240101,404,1,2,7,3,-7.2
20240101,404,1,3,7,3,-4.2
20240101,404,1,4,7,3,-2.3
20240101,404,1,5,7,3,-1.3
20240101,404,2,1,7,3,-13.5
20240101,404,2,2,7,3,-5.5
20240101,404,2,3,7,3,-3.2
20240101,404,2,4,7,3,-1.7
20240101,404,2,5,7,3,-1.0
20240101,404,3,1,7,3,-10.5
20240101,404,3,2,7,3,-4.3
20240101,404,3,3,7,3,-2.5
20240101,404,3,4,7,3,-1.4
20240101,404,3,5,7,3,-0.8
20240101,404,4,1,7,3,-8.2
20240101,404,4,2,7,3,-3.3
20240101,404,4,3,7,3,-2.0
20240101,404,4,4,7,3,-1.1
20240101,404,4,5,7,3,-0.6
20240101,404,5,1,7,3,-5.3
20240101,404,5,2,7,3,-2.1
20240101,404,5,3,7,3,-1.3
20240101,404,5,4,7,3,-0.7
20240101,404,5,5,7,3,-0.4
20240101,404,6,1,7,3,-3.5
20240101,404,6,2,7,3,-1.4
20240101,404,6,3,7,3,-0.8
20240101,404,6,4,7,3,-0.5
20240101,404,6,5,7,3,-0.3
20240101,404,1,1,8,3,-17.6
20240101,404,1,2,8,3,-7.2
20240101,404,1,3,8,3,-4.2
20240101,404,1,4,8,3,-2.3
20240101,404,1,5,8,3,-1.3
20240101,404,2,1,8,3,-13.5
20240101,404,2,2,8,3,-5.5
20240101,404,2,3,8,3,-3.2
20240101,404,2,4,8,3,-1.7
20240101,404,2,5,8,3,-1.0
20240101,404,3,1,8,3,-10.5
20240101,404,3,2,8,3,-4.3
20240101,404,3,3,8,3,-2.5
20240101,404,3,4,8,3,-1.4
20240101,404,3,5,8,3,-0.8
20240101,404,4,1,8,3,-8.2
20240101,404,4,2,8,3,-3.3
20240101,404,4,3,8,3,-2.0
20240101,404,4,4,8,3,-1.1
20240101,404,4,5,8,3,-0.6
20240101,404,5,1,8,3,-5.3
20240101,404,5,2,8,3,-2.1
20240101,404,5,3,8,3,-1.3
20240101,404,5,4,8,3,-0.7
20240101,404,5,5,8,3,-0.4
20240101,404,6,1,8,3,-3.5
20240101,404,6,2,8,3,-1.4
20240101,404,6,3,8,3,-0.8
20240101,404,6,4,8,3,-0.5
20240101,404,6,5,8,3,-0.3
20240101,301,1,1,7,3,5435.3
20240101,501,1,1,7,3,1659.0
20240101,502,1,1,7,3,1442.3
20240101,503,1,1,7,3,-75.0
20240101,504,1,1,7,3,1080.2
20240101,601,1,1,7,3,1584.0
20240101,602,1,1,7,3,-341.8
20240101,603,1,1,7,3,64192.2
20240201,101,1,1,5,3,641.2
20240201,101,1,2,5,3,259.6
20240201,101,1,3,5,3,154.3
20240201,101,1,4,5,3,82.9
20240201,101,1,5,5,3,47.8
20240201,101,2,1,5,3,486.4
20240201,101,2,2,5,3,201.0
20240201,101,2,3,5,3,118.6
20240201,101,2,4,5,3,64.0
20240201,101,2,5,5,3,36.0
20240201,101,3,1,5,3,380.5
20240201,101,3,2,5,3,155.6
20240201,101,3,3,5,3,92.9
20240201,101,3,4,5,3,49.9
20240201,101,3,5,5,3,28.6
20240201,101,4,1,5,3,304.1
20240201,101,4,2,5,3,120.5
20240201,101,4,3,5,3,72.7
20240201,101,4,4,5,3,39.3
20240201,101,4,5,5,3,22.1
20240201,101,5,1,5,3,191.3
20240201,101,5,2,5,3,79.5
20240201,101,5,3,5,3,45.9
20240201,101,5,4,5,3,25.0
20240201,101,5,5,5,3,14.3
20240201,101,6,1,5,3,129.3
20240201,101,6,2,5,3,52.1
20240201,101,6,3,5,3,30.5
20240201,101,6,4,5,3,16.4
20240201,101,6,5,5,3,9.7
20240201,102,1,1,5,3,167.9
20240201,102,1,2,5,3,67.2
20240201,102,1,3,5,3,40.1
20240201,102,1,4,5,3,21.5
20240201,102,1,5,5,3,12.6
20240201,102,2,1,5,3,129.3
20240201,102,2,2,5,3,52.2
20240201,102,2,3,5,3,30.5
20240201,102,2,4,5,3,16.9
20240201,102,2,5,5,3,9.6
20240201,102,3,1,5,3,99.6
20240201,102,3,2,5,3,40.3
20240201,102,3,3,5,3,24.4
20240201,102,3,4,5,3,13.2
20240201,102,3,5,5,3,7.4
20240201,102,4,1,5,3,79.2
20240201,102,4,2,5,3,32.0
20240201,102,4,3,5,3,18.9
20240201,102,4,4,5,3,10.2
20240201,102,4,5,5,3,5.9
20240201,102,5,1,5,3,50.2
20240201,102,5,2,5,3,20.3
20240201,102,5,3,5,3,11.9
20240201,102,5,4,5,3,6.5
20240201,102,5,5,5,3,3.7
20240201,102,6,1,5,3,33.3
20240201,102,6,2,5,3,13.5
20240201,102,6,3,5,3,8.2
20240201,102,6,4,5,3,4.4
20240201,102,6,5,5,3,2.5
20240201,103,1,1,5,3,590.2
20240201,103,1,2,5,3,238.8
20240201,103,1,3,5,3,141.2
20240201,103,1,4,5,3,76.7
20240201,103,1,5,5,3,42.8
20240201,103,2,1,5,3,449.7
20240201,103,2,2,5,3,181.9
20240201,103,2,3,5,3,106.5
20240201,103,2,4,5,3,58.6
20240201,103,2,5,5,3,33.3
20240201,103,3,1,5,3,357.2
20240201,103,3,2,5,3,143.2
20240201,103,3,3,5,3,83.9
20240201,103,3,4,5,3,45.5
20240201,103,3,5,5,3,26.3
20240201,103,4,1,5,3,273.1
20240201,103,4,2,5,3,110.1
20240201,103,4,3,5,3,65.0
20240201,103,4,4,5,3,35.8
20240201,103,4,5,5,3,19.9
20240201,103,5,1,5,3,177.8
20240201,103,5,2,5,3,71.7
20240201,103,5,3,5,3,41.7
20240201,103,5,4,5,3,22.8
20240201,103,5,5,5,3,13.1
20240201,103,6,1,5,3,116.1
20240201,103,6,2,5,3,48.4
20240201,103,6,3,5,3,27.9
20240201,103,6,4,5,3,15.1
20240201,103,6,5,5,3,8.5
20240201,201,1,1,1,3,-193.8
20240201,201,1,1,2,3,-91.2
20240201,201,1,2,1,3,-79.0
20240201,201,1,2,2,3,-37.2
20240201,201,1,3,1,3,-46.7
20240201,201,1,3,2,3,-22.0
20240201,201,1,4,1,3,-25.1
20240201,201,1,4,2,3,-11.8
20240201,201,1,5,1,3,-14.4
20240201,201,1,5,2,3,-6.8
20240201,201,2,1,1,3,-148.6
20240201,201,2,1,2,3,-69.9
20240201,201,2,2,1,3,-60.5
20240201,201,2,2,2,3,-28.5
20240201,201,2,3,1,3,-35.8
20240201,201,2,3,2,3,-16.8
20240201,201,2,4,1,3,-19.3
20240201,201,2,4,2,3,-9.1
20240201,201,2,5,1,3,-11.0
20240201,201,2,5,2,3,-5.2
20240201,201,3,1,1,3,-116.3
20240201,201,3,1,2,3,-54.7
20240201,201,3,2,1,3,-47.4
20240201,201,3,2,2,3,-22.3
20240201,201,3,3,1,3,-28.0
20240201,201,3,3,2,3,-13.2
20240201,201,3,4,1,3,-15.1
20240201,201,3,4,2,3,-7.1
20240201,201,3,5,1,3,-8.6
20240201,201,3,5,2,3,-4.1
20240201,201,4,1,1,3,-90.4
20240201,201,4,1,2,3,-42.6
20240201,201,4,2,1,3,-36.8
20240201,201,4,2,2,3,-17.3
20240201,201,4,3,1,3,-21.8
20240201,201,4,3,2,3,-10.2
20240201,201,4,4,1,3,-11.7
20240201,201,4,4,2,3,-5.5
20240201,201,4,5,1,3,-6.7
20240201,201,4,5,2,3,-3.2
20240201,201,5,1,1,3,-58.1
20240201,201,5,1,2,3,-27.4
20240201,201,5,2,1,3,-23.7
20240201,201,5,2,2,3,-11.1
20240201,201,5,3,1,3,-14.0
20240201,201,5,3,2,3,-6.6
20240201,201,5,4,1,3,-7.5
20240201,201,5,4,2,3,-3.5
20240201,201,5,5,1,3,-4.3
20240201,201,5,5,2,3,-2.0
20240201,201,6,1,1,3,-38.8
20240201,201,6,1,2,3,-18.2
20240201,201,6,2,1,3,-15.8
20240201,201,6,2,2,3,-7.4
20240201,201,6,3,1,3,-9.3
20240201,201,6,3,2,3,-4.4
20240201,201,6,4,1,3,-5.0
20240201,201,6,4,2,3,-2.4
20240201,201,6,5,1,3,-2.9
20240201,201,6,5,2,3,-1.4
20240201,202,1,1,1,3,-140.4
20240201,202,1,1,2,3,-66.0
20240201,202,1,2,1,3,-57.2
20240201,202,1,2,2,3,-26.9
20240201,202,1,3,1,3,-33.8
20240201,202,1,3,2,3,-15.9
20240201,202,1,4,1,3,-18.2
20240201,202,1,4,2,3,-8.6
20240201,202,1,5,1,3,-10.4
20240201,202,1,5,2,3,-4.9
20240201,202,2,1,1,3,-107.6
20240201,202,2,1,2,3,-50.6
20240201,202,2,2,1,3,-43.8
20240201,202,2,2,2,3,-20.6
20240201,202,2,3,1,3,-25.9
20240201,202,2,3,2,3,-12.2
20240201,202,2,4,1,3,-13.9
20240201,202,2,4,2,3,-6.6
20240201,202,2,5,1,3,-8.0
20240201,202,2,5,2,3,-3.8
20240201,202,3,1,1,3,-84.2
20240201,202,3,1,2,3,-39.6
20240201,202,3,2,1,3,-34.3
20240201,202,3,2,2,3,-16.1
20240201,202,3,3,1,3,-20.3
20240201,202,3,3,2,3,-9.5
20240201,202,3,4,1,3,-10.9
20240201,202,3,4,2,3,-5.1
20240201,202,3,5,1,3,-6.2
20240201,202,3,5,2,3,-2.9
20240201,202,4,1,1,3,-65.5
20240201,202,4,1,2,3,-30.8
20240201,202,4,2,1,3,-26.7
20240201,202,4,2,2,3,-12.6
20240201,202,4,3,1,3,-15.8
20240201,202,4,3,2,3,-7.4
20240201,202,4,4,1,3,-8.5
20240201,202,4,4,2,3,-4.0
20240201,202,4,5,1,3,-4.9
20240201,202,4,5,2,3,-2.3
20240201,202,5,1,1,3,-42.1
20240201,202,5,1,2,3,-19.8
20240201,202,5,2,1,3,-17.2
20240201,202,5,2,2,3,-8.1
20240201,202,5,3,1,3,-10.1
20240201,202,5,3,2,3,-4.8
20240201,202,5,4,1,3,-5.5
20240201,202,5,4,2,3,-2.6
20240201,202,5,5,1,3,-3.1
20240201,202,5,5,2,3,-1.5
20240201,202,6,1,1,3,-28.1
20240201,202,6,1,2,3,-13.2
20240201,202,6,2,1,3,-11.4
20240201,202,6,2,2,3,-5.4
20240201,202,6,3,1,3,-6.8
20240201,202,6,3,2,3,-3.2
20240201,202,6,4,1,3,-3.6
20240201,202,6,4,2,3,-1.7
20240201,202,6,5,1,3,-2.1
20240201,202,6,5,2,3,-1.0
20240201,401,1,1,3,3,-203.3
20240201,401,1,2,3,3,-82.8
20240201,401,1,3,3,3,-48.9
20240201,401,1,4,3,3,-26.4
20240201,401,1,5,3,3,-15.1
20240201,401,2,1,3,3,-155.9
20240201,401,2,2,3,3,-63.5
20240201,401,2,3,3,3,-37.5
20240201,401,2,4,3,3,-20.2
20240201,401,2,5,3,3,-11.5
20240201,401,3,1,3,3,-122.0
20240201,401,3,2,3,3,-49.7
20240201,401,3,3,3,3,-29.4
20240201,401,3,4,3,3,-15.8
20240201,401,3,5,3,3,-9.0
20240201,401,4,1,3,3,-94.9
20240201,401,4,2,3,3,-38.7
20240201,401,4,3,3,3,-22.8
20240201,401,4,4,3,3,-12.3
20240201,401,4,5,3,3,-7.0
20240201,401,5,1,3,3,-61.0
20240201,401,5,2,3,3,-24.8
20240201,401,5,3,3,3,-14.7
20240201,401,5,4,3,3,-7.9
20240201,401,5,5,3,3,-4.5
20240201,401,6,1,3,3,-40.7
20240201,401,6,2,3,3,-16.6
20240201,401,6,3,3,3,-9.8
20240201,401,6,4,3,3,-5.3
20240201,401,6,5,3,3,-3.0
20240201,401,1,1,4,3,-71.4
20240201,401,1,2,4,3,-29.1
20240201,401,1,3,4,3,-17.2
20240201,401,1,4,4,3,-9.3
20240201,401,1,5,4,3,-5.3
20240201,401,2,1,4,3,-54.8
20240201,401,2,2,4,3,-22.3
20240201,401,2,3,4,3,-13.2
20240201,401,2,4,4,3,-7.1
20240201,401,2,5,4,3,-4.1
20240201,401,3,1,4,3,-42.9
20240201,401,3,2,4,3,-17.5
20240201,401,3,3,4,3,-10.3
20240201,401,3,4,4,3,-5.6
20240201,401,3,5,4,3,-3.2
20240201,401,4,1,4,3,-33.3
20240201,401,4,2,4,3,-13.6
20240201,401,4,3,4,3,-8.0
20240201,401,4,4,4,3,-4.3
20240201,401,4,5,4,3,-2.5
20240201,401,5,1,4,3,-21.4
20240201,401,5,2,4,3,-8.7
20240201,401,5,3,4,3,-5.2
20240201,401,5,4,4,3,-2.8
20240201,401,5,5,4,3,-1.6
20240201,401,6,1,4,3,-14.3
20240201,401,6,2,4,3,-5.8
20240201,401,6,3,4,3,-3.4
20240201,401,6,4,4,3,-1.9
20240201,401,6,5,4,3,-1.1
20240201,402,1,1,5,3,-178.7
20240201,402,1,2,5,3,-72.8
20240201,402,1,3,5,3,-43.0
20240201,402,1,4,5,3,-23.2
20240201,402,1,5,5,3,-13.2
20240201,402,2,1,5,3,-137.0
20240201,402,2,2,5,3,-55.8
20240201,402,2,3,5,3,-33.0
20240201,402,2,4,5,3,-17.8
20240201,402,2,5,5,3,-10.1
20240201,402,3,1,5,3,-107.2
20240201,402,3,2,5,3,-43.7
20240201,402,3,3,5,3,-25.8
20240201,402,3,4,5,3,-13.9
20240201,402,3,5,5,3,-7.9
20240201,402,4,1,5,3,-83.4
20240201,402,4,2,5,3,-34.0
20240201,402,4,3,5,3,-20.1
20240201,402,4,4,5,3,-10.8
20240201,402,4,5,5,3,-6.2
20240201,402,5,1,5,3,-53.6
20240201,402,5,2,5,3,-21.8
20240201,402,5,3,5,3,-12.9
20240201,402,5,4,5,3,-7.0
20240201,402,5,5,5,3,-4.0
20240201,402,6,1,5,3,-35.7
20240201,402,6,2,5,3,-14.6
20240201,402,6,3,5,3,-8.6
20240201,402,6,4,5,3,-4.6
20240201,402,6,5,5,3,-2.6
20240201,402,1,1,6,3,-69.5
20240201,402,1,2,6,3,-28.3
20240201,402,1,3,6,3,-16.7
20240201,402,1,4,6,3,-9.0
20240201,402,1,5,6,3,-5.1
20240201,402,2,1,6,3,-53.3
20240201,402,2,2,6,3,-21.7
20240201,402,2,3,6,3,-12.8
20240201,402,2,4,6,3,-6.9
20240201,402,2,5,6,3,-3.9
20240201,402,3,1,6,3,-41.7
20240201,402,3,2,6,3,-17.0
20240201,402,3,3,6,3,-10.0
20240201,402,3,4,6,3,-5.4
20240201,402,3,5,6,3,-3.1
20240201,402,4,1,6,3,-32.4
20240201,402,4,2,6,3,-13.2
20240201,402,4,3,6,3,-7.8
20240201,402,4,4,6,3,-4.2
20240201,402,4,5,6,3,-2.4
20240201,402,5,1,6,3,-20.9
20240201,402,5,2,6,3,-8.5
20240201,402,5,3,6,3,-5.0
20240201,402,5,4,6,3,-2.7
20240201,402,5,5,6,3,-1.5
20240201,402,6,1,6,3,-13.9
20240201,402,6,2,6,3,-5.7
20240201,402,6,3,6,3,-3.3
20240201,402,6,4,6,3,-1.8
20240201,402,6,5,6,3,-1.0
20240201,403,1,1,7,3,-63.1
20240201,403,1,2,7,3,-25.7
20240201,403,1,3,7,3,-15.2
20240201,403,1,4,7,3,-8.2
20240201,403,1,5,7,3,-4.7
20240201,403,2,1,7,3,-48.4
20240201,403,2,2,7,3,-19.7
20240201,403,2,3,7,3,-11.6
20240201,403,2,4,7,3,-6.3
20240201,403,2,5,7,3,-3.6
20240201,403,3,1,7,3,-37.9
20240201,403,3,2,7,3,-15.4
20240201,403,3,3,7,3,-9.1
20240201,403,3,4,7,3,-4.9
20240201,403,3,5,7,3,-2.8
20240201,403,4,1,7,3,-29.4
20240201,403,4,2,7,3,-12.0
20240201,403,4,3,7,3,-7.1
20240201,403,4,4,7,3,-3.8
20240201,403,4,5,7,3,-2.2
20240201,403,5,1,7,3,-18.9
20240201,403,5,2,7,3,-7.7
20240201,403,5,3,7,3,-4.6
20240201,403,5,4,7,3,-2.5
20240201,403,5,5,7,3,-1.4
20240201,403,6,1,7,3,-12.6
20240201,403,6,2,7,3,-5.1
20240201,403,6,3,7,3,-3.0
20240201,403,6,4,7,3,-1.6
20240201,403,6,5,7,3,-0.9
20240201,403,1,1,8,3,-45.7
20240201,403,1,2,8,3,-18.6
20240201,403,1,3,8,3,-11.0
20240201,403,1,4,8,3,-5.9
20240201,403,1,5,8,3,-3.4
20240201,403,2,1,8,3,-35.0
20240201,403,2,2,8,3,-14.3
20240201,403,2,3,8,3,-8.4
20240201,403,2,4,8,3,-4.5
20240201,403,2,5,8,3,-2.6
20240201,403,3,1,8,3,-27.4
20240201,403,3,2,8,3,-11.2
20240201,403,3,3,8,3,-6.6
20240201,403,3,4,8,3,-3.6
20240201,403,3,5,8,3,-2.0
20240201,403,4,1,8,3,-21.3
20240201,403,4,2,8,3,-8.7
20240201,403,4,3,8,3,-5.1
20240201,403,4,4,8,3,-2.8
20240201,403,4,5,8,3,-1.6
20240201,403,5,1,8,3,-13.7
20240201,403,5,2,8,3,-5.6
20240201,403,5,3,8,3,-3.3
20240201,403,5,4,8,3,-1.8
20240201,403,5,5,8,3,-1.0
20240201,403,6,1,8,3,-9.1
20240201,403,6,2,8,3,-3.7
20240201,403,6,3,8,3,-2.2
20240201,403,6,4,8,3,-1.2
20240201,403,6,5,8,3,-0.7
20240201,404,1,1,7,3,-18.1
20240201,404,1,2,7,3,-7.4
20240201,404,1,3,7,3,-4.4
20240201,404,1,4,7,3,-2.4
20240201,404,1,5,7,3,-1.3
20240201,404,2,1,7,3,-13.9
20240201,404,2,2,7,3,-5.7
20240201,404,2,3,7,3,-3.3
20240201,404,2,4,7,3,-1.8
20240201,404,2,5,7,3,-1.0
20240201,404,3,1,7,3,-10.9
20240201,404,3,2,7,3,-4.4
20240201,404,3,3,7,3,-2.6
20240201,404,3,4,7,3,-1.4
20240201,404,3,5,7,3,-0.8
20240201,404,4,1,7,3,-8.5
20240201,404,4,2,7,3,-3.4
20240201,404,4,3,7,3,-2.0
20240201,404,4,4,7,3,-1.1
20240201,404,4,5,7,3,-0.6
20240201,404,5,1,7,3,-5.4
20240201,404,5,2,7,3,-2.2
20240201,404,5,3,7,3,-1.3
20240201,404,5,4,7,3,-0.7
20240201,404,5,5,7,3,-0.4
20240201,404,6,1,7,3,-3.6
20240201,404,6,2,7,3,-1.5
20240201,404,6,3,7,3,-0.9
20240201,404,6,4,7,3,-0.5
20240201,404,6,5,7,3,-0.3
20240201,404,1,1,8,3,-18.1
20240201,404,1,2,8,3,-7.4
20240201,404,1,3,8,3,-4.4
20240201,404,1,4,8,3,-2.4
20240201,404,1,5,8,3,-1.3
20240201,404,2,1,8,3,-13.9
20240201,404,2,2,8,3,-5.7
20240201,404,2,3,8,3,-3.3
20240201,404,2,4,8,3,-1.8
20240201,404,2,5,8,3,-1.0
20240201,404,3,1,8,3,-10.9
20240201,404,3,2,8,3,-4.4
20240201,404,3,3,8,3,-2.6
20240201,404,3,4,8,3,-1.4
20240201,404,3,5,8,3,-0.8
20240201,404,4,1,8,3,-8.5
20240201,404,4,2,8,3,-3.4
20240201,404,4,3,8,3,-2.0
20240201,404,4,4,8,3,-1.1
20240201,404,4,5,8,3,-0.6
20240201,404,5,1,8,3,-5.4
20240201,404,5,2,8,3,-2.2
20240201,404,5,3,8,3,-1.3
20240201,404,5,4,8,3,-0.7
20240201,404,5,5,8,3,-0.4
20240201,404,6,1,8,3,-3.6
20240201,404,6,2,8,3,-1.5
20240201,404,6,3,8,3,-0.9
20240201,404,6,4,8,3,-0.5
20240201,404,6,5,8,3,-0.3
20240201,301,1,1,7,3,5574.7
20240201,501,1,1,7,3,1675.2
20240201,502,1,1,7,3,1451.4
20240201,503,1,1,7,3,-77.5
20240201,504,1,1,7,3,1085.4
20240201,601,1,1,7,3,1597.7
20240201,602,1,1,7,3,-352.9
20240201,603,1,1,7,3,65144.8
20240301,101,1,1,5,3,687.0
20240301,101,1,2,5,3,280.9
20240301,101,1,3,5,3,162.7
20240301,101,1,4,5,3,88.9
20240301,101,1,5,5,3,50.3
20240301,101,2,1,5,3,521.7
20240301,101,2,2,5,3,213.1
20240301,101,2,3,5,3,128.3
20240301,101,2,4,5,3,68.5
20240301,101,2,5,5,3,39.1
20240301,101,3,1,5,3,403.9
20240301,101,3,2,5,3,165.8
20240301,101,3,3,5,3,98.6
20240301,101,3,4,5,3,53.4
20240301,101,3,5,5,3,29.9
20240301,101,4,1,5,3,314.4
20240301,101,4,2,5,3,129.7
20240301,101,4,3,5,3,75.9
20240301,101,4,4,5,3,41.9
20240301,101,4,5,5,3,23.4
20240301,101,5,1,5,3,207.9
20240301,101,5,2,5,3,84.3
20240301,101,5,3,5,3,50.0
20240301,101,5,4,5,3,26.6
20240301,101,5,5,5,3,15.2
20240301,101,6,1,5,3,138.6
20240301,101,6,2,5,3,55.7
20240301,101,6,3,5,3,33.1
20240301,101,6,4,5,3,17.6
20240301,101,6,5,5,3,10.2
20240301,102,1,1,5,3,176.0
20240301,102,1,2,5,3,73.1
20240301,102,1,3,5,3,43.5
20240301,102,1,4,5,3,23.1
20240301,102,1,5,5,3,13.0
20240301,102,2,1,5,3,137.6
20240301,102,2,2,5,3,55.4
20240301,102,2,3,5,3,32.4
20240301,102,2,4,5,3,17.4
20240301,102,2,5,5,3,10.2
20240301,102,3,1,5,3,105.3
20240301,102,3,2,5,3,42.8
20240301,102,3,3,5,3,25.4
20240301,102,3,4,5,3,13.7
20240301,102,3,5,5,3,8.0
20240301,102,4,1,5,3,84.5
20240301,102,4,2,5,3,34.0
20240301,102,4,3,5,3,20.1
20240301,102,4,4,5,3,11.0
20240301,102,4,5,5,3,6.1
20240301,102,5,1,5,3,52.9
20240301,102,5,2,5,3,21.8
20240301,102,5,3,5,3,13.0
20240301,102,5,4,5,3,6.9
20240301,102,5,5,5,3,3.9
20240301,102,6,1,5,3,35.7
20240301,102,6,2,5,3,14.7
20240301,102,6,3,5,3,8.4
20240301,102,6,4,5,3,4.6
20240301,102,6,5,5,3,2.6
20240301,103,1,1,5,3,625.1
20240301,103,1,2,5,3,251.1
20240301,103,1,3,5,3,150.9
20240301,103,1,4,5,3,80.7
20240301,103,1,5,5,3,45.5
20240301,103,2,1,5,3,478.1
20240301,103,2,2,5,3,196.0
20240301,103,2,3,5,3,116.4
20240301,103,2,4,5,3,61.2
20240301,103,2,5,5,3,35.3
20240301,103,3,1,5,3,374.1
20240301,103,3,2,5,3,154.3
20240301,103,3,3,5,3,91.7
20240301,103,3,4,5,3,49.4
20240301,103,3,5,5,3,27.9
20240301,103,4,1,5,3,294.1
20240301,103,4,2,5,3,119.2
20240301,103,4,3,5,3,69.2
20240301,103,4,4,5,3,38.2
20240301,103,4,5,5,3,21.8
20240301,103,5,1,5,3,188.7
20240301,103,5,2,5,3,75.6
20240301,103,5,3,5,3,45.5
20240301,103,5,4,5,3,24.0
20240301,103,5,5,5,3,13.8
20240301,103,6,1,5,3,125.8
20240301,103,6,2,5,3,50.9
20240301,103,6,3,5,3,30.4
20240301,103,6,4,5,3,16.0
20240301,103,6,5,5,3,9.4
20240301,201,1,1,1,3,-207.5
20240301,201,1,1,2,3,-97.6
20240301,201,1,2,1,3,-84.5
20240301,201,1,2,2,3,-39.8
20240301,201,1,3,1,3,-50.0
20240301,201,1,3,2,3,-23.5
20240301,201,1,4,1,3,-26.9
20240301,201,1,4,2,3,-12.7
20240301,201,1,5,1,3,-15.4
20240301,201,1,5,2,3,-7.2
20240301,201,2,1,1,3,-159.1
20240301,201,2,1,2,3,-74.9
20240301,201,2,2,1,3,-64.8
20240301,201,2,2,2,3,-30.5
20240301,201,2,3,1,3,-38.3
20240301,201,2,3,2,3,-18.0
20240301,201,2,4,1,3,-20.6
20240301,201,2,4,2,3,-9.7
20240301,201,2,5,1,3,-11.8
20240301,201,2,5,2,3,-5.5
20240301,201,3,1,1,3,-124.5
20240301,201,3,1,2,3,-58.6
20240301,201,3,2,1,3,-50.7
20240301,201,3,2,2,3,-23.9
20240301,201,3,3,1,3,-30.0
20240301,201,3,3,2,3,-14.1
20240301,201,3,4,1,3,-16.1
20240301,201,3,4,2,3,-7.6
20240301,201,3,5,1,3,-9.2
20240301,201,3,5,2,3,-4.3
20240301,201,4,1,1,3,-96.8
20240301,201,4,1,2,3,-45.6
20240301,201,4,2,1,3,-39.5
20240301,201,4,2,2,3,-18.6
20240301,201,4,3,1,3,-23.3
20240301,201,4,3,2,3,-11.0
20240301,201,4,4,1,3,-12.6
20240301,201,4,4,2,3,-5.9
20240301,201,4,5,1,3,-7.2
20240301,201,4,5,2,3,-3.4
20240301,201,5,1,1,3,-62.2
20240301,201,5,1,2,3,-29.3
20240301,201,5,2,1,3,-25.4
20240301,201,5,2,2,3,-11.9
20240301,201,5,3,1,3,-15.0
20240301,201,5,3,2,3,-7.1
20240301,201,5,4,1,3,-8.1
20240301,201,5,4,2,3,-3.8
20240301,201,5,5,1,3,-4.6
20240301,201,5,5,2,3,-2.2
20240301,201,6,1,1,3,-41.5
20240301,201,6,1,2,3,-19.5
20240301,201,6,2,1,3,-16.9
20240301,201,6,2,2,3,-8.0
20240301,201,6,3,1,3,-10.0
20240301,201,6,3,2,3,-4.7
20240301,201,6,4,1,3,-5.4
20240301,201,6,4,2,3,-2.5
20240301,201,6,5,1,3,-3.1
20240301,201,6,5,2,3,-1.4
20240301,202,1,1,1,3,-150.3
20240301,202,1,1,2,3,-70.7
20240301,202,1,2,1,3,-61.2
20240301,202,1,2,2,3,-28.8
20240301,202,1,3,1,3,-36.2
20240301,202,1,3,2,3,-17.0
20240301,202,1,4,1,3,-19.5
20240301,202,1,4,2,3,-9.2
20240301,202,1,5,1,3,-11.1
20240301,202,1,5,2,3,-5.2
20240301,202,2,1,1,3,-115.2
20240301,202,2,1,2,3,-54.2
20240301,202,2,2,1,3,-46.9
20240301,202,2,2,2,3,-22.1
20240301,202,2,3,1,3,-27.7
20240301,202,2,3,2,3,-13.1
20240301,202,2,4,1,3,-14.9
20240301,202,2,4,2,3,-7.0
20240301,202,2,5,1,3,-8.5
20240301,202,2,5,2,3,-4.0
20240301,202,3,1,1,3,-90.2
20240301,202,3,1,2,3,-42.4
20240301,202,3,2,1,3,-36.7
20240301,202,3,2,2,3,-17.3
20240301,202,3,3,1,3,-21.7
20240301,202,3,3,2,3,-10.2
20240301,202,3,4,1,3,-11.7
20240301,202,3,4,2,3,-5.5
20240301,202,3,5,1,3,-6.7
20240301,202,3,5,2,3,-3.1
20240301,202,4,1,1,3,-70.1
20240301,202,4,1,2,3,-33.0
20240301,202,4,2,1,3,-28.6
20240301,202,4,2,2,3,-13.4
20240301,202,4,3,1,3,-16.9
20240301,202,4,3,2,3,-7.9
20240301,202,4,4,1,3,-9.1
20240301,202,4,4,2,3,-4.3
20240301,202,4,5,1,3,-5.2
20240301,202,4,5,2,3,-2.4
20240301,202,5,1,1,3,-45.1
20240301,202,5,1,2,3,-21.2
20240301,202,5,2,1,3,-18.4
20240301,202,5,2,2,3,-8.6
20240301,202,5,3,1,3,-10.9
20240301,202,5,3,2,3,-5.1
20240301,202,5,4,1,3,-5.8
20240301,202,5,4,2,3,-2.7
20240301,202,5,5,1,3,-3.3
20240301,202,5,5,2,3,-1.6
20240301,202,6,1,1,3,-30.1
20240301,202,6,1,2,3,-14.1
20240301,202,6,2,1,3,-12.2
20240301,202,6,2,2,3,-5.8
20240301,202,6,3,1,3,-7.2
20240301,202,6,3,2,3,-3.4
20240301,202,6,4,1,3,-3.9
20240301,202,6,4,2,3,-1.8
20240301,202,6,5,1,3,-2.2
20240301,202,6,5,2,3,-1.0
20240301,401,1,1,3,3,-216.7
20240301,401,1,2,3,3,-88.3
20240301,401,1,3,3,3,-52.2
20240301,401,1,4,3,3,-28.1
20240301,401,1,5,3,3,-16.0
20240301,401,2,1,3,3,-166.1
20240301,401,2,2,3,3,-67.7
20240301,401,2,3,3,3,-40.0
20240301,401,2,4,3,3,-21.5
20240301,401,2,5,3,3,-12.3
20240301,401,3,1,3,3,-130.0
20240301,401,3,2,3,3,-53.0
20240301,401,3,3,3,3,-31.3
20240301,401,3,4,3,3,-16.9
20240301,401,3,5,3,3,-9.6
20240301,401,4,1,3,3,-101.1
20240301,401,4,2,3,3,-41.2
20240301,401,4,3,3,3,-24.3
20240301,401,4,4,3,3,-13.1
20240301,401,4,5,3,3,-7.5
20240301,401,5,1,3,3,-65.0
20240301,401,5,2,3,3,-26.5
20240301,401,5,3,3,3,-15.6
20240301,401,5,4,3,3,-8.4
20240301,401,5,5,3,3,-4.8
20240301,401,6,1,3,3,-43.3
20240301,401,6,2,3,3,-17.7
20240301,401,6,3,3,3,-10.4
20240301,401,6,4,3,3,-5.6
20240301,401,6,5,3,3,-3.2
20240301,401,1,1,4,3,-76.1
20240301,401,1,2,4,3,-31.0
20240301,401,1,3,4,3,-18.3
20240301,401,1,4,4,3,-9.9
20240301,401,1,5,4,3,-5.6
20240301,401,2,1,4,3,-58.4
20240301,401,2,2,4,3,-23.8
20240301,401,2,3,4,3,-14.0
20240301,401,2,4,4,3,-7.6
20240301,401,2,5,4,3,-4.3
20240301,401,3,1,4,3,-45.7
20240301,401,3,2,4,3,-18.6
20240301,401,3,3,4,3,-11.0
20240301,401,3,4,4,3,-5.9
20240301,401,3,5,4,3,-3.4
20240301,401,4,1,4,3,-35.5
20240301,401,4,2,4,3,-14.5
20240301,401,4,3,4,3,-8.6
20240301,401,4,4,4,3,-4.6
20240301,401,4,5,4,3,-2.6
20240301,401,5,1,4,3,-22.8
20240301,401,5,2,4,3,-9.3
20240301,401,5,3,4,3,-5.5
20240301,401,5,4,4,3,-3.0
20240301,401,5,5,4,3,-1.7
20240301,401,6,1,4,3,-15.2
20240301,401,6,2,4,3,-6.2
20240301,401,6,3,4,3,-3.7
20240301,401,6,4,4,3,-2.0
20240301,401,6,5,4,3,-1.1
20240301,402,1,1,5,3,-190.5
20240301,402,1,2,5,3,-77.6
20240301,402,1,3,5,3,-45.9
20240301,402,1,4,5,3,-24.7
20240301,402,1,5,5,3,-14.1
20240301,402,2,1,5,3,-146.0
20240301,402,2,2,5,3,-59.5
20240301,402,2,3,5,3,-35.2
20240301,402,2,4,5,3,-18.9
20240301,402,2,5,5,3,-10.8
20240301,402,3,1,5,3,-114.3
20240301,402,3,2,5,3,-46.6
20240301,402,3,3,5,3,-27.5
20240301,402,3,4,5,3,-14.8
20240301,402,3,5,5,3,-8.5
20240301,402,4,1,5,3,-88.9
20240301,402,4,2,5,3,-36.2
20240301,402,4,3,5,3,-21.4
20240301,402,4,4,5,3,-11.5
20240301,402,4,5,5,3,-6.6
20240301,402,5,1,5,3,-57.1
20240301,402,5,2,5,3,-23.3
20240301,402,5,3,5,3,-13.8
20240301,402,5,4,5,3,-7.4
20240301,402,5,5,5,3,-4.2
20240301,402,6,1,5,3,-38.1
20240301,402,6,2,5,3,-15.5
20240301,402,6,3,5,3,-9.2
20240301,402,6,4,5,3,-4.9
20240301,402,6,5,5,3,-2.8
20240301,402,1,1,6,3,-74.1
20240301,402,1,2,6,3,-30.2
20240301,402,1,3,6,3,-17.8
20240301,402,1,4,6,3,-9.6
20240301,402,1,5,6,3,-5.5
20240301,402,2,1,6,3,-56.8
20240301,402,2,2,6,3,-23.1
20240301,402,2,3,6,3,-13.7
20240301,402,2,4,6,3,-7.4
20240301,402,2,5,6,3,-4.2
20240301,402,3,1,6,3,-44.4
20240301,402,3,2,6,3,-18.1
20240301,402,3,3,6,3,-10.7
20240301,402,3,4,6,3,-5.8
20240301,402,3,5,6,3,-3.3
20240301,402,4,1,6,3,-34.6
20240301,402,4,2,6,3,-14.1
20240301,402,4,3,6,3,-8.3
20240301,402,4,4,6,3,-4.5
20240301,402,4,5,6,3,-2.6
20240301,402,5,1,6,3,-22.2
20240301,402,5,2,6,3,-9.1
20240301,402,5,3,6,3,-5.3
20240301,402,5,4,6,3,-2.9
20240301,402,5,5,6,3,-1.6
20240301,402,6,1,6,3,-14.8
20240301,402,6,2,6,3,-6.0
20240301,402,6,3,6,3,-3.6
20240301,402,6,4,6,3,-1.9
20240301,402,6,5,6,3,-1.1
20240301,403,1,1,7,3,-67.2
20240301,403,1,2,7,3,-27.4
20240301,403,1,3,7,3,-16.2
20240301,403,1,4,7,3,-8.7
20240301,403,1,5,7,3,-5.0
20240301,403,2,1,7,3,-51.5
20240301,403,2,2,7,3,-21.0
20240301,403,2,3,7,3,-12.4
20240301,403,2,4,7,3,-6.7
20240301,403,2,5,7,3,-3.8
20240301,403,3,1,7,3,-40.3
20240301,403,3,2,7,3,-16.4
20240301,403,3,3,7,3,-9.7
20240301,403,3,4,7,3,-5.2
20240301,403,3,5,7,3,-3.0
20240301,403,4,1,7,3,-31.4
20240301,403,4,2,7,3,-12.8
20240301,403,4,3,7,3,-7.6
20240301,403,4,4,7,3,-4.1
20240301,403,4,5,7,3,-2.3
20240301,403,5,1,7,3,-20.2
20240301,403,5,2,7,3,-8.2
20240301,403,5,3,7,3,-4.9
20240301,403,5,4,7,3,-2.6
20240301,403,5,5,7,3,-1.5
20240301,403,6,1,7,3,-13.4
20240301,403,6,2,7,3,-5.5
20240301,403,6,3,7,3,-3.2
20240301,403,6,4,7,3,-1.7
20240301,403,6,5,7,3,-1.0
20240301,403,1,1,8,3,-48.7
20240301,403,1,2,8,3,-19.8
20240301,403,1,3,8,3,-11.7
20240301,403,1,4,8,3,-6.3
20240301,403,1,5,8,3,-3.6
20240301,403,2,1,8,3,-37.3
20240301,403,2,2,8,3,-15.2
20240301,403,2,3,8,3,-9.0
20240301,403,2,4,8,3,-4.8
20240301,403,2,5,8,3,-2.8
20240301,403,3,1,8,3,-29.2
20240301,403,3,2,8,3,-11.9
20240301,403,3,3,8,3,-7.0
20240301,403,3,4,8,3,-3.8
20240301,403,3,5,8,3,-2.2
20240301,403,4,1,8,3,-22.7
20240301,403,4,2,8,3,-9.3
20240301,403,4,3,8,3,-5.5
20240301,403,4,4,8,3,-2.9
20240301,403,4,5,8,3,-1.7
20240301,403,5,1,8,3,-14.6
20240301,403,5,2,8,3,-6.0
20240301,403,5,3,8,3,-3.5
20240301,403,5,4,8,3,-1.9
20240301,403,5,5,8,3,-1.1
20240301,403,6,1,8,3,-9.7
20240301,403,6,2,8,3,-4.0
20240301,403,6,3,8,3,-2.3
20240301,403,6,4,8,3,-1.3
20240301,403,6,5,8,3,-0.7
20240301,404,1,1,7,3,-19.3
20240301,404,1,2,7,3,-7.9
20240301,404,1,3,7,3,-4.7
20240301,404,1,4,7,3,-2.5
20240301,404,1,5,7,3,-1.4
20240301,404,2,1,7,3,-14.8
20240301,404,2,2,7,3,-6.0
20240301,404,2,3,7,3,-3.6
20240301,404,2,4,7,3,-1.9
20240301,404,2,5,7,3,-1.1
20240301,404,3,1,7,3,-11.6
20240301,404,3,2,7,3,-4.7
20240301,404,3,3,7,3,-2.8
20240301,404,3,4,7,3,-1.5
20240301,404,3,5,7,3,-0.9
20240301,404,4,1,7,3,-9.0
20240301,404,4,2,7,3,-3.7
20240301,404,4,3,7,3,-2.2
20240301,404,4,4,7,3,-1.2
20240301,404,4,5,7,3,-0.7
20240301,404,5,1,7,3,-5.8
20240301,404,5,2,7,3,-2.4
20240301,404,5,3,7,3,-1.4
20240301,404,5,4,7,3,-0.8
20240301,404,5,5,7,3,-0.4
20240301,404,6,1,7,3,-3.9
20240301,404,6,2,7,3,-1.6
20240301,404,6,3,7,3,-0.9
20240301,404,6,4,7,3,-0.5
20240301,404,6,5,7,3,-0.3
20240301,404,1,1,8,3,-19.3
20240301,404,1,2,8,3,-7.9
20240301,404,1,3,8,3,-4.7
20240301,404,1,4,8,3,-2.5
20240301,404,1,5,8,3,-1.4
20240301,404,2,1,8,3,-14.8
20240301,404,2,2,8,3,-6.0
20240301,404,2,3,8,3,-3.6
20240301,404,2,4,8,3,-1.9
20240301,404,2,5,8,3,-1.1
20240301,404,3,1,8,3,-11.6
20240301,404,3,2,8,3,-4.7
20240301,404,3,3,8,3,-2.8
20240301,404,3,4,8,3,-1.5
20240301,404,3,5,8,3,-0.9
20240301,404,4,1,8,3,-9.0
20240301,404,4,2,8,3,-3.7
20240301,404,4,3,8,3,-2.2
20240301,404,4,4,8,3,-1.2
20240301,404,4,5,8,3,-0.7
20240301,404,5,1,8,3,-5.8
20240301,404,5,2,8,3,-2.4
20240301,404,5,3,8,3,-1.4
20240301,404,5,4,8,3,-0.8
20240301,404,5,5,8,3,-0.4
20240301,404,6,1,8,3,-3.9
20240301,404,6,2,8,3,-1.6
20240301,404,6,3,8,3,-0.9
20240301,404,6,4,8,3,-0.5
20240301,404,6,5,8,3,-0.3
20240301,301,1,1,7,3,5926.4
20240301,501,1,1,7,3,1770.6
20240301,502,1,1,7,3,1532.1
20240301,503,1,1,7,3,-82.6
20240301,504,1,1,7,3,1145.1
20240301,601,1,1,7,3,1688.0
20240301,602,1,1,7,3,-376.1
20240301,603,1,1,7,3,66161.9
20240401,101,1,1,5,3,673.1
20240401,101,1,2,5,3,275.7
20240401,101,1,3,5,3,162.5
20240401,101,1,4,5,3,86.1
20240401,101,1,5,5,3,49.4
20240401,101,2,1,5,3,519.2
20240401,101,2,2,5,3,208.2
20240401,101,2,3,5,3,122.7
20240401,101,2,4,5,3,68.1
20240401,101,2,5,5,3,38.8
20240401,101,3,1,5,3,402.9
20240401,101,3,2,5,3,165.5
20240401,101,3,3,5,3,98.9
20240401,101,3,4,5,3,52.8
20240401,101,3,5,5,3,29.9
20240401,101,4,1,5,3,312.9
20240401,101,4,2,5,3,126.5
20240401,101,4,3,5,3,75.7
20240401,101,4,4,5,3,41.2
20240401,101,4,5,5,3,23.2
20240401,101,5,1,5,3,199.6
20240401,101,5,2,5,3,82.2
20240401,101,5,3,5,3,48.6
20240401,101,5,4,5,3,26.0
20240401,101,5,5,5,3,15.2
20240401,101,6,1,5,3,137.4
20240401,101,6,2,5,3,55.4
20240401,101,6,3,5,3,33.0
20240401,101,6,4,5,3,17.5
20240401,101,6,5,5,3,10.0
20240401,102,1,1,5,3,178.2
20240401,102,1,2,5,3,71.4
20240401,102,1,3,5,3,42.6
20240401,102,1,4,5,3,23.2
20240401,102,1,5,5,3,13.2
20240401,102,2,1,5,3,134.8
20240401,102,2,2,5,3,55.4
20240401,102,2,3,5,3,32.5
20240401,102,2,4,5,3,17.5
20240401,102,2,5,5,3,10.1
20240401,102,3,1,5,3,106.9
20240401,102,3,2,5,3,42.4
20240401,102,3,3,5,3,25.7
20240401,102,3,4,5,3,13.9
20240401,102,3,5,5,3,7.7
20240401,102,4,1,5,3,81.2
20240401,102,4,2,5,3,33.0
20240401,102,4,3,5,3,19.8
20240401,102,4,4,5,3,10.7
20240401,102,4,5,5,3,6.1
20240401,102,5,1,5,3,52.0
20240401,102,5,2,5,3,21.7
20240401,102,5,3,5,3,12.6
20240401,102,5,4,5,3,6.9
20240401,102,5,5,5,3,3.9
20240401,102,6,1,5,3,34.7
20240401,102,6,2,5,3,14.3
20240401,102,6,3,5,3,8.5
20240401,102,6,4,5,3,4.6
20240401,102,6,5,5,3,2.6
20240401,103,1,1,5,3,613.3
20240401,103,1,2,5,3,255.0
20240401,103,1,3,5,3,149.9
20240401,103,1,4,5,3,79.6
20240401,103,1,5,5,3,45.0
20240401,103,2,1,5,3,469.2
20240401,103,2,2,5,3,196.1
20240401,103,2,3,5,3,115.0
20240401,103,2,4,5,3,61.3
20240401,103,2,5,5,3,34.7
20240401,103,3,1,5,3,368.8
20240401,103,3,2,5,3,151.1
20240401,103,3,3,5,3,89.2
20240401,103,3,4,5,3,48.6
20240401,103,3,5,5,3,27.6
20240401,103,4,1,5,3,288.1
20240401,103,4,2,5,3,118.5
20240401,103,4,3,5,3,68.1
20240401,103,4,4,5,3,37.5
20240401,103,4,5,5,3,21.3
20240401,103,5,1,5,3,186.3
20240401,103,5,2,5,3,76.1
20240401,103,5,3,5,3,44.4
20240401,103,5,4,5,3,23.9
20240401,103,5,5,5,3,13.5
20240401,103,6,1,5,3,122.6
20240401,103,6,2,5,3,50.5
20240401,103,6,3,5,3,30.2
20240401,103,6,4,5,3,16.3
20240401,103,6,5,5,3,9.0
20240401,201,1,1,1,3,-203.9
20240401,201,1,1,2,3,-96.0
20240401,201,1,2,1,3,-83.1
20240401,201,1,2,2,3,-39.1
20240401,201,1,3,1,3,-49.1
20240401,201,1,3,2,3,-23.1
20240401,201,1,4,1,3,-26.4
20240401,201,1,4,2,3,-12.4
20240401,201,1,5,1,3,-15.1
20240401,201,1,5,2,3,-7.1
20240401,201,2,1,1,3,-156.3
20240401,201,2,1,2,3,-73.6
20240401,201,2,2,1,3,-63.7
20240401,201,2,2,2,3,-30.0
20240401,201,2,3,1,3,-37.6
20240401,201,2,3,2,3,-17.7
20240401,201,2,4,1,3,-20.3
20240401,201,2,4,2,3,-9.5
20240401,201,2,5,1,3,-11.6
20240401,201,2,5,2,3,-5.4
20240401,201,3,1,1,3,-122.4
20240401,201,3,1,2,3,-57.6
20240401,201,3,2,1,3,-49.8
20240401,201,3,2,2,3,-23.5
20240401,201,3,3,1,3,-29.5
20240401,201,3,3,2,3,-13.9
20240401,201,3,4,1,3,-15.9
20240401,201,3,4,2,3,-7.5
20240401,201,3,5,1,3,-9.1
20240401,201,3,5,2,3,-4.3
20240401,201,4,1,1,3,-95.2
20240401,201,4,1,2,3,-44.8
20240401,201,4,2,1,3,-38.8
20240401,201,4,2,2,3,-18.2
20240401,201,4,3,1,3,-22.9
20240401,201,4,3,2,3,-10.8
20240401,201,4,4,1,3,-12.3
20240401,201,4,4,2,3,-5.8
20240401,201,4,5,1,3,-7.0
20240401,201,4,5,2,3,-3.3
20240401,201,5,1,1,3,-61.2
20240401,201,5,1,2,3,-28.8
20240401,201,5,2,1,3,-24.9
20240401,201,5,2,2,3,-11.7
20240401,201,5,3,1,3,-14.7
20240401,201,5,3,2,3,-6.9
20240401,201,5,4,1,3,-7.9
20240401,201,5,4,2,3,-3.7
20240401,201,5,5,1,3,-4.5
20240401,201,5,5,2,3,-2.1
20240401,201,6,1,1,3,-40.8
20240401,201,6,1,2,3,-19.2
20240401,201,6,2,1,3,-16.6
20240401,201,6,2,2,3,-7.8
20240401,201,6,3,1,3,-9.8
20240401,201,6,3,2,3,-4.6
20240401,201,6,4,1,3,-5.3
20240401,201,6,4,2,3,-2.5
20240401,201,6,5,1,3,-3.0
20240401,201,6,5,2,3,-1.4
20240401,202,1,1,1,3,-147.7
20240401,202,1,1,2,3,-69.5
20240401,202,1,2,1,3,-60.2
20240401,202,1,2,2,3,-28.3
20240401,202,1,3,1,3,-35.5
20240401,202,1,3,2,3,-16.7
20240401,202,1,4,1,3,-19.1
20240401,202,1,4,2,3,-9.0
20240401,202,1,5,1,3,-10.9
20240401,202,1,5,2,3,-5.1
20240401,202,2,1,1,3,-113.2
20240401,202,2,1,2,3,-53.3
20240401,202,2,2,1,3,-46.1
20240401,202,2,2,2,3,-21.7
20240401,202,2,3,1,3,-27.3
20240401,202,2,3,2,3,-12.8
20240401,202,2,4,1,3,-14.7
20240401,202,2,4,2,3,-6.9
20240401,202,2,5,1,3,-8.4
20240401,202,2,5,2,3,-3.9
20240401,202,3,1,1,3,-88.6
20240401,202,3,1,2,3,-41.7
20240401,202,3,2,1,3,-36.1
20240401,202,3,2,2,3,-17.0
20240401,202,3,3,1,3,-21.3
20240401,202,3,3,2,3,-10.0
20240401,202,3,4,1,3,-11.5
20240401,202,3,4,2,3,-5.4
20240401,202,3,5,1,3,-6.6
20240401,202,3,5,2,3,-3.1
20240401,202,4,1,1,3,-68.9
20240401,202,4,1,2,3,-32.4
20240401,202,4,2,1,3,-28.1
20240401,202,4,2,2,3,-13.2
20240401,202,4,3,1,3,-16.6
20240401,202,4,3,2,3,-7.8
20240401,202,4,4,1,3,-8.9
20240401,202,4,4,2,3,-4.2
20240401,202,4,5,1,3,-5.1
20240401,202,4,5,2,3,-2.4
20240401,202,5,1,1,3,-44.3
20240401,202,5,1,2,3,-20.8
20240401,202,5,2,1,3,-18.0
20240401,202,5,2,2,3,-8.5
20240401,202,5,3,1,3,-10.7
20240401,202,5,3,2,3,-5.0
20240401,202,5,4,1,3,-5.7
20240401,202,5,4,2,3,-2.7
20240401,202,5,5,1,3,-3.3
20240401,202,5,5,2,3,-1.5
20240401,202,6,1,1,3,-29.5
20240401,202,6,1,2,3,-13.9
20240401,202,6,2,1,3,-12.0
20240401,202,6,2,2,3,-5.7
20240401,202,6,3,1,3,-7.1
20240401,202,6,3,2,3,-3.3
20240401,202,6,4,1,3,-3.8
20240401,202,6,4,2,3,-1.8
20240401,202,6,5,1,3,-2.2
20240401,202,6,5,2,3,-1.0
20240401,401,1,1,3,3,-213.9
20240401,401,1,2,3,3,-87.1
20240401,401,1,3,3,3,-51.5
20240401,401,1,4,3,3,-27.7
20240401,401,1,5,3,3,-15.8
20240401,401,2,1,3,3,-164.0
20240401,401,2,2,3,3,-66.8
20240401,401,2,3,3,3,-39.5
20240401,401,2,4,3,3,-21.3
20240401,401,2,5,3,3,-12.1
20240401,401,3,1,3,3,-128.3
20240401,401,3,2,3,3,-52.3
20240401,401,3,3,3,3,-30.9
20240401,401,3,4,3,3,-16.6
20240401,401,3,5,3,3,-9.5
20240401,401,4,1,3,3,-99.8
20240401,401,4,2,3,3,-40.7
20240401,401,4,3,3,3,-24.0
20240401,401,4,4,3,3,-12.9
20240401,401,4,5,3,3,-7.4
20240401,401,5,1,3,3,-64.2
20240401,401,5,2,3,3,-26.1
20240401,401,5,3,3,3,-15.4
20240401,401,5,4,3,3,-8.3
20240401,401,5,5,3,3,-4.8
20240401,401,6,1,3,3,-42.8
20240401,401,6,2,3,3,-17.4
20240401,401,6,3,3,3,-10.3
20240401,401,6,4,3,3,-5.5
20240401,401,6,5,3,3,-3.2
20240401,401,1,1,4,3,-75.2
20240401,401,1,2,4,3,-30.6
20240401,401,1,3,4,3,-18.1
20240401,401,1,4,4,3,-9.7
20240401,401,1,5,4,3,-5.6
20240401,401,2,1,4,3,-57.6
20240401,401,2,2,4,3,-23.5
20240401,401,2,3,4,3,-13.9
20240401,401,2,4,4,3,-7.5
20240401,401,2,5,4,3,-4.3
20240401,401,3,1,4,3,-45.1
20240401,401,3,2,4,3,-18.4
20240401,401,3,3,4,3,-10.9
20240401,401,3,4,4,3,-5.8
20240401,401,3,5,4,3,-3.3
20240401,401,4,1,4,3,-35.1
20240401,401,4,2,4,3,-14.3
20240401,401,4,3,4,3,-8.4
20240401,401,4,4,4,3,-4.5
20240401,401,4,5,4,3,-2.6
20240401,401,5,1,4,3,-22.5
20240401,401,5,2,4,3,-9.2
20240401,401,5,3,4,3,-5.4
20240401,401,5,4,4,3,-2.9
20240401,401,5,5,4,3,-1.7
20240401,401,6,1,4,3,-15.0
20240401,401,6,2,4,3,-6.1
20240401,401,6,3,4,3,-3.6
20240401,401,6,4,4,3,-1.9
20240401,401,6,5,4,3,-1.1
20240401,402,1,1,5,3,-188.0
20240401,402,1,2,5,3,-76.6
20240401,402,1,3,5,3,-45.3
20240401,402,1,4,5,3,-24.4
20240401,402,1,5,5,3,-13.9
20240401,402,2,1,5,3,-144.2
20240401,402,2,2,5,3,-58.7
20240401,402,2,3,5,3,-34.7
20240401,402,2,4,5,3,-18.7
20240401,402,2,5,5,3,-10.7
20240401,402,3,1,5,3,-112.8
20240401,402,3,2,5,3,-46.0
20240401,402,3,3,5,3,-27.2
20240401,402,3,4,5,3,-14.6
20240401,402,3,5,5,3,-8.4
20240401,402,4,1,5,3,-87.8
20240401,402,4,2,5,3,-35.8
20240401,402,4,3,5,3,-21.1
20240401,402,4,4,5,3,-11.4
20240401,402,4,5,5,3,-6.5
20240401,402,5,1,5,3,-56.4
20240401,402,5,2,5,3,-23.0
20240401,402,5,3,5,3,-13.6
20240401,402,5,4,5,3,-7.3
20240401,402,5,5,5,3,-4.2
20240401,402,6,1,5,3,-37.6
20240401,402,6,2,5,3,-15.3
20240401,402,6,3,5,3,-9.1
20240401,402,6,4,5,3,-4.9
20240401,402,6,5,5,3,-2.8
20240401,402,1,1,6,3,-73.1
20240401,402,1,2,6,3,-29.8
20240401,402,1,3,6,3,-17.6
20240401,402,1,4,6,3,-9.5
20240401,402,1,5,6,3,-5.4
20240401,402,2,1,6,3,-56.1
20240401,402,2,2,6,3,-22.8
20240401,402,2,3,6,3,-13.5
20240401,402,2,4,6,3,-7.3
20240401,402,2,5,6,3,-4.2
20240401,402,3,1,6,3,-43.9
20240401,402,3,2,6,3,-17.9
20240401,402,3,3,6,3,-10.6
20240401,402,3,4,6,3,-5.7
20240401,402,3,5,6,3,-3.3
20240401,402,4,1,6,3,-34.1
20240401,402,4,2,6,3,-13.9
20240401,402,4,3,6,3,-8.2
20240401,402,4,4,6,3,-4.4
20240401,402,4,5,6,3,-2.5
20240401,402,5,1,6,3,-21.9
20240401,402,5,2,6,3,-8.9
20240401,402,5,3,6,3,-5.3
20240401,402,5,4,6,3,-2.8
20240401,402,5,5,6,3,-1.6
20240401,402,6,1,6,3,-14.6
20240401,402,6,2,6,3,-6.0
20240401,402,6,3,6,3,-3.5
20240401,402,6,4,6,3,-1.9
20240401,402,6,5,6,3,-1.1
20240401,403,1,1,7,3,-66.4
20240401,403,1,2,7,3,-27.0
20240401,403,1,3,7,3,-16.0
20240401,403,1,4,7,3,-8.6
20240401,403,1,5,7,3,-4.9
20240401,403,2,1,7,3,-50.9
20240401,403,2,2,7,3,-20.7
20240401,403,2,3,7,3,-12.3
20240401,403,2,4,7,3,-6.6
20240401,403,2,5,7,3,-3.8
20240401,403,3,1,7,3,-39.8
20240401,403,3,2,7,3,-16.2
20240401,403,3,3,7,3,-9.6
20240401,403,3,4,7,3,-5.2
20240401,403,3,5,7,3,-3.0
20240401,403,4,1,7,3,-31.0
20240401,403,4,2,7,3,-12.6
20240401,403,4,3,7,3,-7.5
20240401,403,4,4,7,3,-4.0
20240401,403,4,5,7,3,-2.3
20240401,403,5,1,7,3,-19.9
20240401,403,5,2,7,3,-8.1
20240401,403,5,3,7,3,-4.8
20240401,403,5,4,7,3,-2.6
20240401,403,5,5,7,3,-1.5
20240401,403,6,1,7,3,-13.3
20240401,403,6,2,7,3,-5.4
20240401,403,6,3,7,3,-3.2
20240401,403,6,4,7,3,-1.7
20240401,403,6,5,7,3,-1.0
20240401,403,1,1,8,3,-48.1
20240401,403,1,2,8,3,-19.6
20240401,403,1,3,8,3,-11.6
20240401,403,1,4,8,3,-6.2
20240401,403,1,5,8,3,-3.6
20240401,403,2,1,8,3,-36.9
20240401,403,2,2,8,3,-15.0
20240401,403,2,3,8,3,-8.9
20240401,403,2,4,8,3,-4.8
20240401,403,2,5,8,3,-2.7
20240401,403,3,1,8,3,-28.8
20240401,403,3,2,8,3,-11.7
20240401,403,3,3,8,3,-6.9
20240401,403,3,4,8,3,-3.7
20240401,403,3,5,8,3,-2.1
20240401,403,4,1,8,3,-22.4
20240401,403,4,2,8,3,-9.1
20240401,403,4,3,8,3,-5.4
20240401,403,4,4,8,3,-2.9
20240401,403,4,5,8,3,-1.7
20240401,403,5,1,8,3,-14.4
20240401,403,5,2,8,3,-5.9
20240401,403,5,3,8,3,-3.5
20240401,403,5,4,8,3,-1.9
20240401,403,5,5,8,3,-1.1
20240401,403,6,1,8,3,-9.6
20240401,403,6,2,8,3,-3.9
20240401,403,6,3,8,3,-2.3
20240401,403,6,4,8,3,-1.2
20240401,403,6,5,8,3,-0.7
20240401,404,1,1,7,3,-19.1
20240401,404,1,2,7,3,-7.8
20240401,404,1,3,7,3,-4.6
20240401,404,1,4,7,3,-2.5
20240401,404,1,5,7,3,-1.4
20240401,404,2,1,7,3,-14.6
20240401,404,2,2,7,3,-6.0
20240401,404,2,3,7,3,-3.5
20240401,404,2,4,7,3,-1.9
20240401,404,2,5,7,3,-1.1
20240401,404,3,1,7,3,-11.4
20240401,404,3,2,7,3,-4.7
20240401,404,3,3,7,3,-2.8
20240401,404,3,4,7,3,-1.5
20240401,404,3,5,7,3,-0.8
20240401,404,4,1,7,3,-8.9
20240401,404,4,2,7,3,-3.6
20240401,404,4,3,7,3,-2.1
20240401,404,4,4,7,3,-1.2
20240401,404,4,5,7,3,-0.7
20240401,404,5,1,7,3,-5.7
20240401,404,5,2,7,3,-2.3
20240401,404,5,3,7,3,-1.4
20240401,404,5,4,7,3,-0.7
20240401,404,5,5,7,3,-0.4
20240401,404,6,1,7,3,-3.8
20240401,404,6,2,7,3,-1.6
20240401,404,6,3,7,3,-0.9
20240401,404,6,4,7,3,-0.5
20240401,404,6,5,7,3,-0.3
20240401,404,1,1,8,3,-19.1
20240401,404,1,2,8,3,-7.8
20240401,404,1,3,8,3,-4.6
20240401,404,1,4,8,3,-2.5
20240401,404,1,5,8,3,-1.4
20240401,404,2,1,8,3,-14.6
20240401,404,2,2,8,3,-6.0
20240401,404,2,3,8,3,-3.5
20240401,404,2,4,8,3,-1.9
20240401,404,2,5,8,3,-1.1
20240401,404,3,1,8,3,-11.4
20240401,404,3,2,8,3,-4.7
20240401,404,3,3,8,3,-2.8
20240401,404,3,4,8,3,-1.5
20240401,404,3,5,8,3,-0.8
20240401,404,4,1,8,3,-8.9
20240401,404,4,2,8,3,-3.6
20240401,404,4,3,8,3,-2.1
20240401,404,4,4,8,3,-1.2
20240401,404,4,5,8,3,-0.7
20240401,404,5,1,8,3,-5.7
20240401,404,5,2,8,3,-2.3
20240401,404,5,3,8,3,-1.4
20240401,404,5,4,8,3,-0.7
20240401,404,5,5,8,3,-0.4
20240401,404,6,1,8,3,-3.8
20240401,404,6,2,8,3,-1.6
20240401,404,6,3,8,3,-0.9
20240401,404,6,4,8,3,-0.5
20240401,404,6,5,8,3,-0.3
20240401,301,1,1,7,3,5865.4
20240401,501,1,1,7,3,1762.6
20240401,502,1,1,7,3,1527.1
20240401,503,1,1,7,3,-81.5
20240401,504,1,1,7,3,1142.0
20240401,601,1,1,7,3,1681.1
20240401,602,1,1,7,3,-371.3
20240401,603,1,1,7,3,67109.8
20240501,101,1,1,5,3,674.0
20240501,101,1,2,5,3,281.9
20240501,101,1,3,5,3,164.7
20240501,101,1,4,5,3,90.0
20240501,101,1,5,5,3,50.6
20240501,101,2,1,5,3,520.6
20240501,101,2,2,5,3,211.0
20240501,101,2,3,5,3,128.8
20240501,101,2,4,5,3,67.2
20240501,101,2,5,5,3,38.7
20240501,101,3,1,5,3,418.9
20240501,101,3,2,5,3,166.0
20240501,101,3,3,5,3,100.5
20240501,101,3,4,5,3,53.9
20240501,101,3,5,5,3,30.4
20240501,101,4,1,5,3,320.5
20240501,101,4,2,5,3,129.0
20240501,101,4,3,5,3,78.1
20240501,101,4,4,5,3,41.0
20240501,101,4,5,5,3,23.4
20240501,101,5,1,5,3,209.2
20240501,101,5,2,5,3,83.4
20240501,101,5,3,5,3,49.2
20240501,101,5,4,5,3,27.0
20240501,101,5,5,5,3,15.3
20240501,101,6,1,5,3,138.7
20240501,101,6,2,5,3,56.0
20240501,101,6,3,5,3,33.3
20240501,101,6,4,5,3,17.8
20240501,101,6,5,5,3,10.2
20240501,102,1,1,5,3,180.0
20240501,102,1,2,5,3,72.4
20240501,102,1,3,5,3,43.8
20240501,102,1,4,5,3,23.4
20240501,102,1,5,5,3,13.2
20240501,102,2,1,5,3,139.3
20240501,102,2,2,5,3,55.7
20240501,102,2,3,5,3,32.8
20240501,102,2,4,5,3,17.6
20240501,102,2,5,5,3,10.1
20240501,102,3,1,5,3,105.9
20240501,102,3,2,5,3,44.5
20240501,102,3,3,5,3,25.6
20240501,102,3,4,5,3,13.8
20240501,102,3,5,5,3,8.0
20240501,102,4,1,5,3,84.6
20240501,102,4,2,5,3,33.6
20240501,102,4,3,5,3,19.8
20240501,102,4,4,5,3,11.0
20240501,102,4,5,5,3,6.2
20240501,102,5,1,5,3,54.2
20240501,102,5,2,5,3,21.6
20240501,102,5,3,5,3,12.7
20240501,102,5,4,5,3,7.0
20240501,102,5,5,5,3,4.0
20240501,102,6,1,5,3,35.9
20240501,102,6,2,5,3,14.4
20240501,102,6,3,5,3,8.6
20240501,102,6,4,5,3,4.7
20240501,102,6,5,5,3,2.7
20240501,103,1,1,5,3,619.6
20240501,103,1,2,5,3,256.7
20240501,103,1,3,5,3,149.8
20240501,103,1,4,5,3,82.3
20240501,103,1,5,5,3,47.1
20240501,103,2,1,5,3,477.3
20240501,103,2,2,5,3,194.9
20240501,103,2,3,5,3,115.4
20240501,103,2,4,5,3,61.5
20240501,103,2,5,5,3,34.9
20240501,103,3,1,5,3,379.8
20240501,103,3,2,5,3,155.5
20240501,103,3,3,5,3,90.3
20240501,103,3,4,5,3,48.4
20240501,103,3,5,5,3,28.2
20240501,103,4,1,5,3,288.5
20240501,103,4,2,5,3,118.4
20240501,103,4,3,5,3,71.2
20240501,103,4,4,5,3,38.1
20240501,103,4,5,5,3,21.4
20240501,103,5,1,5,3,188.7
20240501,103,5,2,5,3,77.3
20240501,103,5,3,5,3,45.2
20240501,103,5,4,5,3,24.0
20240501,103,5,5,5,3,13.7
20240501,103,6,1,5,3,125.1
20240501,103,6,2,5,3,51.0
20240501,103,6,3,5,3,29.8
20240501,103,6,4,5,3,16.5
20240501,103,6,5,5,3,9.4
20240501,201,1,1,1,3,-204.5
20240501,201,1,1,2,3,-96.2
20240501,201,1,2,1,3,-83.3
20240501,201,1,2,2,3,-39.2
20240501,201,1,3,1,3,-49.2
20240501,201,1,3,2,3,-23.2
20240501,201,1,4,1,3,-26.5
20240501,201,1,4,2,3,-12.5
20240501,201,1,5,1,3,-15.1
20240501,201,1,5,2,3,-7.1
20240501,201,2,1,1,3,-156.8
20240501,201,2,1,2,3,-73.8
20240501,201,2,2,1,3,-63.9
20240501,201,2,2,2,3,-30.1
20240501,201,2,3,1,3,-37.7
20240501,201,2,3,2,3,-17.8
20240501,201,2,4,1,3,-20.3
20240501,201,2,4,2,3,-9.6
20240501,201,2,5,1,3,-11.6
20240501,201,2,5,2,3,-5.5
20240501,201,3,1,1,3,-122.7
20240501,201,3,1,2,3,-57.7
20240501,201,3,2,1,3,-50.0
20240501,201,3,2,2,3,-23.5
20240501,201,3,3,1,3,-29.5
20240501,201,3,3,2,3,-13.9
20240501,201,3,4,1,3,-15.9
20240501,201,3,4,2,3,-7.5
20240501,201,3,5,1,3,-9.1
20240501,201,3,5,2,3,-4.3
20240501,201,4,1,1,3,-95.4
20240501,201,4,1,2,3,-44.9
20240501,201,4,2,1,3,-38.9
20240501,201,4,2,2,3,-18.3
20240501,201,4,3,1,3,-23.0
20240501,201,4,3,2,3,-10.8
20240501,201,4,4,1,3,-12.4
20240501,201,4,4,2,3,-5.8
20240501,201,4,5,1,3,-7.1
20240501,201,4,5,2,3,-3.3
20240501,201,5,1,1,3,-61.3
20240501,201,5,1,2,3,-28.9
20240501,201,5,2,1,3,-25.0
20240501,201,5,2,2,3,-11.8
20240501,201,5,3,1,3,-14.8
20240501,201,5,3,2,3,-6.9
20240501,201,5,4,1,3,-8.0
20240501,201,5,4,2,3,-3.7
20240501,201,5,5,1,3,-4.5
20240501,201,5,5,2,3,-2.1
20240501,201,6,1,1,3,-40.9
20240501,201,6,1,2,3,-19.2
20240501,201,6,2,1,3,-16.7
20240501,201,6,2,2,3,-7.8
20240501,201,6,3,1,3,-9.8
20240501,201,6,3,2,3,-4.6
20240501,201,6,4,1,3,-5.3
20240501,201,6,4,2,3,-2.5
20240501,201,6,5,1,3,-3.0
20240501,201,6,5,2,3,-1.4
20240501,202,1,1,1,3,-148.1
20240501,202,1,1,2,3,-69.7
20240501,202,1,2,1,3,-60.3
20240501,202,1,2,2,3,-28.4
20240501,202,1,3,1,3,-35.6
20240501,202,1,3,2,3,-16.8
20240501,202,1,4,1,3,-19.2
20240501,202,1,4,2,3,-9.0
20240501,202,1,5,1,3,-11.0
20240501,202,1,5,2,3,-5.2
20240501,202,2,1,1,3,-113.5
20240501,202,2,1,2,3,-53.4
20240501,202,2,2,1,3,-46.2
20240501,202,2,2,2,3,-21.8
20240501,202,2,3,1,3,-27.3
20240501,202,2,3,2,3,-12.9
20240501,202,2,4,1,3,-14.7
20240501,202,2,4,2,3,-6.9
20240501,202,2,5,1,3,-8.4
20240501,202,2,5,2,3,-4.0
20240501,202,3,1,1,3,-88.8
20240501,202,3,1,2,3,-41.8
20240501,202,3,2,1,3,-36.2
20240501,202,3,2,2,3,-17.0
20240501,202,3,3,1,3,-21.4
20240501,202,3,3,2,3,-10.1
20240501,202,3,4,1,3,-11.5
20240501,202,3,4,2,3,-5.4
20240501,202,3,5,1,3,-6.6
20240501,202,3,5,2,3,-3.1
20240501,202,4,1,1,3,-69.1
20240501,202,4,1,2,3,-32.5
20240501,202,4,2,1,3,-28.2
20240501,202,4,2,2,3,-13.2
20240501,202,4,3,1,3,-16.6
20240501,202,4,3,2,3,-7.8
20240501,202,4,4,1,3,-9.0
20240501,202,4,4,2,3,-4.2
20240501,202,4,5,1,3,-5.1
20240501,202,4,5,2,3,-2.4
20240501,202,5,1,1,3,-44.4
20240501,202,5,1,2,3,-20.9
20240501,202,5,2,1,3,-18.1
20240501,202,5,2,2,3,-8.5
20240501,202,5,3,1,3,-10.7
20240501,202,5,3,2,3,-5.0
20240501,202,5,4,1,3,-5.8
20240501,202,5,4,2,3,-2.7
20240501,202,5,5,1,3,-3.3
20240501,202,5,5,2,3,-1.5
20240501,202,6,1,1,3,-29.6
20240501,202,6,1,2,3,-13.9
20240501,202,6,2,1,3,-12.1
20240501,202,6,2,2,3,-5.7
20240501,202,6,3,1,3,-7.1
20240501,202,6,3,2,3,-3.4
20240501,202,6,4,1,3,-3.8
20240501,202,6,4,2,3,-1.8
20240501,202,6,5,1,3,-2.2
20240501,202,6,5,2,3,-1.0
20240501,401,1,1,3,3,-217.2
20240501,401,1,2,3,3,-88.5
20240501,401,1,3,3,3,-52.3
20240501,401,1,4,3,3,-28.2
20240501,401,1,5,3,3,-16.1
20240501,401,2,1,3,3,-166.5
20240501,401,2,2,3,3,-67.8
20240501,401,2,3,3,3,-40.1
20240501,401,2,4,3,3,-21.6
20240501,401,2,5,3,3,-12.3
20240501,401,3,1,3,3,-130.3
20240501,401,3,2,3,3,-53.1
20240501,401,3,3,3,3,-31.4
20240501,401,3,4,3,3,-16.9
20240501,401,3,5,3,3,-9.7
20240501,401,4,1,3,3,-101.4
20240501,401,4,2,3,3,-41.3
20240501,401,4,3,3,3,-24.4
20240501,401,4,4,3,3,-13.1
20240501,401,4,5,3,3,-7.5
20240501,401,5,1,3,3,-65.2
20240501,401,5,2,3,3,-26.5
20240501,401,5,3,3,3,-15.7
20240501,401,5,4,3,3,-8.4
20240501,401,5,5,3,3,-4.8
20240501,401,6,1,3,3,-43.4
20240501,401,6,2,3,3,-17.7
20240501,401,6,3,3,3,-10.5
20240501,401,6,4,3,3,-5.6
20240501,401,6,5,3,3,-3.2
20240501,401,1,1,4,3,-76.3
20240501,401,1,2,4,3,-31.1
20240501,401,1,3,4,3,-18.4
20240501,401,1,4,4,3,-9.9
20240501,401,1,5,4,3,-5.7
20240501,401,2,1,4,3,-58.5
20240501,401,2,2,4,3,-23.8
20240501,401,2,3,4,3,-14.1
20240501,401,2,4,4,3,-7.6
20240501,401,2,5,4,3,-4.3
20240501,401,3,1,4,3,-45.8
20240501,401,3,2,4,3,-18.7
20240501,401,3,3,4,3,-11.0
20240501,401,3,4,4,3,-5.9
20240501,401,3,5,4,3,-3.4
20240501,401,4,1,4,3,-35.6
20240501,401,4,2,4,3,-14.5
20240501,401,4,3,4,3,-8.6
20240501,401,4,4,4,3,-4.6
20240501,401,4,5,4,3,-2.6
20240501,401,5,1,4,3,-22.9
20240501,401,5,2,4,3,-9.3
20240501,401,5,3,4,3,-5.5
20240501,401,5,4,4,3,-3.0
20240501,401,5,5,4,3,-1.7
20240501,401,6,1,4,3,-15.3
20240501,401,6,2,4,3,-6.2
20240501,401,6,3,4,3,-3.7
20240501,401,6,4,4,3,-2.0
20240501,401,6,5,4,3,-1.1
20240501,402,1,1,5,3,-190.9
20240501,402,1,2,5,3,-77.8
20240501,402,1,3,5,3,-46.0
20240501,402,1,4,5,3,-24.8
20240501,402,1,5,5,3,-14.1
20240501,402,2,1,5,3,-146.4
20240501,402,2,2,5,3,-59.6
20240501,402,2,3,5,3,-35.2
20240501,402,2,4,5,3,-19.0
20240501,402,2,5,5,3,-10.8
20240501,402,3,1,5,3,-114.6
20240501,402,3,2,5,3,-46.7
20240501,402,3,3,5,3,-27.6
20240501,402,3,4,5,3,-14.9
20240501,402,3,5,5,3,-8.5
20240501,402,4,1,5,3,-89.1
20240501,402,4,2,5,3,-36.3
20240501,402,4,3,5,3,-21.5
20240501,402,4,4,5,3,-11.6
20240501,402,4,5,5,3,-6.6
20240501,402,5,1,5,3,-57.3
20240501,402,5,2,5,3,-23.3
20240501,402,5,3,5,3,-13.8
20240501,402,5,4,5,3,-7.4
20240501,402,5,5,5,3,-4.2
20240501,402,6,1,5,3,-38.2
20240501,402,6,2,5,3,-15.6
20240501,402,6,3,5,3,-9.2
20240501,402,6,4,5,3,-5.0
20240501,402,6,5,5,3,-2.8
20240501,402,1,1,6,3,-74.3
20240501,402,1,2,6,3,-30.3
20240501,402,1,3,6,3,-17.9
20240501,402,1,4,6,3,-9.6
20240501,402,1,5,6,3,-5.5
20240501,402,2,1,6,3,-56.9
20240501,402,2,2,6,3,-23.2
20240501,402,2,3,6,3,-13.7
20240501,402,2,4,6,3,-7.4
20240501,402,2,5,6,3,-4.2
20240501,402,3,1,6,3,-44.6
20240501,402,3,2,6,3,-18.2
20240501,402,3,3,6,3,-10.7
20240501,402,3,4,6,3,-5.8
20240501,402,3,5,6,3,-3.3
20240501,402,4,1,6,3,-34.7
20240501,402,4,2,6,3,-14.1
20240501,402,4,3,6,3,-8.3
20240501,402,4,4,6,3,-4.5
20240501,402,4,5,6,3,-2.6
20240501,402,5,1,6,3,-22.3
20240501,402,5,2,6,3,-9.1
20240501,402,5,3,6,3,-5.4
20240501,402,5,4,6,3,-2.9
20240501,402,5,5,6,3,-1.7
20240501,402,6,1,6,3,-14.9
20240501,402,6,2,6,3,-6.1
20240501,402,6,3,6,3,-3.6
20240501,402,6,4,6,3,-1.9
20240501,402,6,5,6,3,-1.1
20240501,403,1,1,7,3,-67.4
20240501,403,1,2,7,3,-27.5
20240501,403,1,3,7,3,-16.2
20240501,403,1,4,7,3,-8.7
20240501,403,1,5,7,3,-5.0
20240501,403,2,1,7,3,-51.7
20240501,403,2,2,7,3,-21.1
20240501,403,2,3,7,3,-12.4
20240501,403,2,4,7,3,-6.7
20240501,403,2,5,7,3,-3.8
20240501,403,3,1,7,3,-40.4
20240501,403,3,2,7,3,-16.5
20240501,403,3,3,7,3,-9.7
20240501,403,3,4,7,3,-5.2
20240501,403,3,5,7,3,-3.0
20240501,403,4,1,7,3,-31.5
20240501,403,4,2,7,3,-12.8
20240501,403,4,3,7,3,-7.6
20240501,403,4,4,7,3,-4.1
20240501,403,4,5,7,3,-2.3
20240501,403,5,1,7,3,-20.2
20240501,403,5,2,7,3,-8.2
20240501,403,5,3,7,3,-4.9
20240501,403,5,4,7,3,-2.6
20240501,403,5,5,7,3,-1.5
20240501,403,6,1,7,3,-13.5
20240501,403,6,2,7,3,-5.5
20240501,403,6,3,7,3,-3.2
20240501,403,6,4,7,3,-1.7
20240501,403,6,5,7,3,-1.0
20240501,403,1,1,8,3,-48.8
20240501,403,1,2,8,3,-19.9
20240501,403,1,3,8,3,-11.7
20240501,403,1,4,8,3,-6.3
20240501,403,1,5,8,3,-3.6
20240501,403,2,1,8,3,-37.4
20240501,403,2,2,8,3,-15.2
20240501,403,2,3,8,3,-9.0
20240501,403,2,4,8,3,-4.9
20240501,403,2,5,8,3,-2.8
20240501,403,3,1,8,3,-29.3
20240501,403,3,2,8,3,-11.9
20240501,403,3,3,8,3,-7.0
20240501,403,3,4,8,3,-3.8
20240501,403,3,5,8,3,-2.2
20240501,403,4,1,8,3,-22.8
20240501,403,4,2,8,3,-9.3
20240501,403,4,3,8,3,-5.5
20240501,403,4,4,8,3,-3.0
20240501,403,4,5,8,3,-1.7
20240501,403,5,1,8,3,-14.6
20240501,403,5,2,8,3,-6.0
20240501,403,5,3,8,3,-3.5
20240501,403,5,4,8,3,-1.9
20240501,403,5,5,8,3,-1.1
20240501,403,6,1,8,3,-9.8
20240501,403,6,2,8,3,-4.0
20240501,403,6,3,8,3,-2.3
20240501,403,6,4,8,3,-1.3
20240501,403,6,5,8,3,-0.7
20240501,404,1,1,7,3,-19.4
20240501,404,1,2,7,3,-7.9
20240501,404,1,3,7,3,-4.7
20240501,404,1,4,7,3,-2.5
20240501,404,1,5,7,3,-1.4
20240501,404,2,1,7,3,-14.8
20240501,404,2,2,7,3,-6.0
20240501,404,2,3,7,3,-3.6
20240501,404,2,4,7,3,-1.9
20240501,404,2,5,7,3,-1.1
20240501,404,3,1,7,3,-11.6
20240501,404,3,2,7,3,-4.7
20240501,404,3,3,7,3,-2.8
20240501,404,3,4,7,3,-1.5
20240501,404,3,5,7,3,-0.9
20240501,404,4,1,7,3,-9.0
20240501,404,4,2,7,3,-3.7
20240501,404,4,3,7,3,-2.2
20240501,404,4,4,7,3,-1.2
20240501,404,4,5,7,3,-0.7
20240501,404,5,1,7,3,-5.8
20240501,404,5,2,7,3,-2.4
20240501,404,5,3,7,3,-1.4
20240501,404,5,4,7,3,-0.8
20240501,404,5,5,7,3,-0.4
20240501,404,6,1,7,3,-3.9
20240501,404,6,2,7,3,-1.6
20240501,404,6,3,7,3,-0.9
20240501,404,6,4,7,3,-0.5
20240501,404,6,5,7,3,-0.3
20240501,404,1,1,8,3,-19.4
20240501,404,1,2,8,3,-7.9
20240501,404,1,3,8,3,-4.7
20240501,404,1,4,8,3,-2.5
20240501,404,1,5,8,3,-1.4
20240501,404,2,1,8,3,-14.8
20240501,404,2,2,8,3,-6.0
20240501,404,2,3,8,3,-3.6
20240501,404,2,4,8,3,-1.9
20240501,404,2,5,8,3,-1.1
20240501,404,3,1,8,3,-11.6
20240501,404,3,2,8,3,-4.7
20240501,404,3,3,8,3,-2.8
20240501,404,3,4,8,3,-1.5
20240501,404,3,5,8,3,-0.9
20240501,404,4,1,8,3,-9.0
20240501,404,4,2,8,3,-3.7
20240501,404,4,3,8,3,-2.2
20240501,404,4,4,8,3,-1.2
20240501,404,4,5,8,3,-0.7
20240501,404,5,1,8,3,-5.8
20240501,404,5,2,8,3,-2.4
20240501,404,5,3,8,3,-1.4
20240501,404,5,4,8,3,-0.8
20240501,404,5,5,8,3,-0.4
20240501,404,6,1,8,3,-3.9
20240501,404,6,2,8,3,-1.6
20240501,404,6,3,8,3,-0.9
20240501,404,6,4,8,3,-0.5
20240501,404,6,5,8,3,-0.3
20240501,301,1,1,7,3,5996.1
20240501,501,1,1,7,3,1830.1
20240501,502,1,1,7,3,1591.0
20240501,503,1,1,7,3,-82.8
20240501,504,1,1,7,3,1191.5
20240501,601,1,1,7,3,1747.3
20240501,602,1,1,7,3,-377.1
20240501,603,1,1,7,3,68120.2
20240601,101,1,1,5,3,720.6
20240601,101,1,2,5,3,288.1
20240601,101,1,3,5,3,170.8
20240601,101,1,4,5,3,92.7
20240601,101,1,5,5,3,52.4
20240601,101,2,1,5,3,540.9
20240601,101,2,2,5,3,221.9
20240601,101,2,3,5,3,131.3
20240601,101,2,4,5,3,70.6
20240601,101,2,5,5,3,40.4
20240601,101,3,1,5,3,428.5
20240601,101,3,2,5,3,172.1
20240601,101,3,3,5,3,102.0
20240601,101,3,4,5,3,55.2
20240601,101,3,5,5,3,31.6
20240601,101,4,1,5,3,333.9
20240601,101,4,2,5,3,133.9
20240601,101,4,3,5,3,81.6
20240601,101,4,4,5,3,42.8
20240601,101,4,5,5,3,24.9
20240601,101,5,1,5,3,216.7
20240601,101,5,2,5,3,88.9
20240601,101,5,3,5,3,52.2
20240601,101,5,4,5,3,27.6
20240601,101,5,5,5,3,15.7
20240601,101,6,1,5,3,142.1
20240601,101,6,2,5,3,57.4
20240601,101,6,3,5,3,33.9
20240601,101,6,4,5,3,18.8
20240601,101,6,5,5,3,10.7
20240601,102,1,1,5,3,190.1
20240601,102,1,2,5,3,74.9
20240601,102,1,3,5,3,44.8
20240601,102,1,4,5,3,24.0
20240601,102,1,5,5,3,13.9
20240601,102,2,1,5,3,142.9
20240601,102,2,2,5,3,59.0
20240601,102,2,3,5,3,34.6
20240601,102,2,4,5,3,18.9
20240601,102,2,5,5,3,10.6
20240601,102,3,1,5,3,113.5
20240601,102,3,2,5,3,46.4
20240601,102,3,3,5,3,27.5
20240601,102,3,4,5,3,14.6
20240601,102,3,5,5,3,8.3
20240601,102,4,1,5,3,87.3
20240601,102,4,2,5,3,35.0
20240601,102,4,3,5,3,21.0
20240601,102,4,4,5,3,11.3
20240601,102,4,5,5,3,6.4
20240601,102,5,1,5,3,57.0
20240601,102,5,2,5,3,23.1
20240601,102,5,3,5,3,13.5
20240601,102,5,4,5,3,7.3
20240601,102,5,5,5,3,4.2
20240601,102,6,1,5,3,37.1
20240601,102,6,2,5,3,15.2
20240601,102,6,3,5,3,8.9
20240601,102,6,4,5,3,4.8
20240601,102,6,5,5,3,2.8
20240601,103,1,1,5,3,652.4
20240601,103,1,2,5,3,267.6
20240601,103,1,3,5,3,158.8
20240601,103,1,4,5,3,84.1
20240601,103,1,5,5,3,47.9
20240601,103,2,1,5,3,497.3
20240601,103,2,2,5,3,206.4
20240601,103,2,3,5,3,120.8
20240601,103,2,4,5,3,65.5
20240601,103,2,5,5,3,37.2
20240601,103,3,1,5,3,392.8
20240601,103,3,2,5,3,159.1
20240601,103,3,3,5,3,96.1
20240601,103,3,4,5,3,50.0
20240601,103,3,5,5,3,29.1
20240601,103,4,1,5,3,300.7
20240601,103,4,2,5,3,122.8
20240601,103,4,3,5,3,73.0
20240601,103,4,4,5,3,39.3
20240601,103,4,5,5,3,22.3
20240601,103,5,1,5,3,192.9
20240601,103,5,2,5,3,78.9
20240601,103,5,3,5,3,46.5
20240601,103,5,4,5,3,25.0
20240601,103,5,5,5,3,14.6
20240601,103,6,1,5,3,132.6
20240601,103,6,2,5,3,53.2
20240601,103,6,3,5,3,31.4
20240601,103,6,4,5,3,17.2
20240601,103,6,5,5,3,9.6
20240601,201,1,1,1,3,-209.4
20240601,201,1,1,2,3,-98.6
20240601,201,1,2,1,3,-85.3
20240601,201,1,2,2,3,-40.2
20240601,201,1,3,1,3,-50.4
20240601,201,1,3,2,3,-23.7
20240601,201,1,4,1,3,-27.1
20240601,201,1,4,2,3,-12.8
20240601,201,1,5,1,3,-15.5
20240601,201,1,5,2,3,-7.3
20240601,201,2,1,1,3,-160.6
20240601,201,2,1,2,3,-75.6
20240601,201,2,2,1,3,-65.4
20240601,201,2,2,2,3,-30.8
20240601,201,2,3,1,3,-38.7
20240601,201,2,3,2,3,-18.2
20240601,201,2,4,1,3,-20.8
20240601,201,2,4,2,3,-9.8
20240601,201,2,5,1,3,-11.9
20240601,201,2,5,2,3,-5.6
20240601,201,3,1,1,3,-125.7
20240601,201,3,1,2,3,-59.1
20240601,201,3,2,1,3,-51.2
20240601,201,3,2,2,3,-24.1
20240601,201,3,3,1,3,-30.3
20240601,201,3,3,2,3,-14.2
20240601,201,3,4,1,3,-16.3
20240601,201,3,4,2,3,-7.7
20240601,201,3,5,1,3,-9.3
20240601,201,3,5,2,3,-4.4
20240601,201,4,1,1,3,-97.7
20240601,201,4,1,2,3,-46.0
20240601,201,4,2,1,3,-39.8
20240601,201,4,2,2,3,-18.7
20240601,201,4,3,1,3,-23.5
20240601,201,4,3,2,3,-11.1
20240601,201,4,4,1,3,-12.7
20240601,201,4,4,2,3,-6.0
20240601,201,4,5,1,3,-7.2
20240601,201,4,5,2,3,-3.4
20240601,201,5,1,1,3,-62.8
20240601,201,5,1,2,3,-29.6
20240601,201,5,2,1,3,-25.6
20240601,201,5,2,2,3,-12.0
20240601,201,5,3,1,3,-15.1
20240601,201,5,3,2,3,-7.1
20240601,201,5,4,1,3,-8.1
20240601,201,5,4,2,3,-3.8
20240601,201,5,5,1,3,-4.7
20240601,201,5,5,2,3,-2.2
20240601,201,6,1,1,3,-41.9
20240601,201,6,1,2,3,-19.7
20240601,201,6,2,1,3,-17.1
20240601,201,6,2,2,3,-8.0
20240601,201,6,3,1,3,-10.1
20240601,201,6,3,2,3,-4.7
20240601,201,6,4,1,3,-5.4
20240601,201,6,4,2,3,-2.6
20240601,201,6,5,1,3,-3.1
20240601,201,6,5,2,3,-1.5
20240601,202,1,1,1,3,-151.7
20240601,202,1,1,2,3,-71.4
20240601,202,1,2,1,3,-61.8
20240601,202,1,2,2,3,-29.1
20240601,202,1,3,1,3,-36.5
20240601,202,1,3,2,3,-17.2
20240601,202,1,4,1,3,-19.7
20240601,202,1,4,2,3,-9.3
20240601,202,1,5,1,3,-11.2
20240601,202,1,5,2,3,-5.3
20240601,202,2,1,1,3,-116.3
20240601,202,2,1,2,3,-54.7
20240601,202,2,2,1,3,-47.4
20240601,202,2,2,2,3,-22.3
20240601,202,2,3,1,3,-28.0
20240601,202,2,3,2,3,-13.2
20240601,202,2,4,1,3,-15.1
20240601,202,2,4,2,3,-7.1
20240601,202,2,5,1,3,-8.6
20240601,202,2,5,2,3,-4.1
20240601,202,3,1,1,3,-91.0
20240601,202,3,1,2,3,-42.8
20240601,202,3,2,1,3,-37.1
20240601,202,3,2,2,3,-17.4
20240601,202,3,3,1,3,-21.9
20240601,202,3,3,2,3,-10.3
20240601,202,3,4,1,3,-11.8
20240601,202,3,4,2,3,-5.6
20240601,202,3,5,1,3,-6.7
20240601,202,3,5,2,3,-3.2
20240601,202,4,1,1,3,-70.8
20240601,202,4,1,2,3,-33.3
20240601,202,4,2,1,3,-28.8
20240601,202,4,2,2,3,-13.6
20240601,202,4,3,1,3,-17.0
20240601,202,4,3,2,3,-8.0
20240601,202,4,4,1,3,-9.2
20240601,202,4,4,2,3,-4.3
20240601,202,4,5,1,3,-5.2
20240601,202,4,5,2,3,-2.5
20240601,202,5,1,1,3,-45.5
20240601,202,5,1,2,3,-21.4
20240601,202,5,2,1,3,-18.5
20240601,202,5,2,2,3,-8.7
20240601,202,5,3,1,3,-11.0
20240601,202,5,3,2,3,-5.2
20240601,202,5,4,1,3,-5.9
20240601,202,5,4,2,3,-2.8
20240601,202,5,5,1,3,-3.4
20240601,202,5,5,2,3,-1.6
20240601,202,6,1,1,3,-30.3
20240601,202,6,1,2,3,-14.3
20240601,202,6,2,1,3,-12.4
20240601,202,6,2,2,3,-5.8
20240601,202,6,3,1,3,-7.3
20240601,202,6,3,2,3,-3.4
20240601,202,6,4,1,3,-3.9
20240601,202,6,4,2,3,-1.9
20240601,202,6,5,1,3,-2.2
20240601,202,6,5,2,3,-1.1
20240601,401,1,1,3,3,-226.3
20240601,401,1,2,3,3,-92.2
20240601,401,1,3,3,3,-54.5
20240601,401,1,4,3,3,-29.3
20240601,401,1,5,3,3,-16.8
20240601,401,2,1,3,3,-173.5
20240601,401,2,2,3,3,-70.7
20240601,401,2,3,3,3,-41.8
20240601,401,2,4,3,3,-22.5
20240601,401,2,5,3,3,-12.9
20240601,401,3,1,3,3,-135.8
20240601,401,3,2,3,3,-55.3
20240601,401,3,3,3,3,-32.7
20240601,401,3,4,3,3,-17.6
20240601,401,3,5,3,3,-10.1
20240601,401,4,1,3,3,-105.6
20240601,401,4,2,3,3,-43.0
20240601,401,4,3,3,3,-25.4
20240601,401,4,4,3,3,-13.7
20240601,401,4,5,3,3,-7.8
20240601,401,5,1,3,3,-67.9
20240601,401,5,2,3,3,-27.7
20240601,401,5,3,3,3,-16.3
20240601,401,5,4,3,3,-8.8
20240601,401,5,5,3,3,-5.0
20240601,401,6,1,3,3,-45.3
20240601,401,6,2,3,3,-18.4
20240601,401,6,3,3,3,-10.9
20240601,401,6,4,3,3,-5.9
20240601,401,6,5,3,3,-3.4
20240601,401,1,1,4,3,-79.5
20240601,401,1,2,4,3,-32.4
20240601,401,1,3,4,3,-19.1
20240601,401,1,4,4,3,-10.3
20240601,401,1,5,4,3,-5.9
20240601,401,2,1,4,3,-61.0
20240601,401,2,2,4,3,-24.8
20240601,401,2,3,4,3,-14.7
20240601,401,2,4,4,3,-7.9
20240601,401,2,5,4,3,-4.5
20240601,401,3,1,4,3,-47.7
20240601,401,3,2,4,3,-19.4
20240601,401,3,3,4,3,-11.5
20240601,401,3,4,4,3,-6.2
20240601,401,3,5,4,3,-3.5
20240601,401,4,1,4,3,-37.1
20240601,401,4,2,4,3,-15.1
20240601,401,4,3,4,3,-8.9
20240601,401,4,4,4,3,-4.8
20240601,401,4,5,4,3,-2.7
20240601,401,5,1,4,3,-23.9
20240601,401,5,2,4,3,-9.7
20240601,401,5,3,4,3,-5.7
20240601,401,5,4,4,3,-3.1
20240601,401,5,5,4,3,-1.8
20240601,401,6,1,4,3,-15.9
20240601,401,6,2,4,3,-6.5
20240601,401,6,3,4,3,-3.8
20240601,401,6,4,4,3,-2.1
20240601,401,6,5,4,3,-1.2
20240601,402,1,1,5,3,-199.0
20240601,402,1,2,5,3,-81.1
20240601,402,1,3,5,3,-47.9
20240601,402,1,4,5,3,-25.8
20240601,402,1,5,5,3,-14.7
20240601,402,2,1,5,3,-152.6
20240601,402,2,2,5,3,-62.2
20240601,402,2,3,5,3,-36.7
20240601,402,2,4,5,3,-19.8
20240601,402,2,5,5,3,-11.3
20240601,402,3,1,5,3,-119.4
20240601,402,3,2,5,3,-48.6
20240601,402,3,3,5,3,-28.7
20240601,402,3,4,5,3,-15.5
20240601,402,3,5,5,3,-8.8
20240601,402,4,1,5,3,-92.9
20240601,402,4,2,5,3,-37.8
20240601,402,4,3,5,3,-22.4
20240601,402,4,4,5,3,-12.0
20240601,402,4,5,5,3,-6.9
20240601,402,5,1,5,3,-59.7
20240601,402,5,2,5,3,-24.3
20240601,402,5,3,5,3,-14.4
20240601,402,5,4,5,3,-7.7
20240601,402,5,5,5,3,-4.4
20240601,402,6,1,5,3,-39.8
20240601,402,6,2,5,3,-16.2
20240601,402,6,3,5,3,-9.6
20240601,402,6,4,5,3,-5.2
20240601,402,6,5,5,3,-2.9
20240601,402,1,1,6,3,-77.4
20240601,402,1,2,6,3,-31.5
20240601,402,1,3,6,3,-18.6
20240601,402,1,4,6,3,-10.0
20240601,402,1,5,6,3,-5.7
20240601,402,2,1,6,3,-59.3
20240601,402,2,2,6,3,-24.2
20240601,402,2,3,6,3,-14.3
20240601,402,2,4,6,3,-7.7
20240601,402,2,5,6,3,-4.4
20240601,402,3,1,6,3,-46.4
20240601,402,3,2,6,3,-18.9
20240601,402,3,3,6,3,-11.2
20240601,402,3,4,6,3,-6.0
20240601,402,3,5,6,3,-3.4
20240601,402,4,1,6,3,-36.1
20240601,402,4,2,6,3,-14.7
20240601,402,4,3,6,3,-8.7
20240601,402,4,4,6,3,-4.7
20240601,402,4,5,6,3,-2.7
20240601,402,5,1,6,3,-23.2
20240601,402,5,2,6,3,-9.5
20240601,402,5,3,6,3,-5.6
20240601,402,5,4,6,3,-3.0
20240601,402,5,5,6,3,-1.7
20240601,402,6,1,6,3,-15.5
20240601,402,6,2,6,3,-6.3
20240601,402,6,3,6,3,-3.7
20240601,402,6,4,6,3,-2.0
20240601,402,6,5,6,3,-1.1
20240601,403,1,1,7,3,-70.2
20240601,403,1,2,7,3,-28.6
20240601,403,1,3,7,3,-16.9
20240601,403,1,4,7,3,-9.1
20240601,403,1,5,7,3,-5.2
20240601,403,2,1,7,3,-53.9
20240601,403,2,2,7,3,-21.9
20240601,403,2,3,7,3,-13.0
20240601,403,2,4,7,3,-7.0
20240601,403,2,5,7,3,-4.0
20240601,403,3,1,7,3,-42.1
20240601,403,3,2,7,3,-17.2
20240601,403,3,3,7,3,-10.1
20240601,403,3,4,7,3,-5.5
20240601,403,3,5,7,3,-3.1
20240601,403,4,1,7,3,-32.8
20240601,403,4,2,7,3,-13.4
20240601,403,4,3,7,3,-7.9
20240601,403,4,4,7,3,-4.2
20240601,403,4,5,7,3,-2.4
20240601,403,5,1,7,3,-21.1
20240601,403,5,2,7,3,-8.6
20240601,403,5,3,7,3,-5.1
20240601,403,5,4,7,3,-2.7
20240601,403,5,5,7,3,-1.6
20240601,403,6,1,7,3,-14.0
20240601,403,6,2,7,3,-5.7
20240601,403,6,3,7,3,-3.4
20240601,403,6,4,7,3,-1.8
20240601,403,6,5,7,3,-1.0
20240601,403,1,1,8,3,-50.9
20240601,403,1,2,8,3,-20.7
20240601,403,1,3,8,3,-12.2
20240601,403,1,4,8,3,-6.6
20240601,403,1,5,8,3,-3.8
20240601,403,2,1,8,3,-39.0
20240601,403,2,2,8,3,-15.9
20240601,403,2,3,8,3,-9.4
20240601,403,2,4,8,3,-5.1
20240601,403,2,5,8,3,-2.9
20240601,403,3,1,8,3,-30.5
20240601,403,3,2,8,3,-12.4
20240601,403,3,3,8,3,-7.3
20240601,403,3,4,8,3,-4.0
20240601,403,3,5,8,3,-2.3
20240601,403,4,1,8,3,-23.7
20240601,403,4,2,8,3,-9.7
20240601,403,4,3,8,3,-5.7
20240601,403,4,4,8,3,-3.1
20240601,403,4,5,8,3,-1.8
20240601,403,5,1,8,3,-15.3
20240601,403,5,2,8,3,-6.2
20240601,403,5,3,8,3,-3.7
20240601,403,5,4,8,3,-2.0
20240601,403,5,5,8,3,-1.1
20240601,403,6,1,8,3,-10.2
20240601,403,6,2,8,3,-4.1
20240601,403,6,3,8,3,-2.4
20240601,403,6,4,8,3,-1.3
20240601,403,6,5,8,3,-0.8
20240601,404,1,1,7,3,-20.2
20240601,404,1,2,7,3,-8.2
20240601,404,1,3,7,3,-4.9
20240601,404,1,4,7,3,-2.6
20240601,404,1,5,7,3,-1.5
20240601,404,2,1,7,3,-15.5
20240601,404,2,2,7,3,-6.3
20240601,404,2,3,7,3,-3.7
20240601,404,2,4,7,3,-2.0
20240601,404,2,5,7,3,-1.1
20240601,404,3,1,7,3,-12.1
20240601,404,3,2,7,3,-4.9
20240601,404,3,3,7,3,-2.9
20240601,404,3,4,7,3,-1.6
20240601,404,3,5,7,3,-0.9
20240601,404,4,1,7,3,-9.4
20240601,404,4,2,7,3,-3.8
20240601,404,4,3,7,3,-2.3
20240601,404,4,4,7,3,-1.2
20240601,404,4,5,7,3,-0.7
20240601,404,5,1,7,3,-6.1
20240601,404,5,2,7,3,-2.5
20240601,404,5,3,7,3,-1.5
20240601,404,5,4,7,3,-0.8
20240601,404,5,5,7,3,-0.4
20240601,404,6,1,7,3,-4.0
20240601,404,6,2,7,3,-1.6
20240601,404,6,3,7,3,-1.0
20240601,404,6,4,7,3,-0.5
20240601,404,6,5,7,3,-0.3
20240601,404,1,1,8,3,-20.2
20240601,404,1,2,8,3,-8.2
20240601,404,1,3,8,3,-4.9
20240601,404,1,4,8,3,-2.6
20240601,404,1,5,8,3,-1.5
20240601,404,2,1,8,3,-15.5
20240601,404,2,2,8,3,-6.3
20240601,404,2,3,8,3,-3.7
20240601,404,2,4,8,3,-2.0
20240601,404,2,5,8,3,-1.1
20240601,404,3,1,8,3,-12.1
20240601,404,3,2,8,3,-4.9
20240601,404,3,3,8,3,-2.9
20240601,404,3,4,8,3,-1.6
20240601,404,3,5,8,3,-0.9
20240601,404,4,1,8,3,-9.4
20240601,404,4,2,8,3,-3.8
20240601,404,4,3,8,3,-2.3
20240601,404,4,4,8,3,-1.2
20240601,404,4,5,8,3,-0.7
20240601,404,5,1,8,3,-6.1
20240601,404,5,2,8,3,-2.5
20240601,404,5,3,8,3,-1.5
20240601,404,5,4,8,3,-0.8
20240601,404,5,5,8,3,-0.4
20240601,404,6,1,8,3,-4.0
20240601,404,6,2,8,3,-1.6
20240601,404,6,3,8,3,-1.0
20240601,404,6,4,8,3,-0.5
20240601,404,6,5,8,3,-0.3
20240601,301,1,1,7,3,6306.4
20240601,501,1,1,7,3,1964.8
20240601,502,1,1,7,3,1715.6
20240601,503,1,1,7,3,-86.3
20240601,504,1,1,7,3,1287.1
20240601,601,1,1,7,3,1878.5
20240601,602,1,1,7,3,-393.0
20240601,603,1,1,7,3,69185.5
20240701,101,1,1,5,3,698.3
20240701,101,1,2,5,3,286.9
20240701,101,1,3,5,3,168.0
20240701,101,1,4,5,3,91.6
20240701,101,1,5,5,3,52.1
20240701,101,2,1,5,3,531.1
20240701,101,2,2,5,3,216.6
20240701,101,2,3,5,3,130.0
20240701,101,2,4,5,3,68.6
20240701,101,2,5,5,3,39.3
20240701,101,3,1,5,3,414.9
20240701,101,3,2,5,3,172.1
20240701,101,3,3,5,3,100.5
20240701,101,3,4,5,3,54.4
20240701,101,3,5,5,3,30.8
20240701,101,4,1,5,3,322.1
20240701,101,4,2,5,3,134.3
20240701,101,4,3,5,3,76.9
20240701,101,4,4,5,3,41.6
20240701,101,4,5,5,3,24.2
20240701,101,5,1,5,3,209.7
20240701,101,5,2,5,3,85.6
20240701,101,5,3,5,3,50.9
20240701,101,5,4,5,3,27.3
20240701,101,5,5,5,3,15.6
20240701,101,6,1,5,3,141.6
20240701,101,6,2,5,3,56.9
20240701,101,6,3,5,3,33.9
20240701,101,6,4,5,3,17.9
20240701,101,6,5,5,3,10.4
20240701,102,1,1,5,3,183.5
20240701,102,1,2,5,3,74.8
20240701,102,1,3,5,3,43.5
20240701,102,1,4,5,3,23.5
20240701,102,1,5,5,3,13.3
20240701,102,2,1,5,3,137.2
20240701,102,2,2,5,3,57.5
20240701,102,2,3,5,3,33.5
20240701,102,2,4,5,3,18.1
20240701,102,2,5,5,3,10.4
20240701,102,3,1,5,3,110.2
20240701,102,3,2,5,3,45.0
20240701,102,3,3,5,3,26.6
20240701,102,3,4,5,3,14.3
20240701,102,3,5,5,3,8.2
20240701,102,4,1,5,3,83.5
20240701,102,4,2,5,3,34.9
20240701,102,4,3,5,3,20.4
20240701,102,4,4,5,3,10.8
20240701,102,4,5,5,3,6.2
20240701,102,5,1,5,3,55.2
20240701,102,5,2,5,3,21.8
20240701,102,5,3,5,3,13.0
20240701,102,5,4,5,3,6.9
20240701,102,5,5,5,3,4.0
20240701,102,6,1,5,3,36.7
20240701,102,6,2,5,3,14.7
20240701,102,6,3,5,3,8.6
20240701,102,6,4,5,3,4.7
20240701,102,6,5,5,3,2.7
20240701,103,1,1,5,3,642.0
20240701,103,1,2,5,3,263.1
20240701,103,1,3,5,3,151.6
20240701,103,1,4,5,3,82.0
20240701,103,1,5,5,3,46.6
20240701,103,2,1,5,3,481.6
20240701,103,2,2,5,3,197.9
20240701,103,2,3,5,3,117.0
20240701,103,2,4,5,3,63.8
20240701,103,2,5,5,3,36.3
20240701,103,3,1,5,3,380.1
20240701,103,3,2,5,3,152.7
20240701,103,3,3,5,3,91.6
20240701,103,3,4,5,3,49.5
20240701,103,3,5,5,3,27.8
20240701,103,4,1,5,3,299.6
20240701,103,4,2,5,3,120.8
20240701,103,4,3,5,3,71.2
20240701,103,4,4,5,3,38.1
20240701,103,4,5,5,3,21.8
20240701,103,5,1,5,3,189.0
20240701,103,5,2,5,3,77.5
20240701,103,5,3,5,3,46.2
20240701,103,5,4,5,3,25.1
20240701,103,5,5,5,3,13.9
20240701,103,6,1,5,3,127.0
20240701,103,6,2,5,3,52.4
20240701,103,6,3,5,3,30.1
20240701,103,6,4,5,3,16.6
20240701,103,6,5,5,3,9.6
20240701,201,1,1,1,3,-200.7
20240701,201,1,1,2,3,-94.5
20240701,201,1,2,1,3,-81.8
20240701,201,1,2,2,3,-38.5
20240701,201,1,3,1,3,-48.3
20240701,201,1,3,2,3,-22.7
20240701,201,1,4,1,3,-26.0
20240701,201,1,4,2,3,-12.2
20240701,201,1,5,1,3,-14.9
20240701,201,1,5,2,3,-7.0
20240701,201,2,1,1,3,-153.9
20240701,201,2,1,2,3,-72.4
20240701,201,2,2,1,3,-62.7
20240701,201,2,2,2,3,-29.5
20240701,201,2,3,1,3,-37.0
20240701,201,2,3,2,3,-17.4
20240701,201,2,4,1,3,-19.9
20240701,201,2,4,2,3,-9.4
20240701,201,2,5,1,3,-11.4
20240701,201,2,5,2,3,-5.4
20240701,201,3,1,1,3,-120.4
20240701,201,3,1,2,3,-56.7
20240701,201,3,2,1,3,-49.1
20240701,201,3,2,2,3,-23.1
20240701,201,3,3,1,3,-29.0
20240701,201,3,3,2,3,-13.6
20240701,201,3,4,1,3,-15.6
20240701,201,3,4,2,3,-7.3
20240701,201,3,5,1,3,-8.9
20240701,201,3,5,2,3,-4.2
20240701,201,4,1,1,3,-93.7
20240701,201,4,1,2,3,-44.1
20240701,201,4,2,1,3,-38.2
20240701,201,4,2,2,3,-18.0
20240701,201,4,3,1,3,-22.6
20240701,201,4,3,2,3,-10.6
20240701,201,4,4,1,3,-12.1
20240701,201,4,4,2,3,-5.7
20240701,201,4,5,1,3,-6.9
20240701,201,4,5,2,3,-3.3
20240701,201,5,1,1,3,-60.2
20240701,201,5,1,2,3,-28.3
20240701,201,5,2,1,3,-24.5
20240701,201,5,2,2,3,-11.5
20240701,201,5,3,1,3,-14.5
20240701,201,5,3,2,3,-6.8
20240701,201,5,4,1,3,-7.8
20240701,201,5,4,2,3,-3.7
20240701,201,5,5,1,3,-4.5
20240701,201,5,5,2,3,-2.1
20240701,201,6,1,1,3,-40.1
20240701,201,6,1,2,3,-18.9
20240701,201,6,2,1,3,-16.4
20240701,201,6,2,2,3,-7.7
20240701,201,6,3,1,3,-9.7
20240701,201,6,3,2,3,-4.5
20240701,201,6,4,1,3,-5.2
20240701,201,6,4,2,3,-2.4
20240701,201,6,5,1,3,-3.0
20240701,201,6,5,2,3,-1.4
20240701,202,1,1,1,3,-145.4
20240701,202,1,1,2,3,-68.4
20240701,202,1,2,1,3,-59.2
20240701,202,1,2,2,3,-27.9
20240701,202,1,3,1,3,-35.0
20240701,202,1,3,2,3,-16.5
20240701,202,1,4,1,3,-18.8
20240701,202,1,4,2,3,-8.9
20240701,202,1,5,1,3,-10.8
20240701,202,1,5,2,3,-5.1
20240701,202,2,1,1,3,-111.4
20240701,202,2,1,2,3,-52.4
20240701,202,2,2,1,3,-45.4
20240701,202,2,2,2,3,-21.4
20240701,202,2,3,1,3,-26.8
20240701,202,2,3,2,3,-12.6
20240701,202,2,4,1,3,-14.4
20240701,202,2,4,2,3,-6.8
20240701,202,2,5,1,3,-8.3
20240701,202,2,5,2,3,-3.9
20240701,202,3,1,1,3,-87.2
20240701,202,3,1,2,3,-41.0
20240701,202,3,2,1,3,-35.5
20240701,202,3,2,2,3,-16.7
20240701,202,3,3,1,3,-21.0
20240701,202,3,3,2,3,-9.9
20240701,202,3,4,1,3,-11.3
20240701,202,3,4,2,3,-5.3
20240701,202,3,5,1,3,-6.5
20240701,202,3,5,2,3,-3.0
20240701,202,4,1,1,3,-67.8
20240701,202,4,1,2,3,-31.9
20240701,202,4,2,1,3,-27.6
20240701,202,4,2,2,3,-13.0
20240701,202,4,3,1,3,-16.3
20240701,202,4,3,2,3,-7.7
20240701,202,4,4,1,3,-8.8
20240701,202,4,4,2,3,-4.1
20240701,202,4,5,1,3,-5.0
20240701,202,4,5,2,3,-2.4
20240701,202,5,1,1,3,-43.6
20240701,202,5,1,2,3,-20.5
20240701,202,5,2,1,3,-17.8
20240701,202,5,2,2,3,-8.4
20240701,202,5,3,1,3,-10.5
20240701,202,5,3,2,3,-4.9
20240701,202,5,4,1,3,-5.7
20240701,202,5,4,2,3,-2.7
20240701,202,5,5,1,3,-3.2
20240701,202,5,5,2,3,-1.5
20240701,202,6,1,1,3,-29.1
20240701,202,6,1,2,3,-13.7
20240701,202,6,2,1,3,-11.8
20240701,202,6,2,2,3,-5.6
20240701,202,6,3,1,3,-7.0
20240701,202,6,3,2,3,-3.3
20240701,202,6,4,1,3,-3.8
20240701,202,6,4,2,3,-1.8
20240701,202,6,5,1,3,-2.2
20240701,202,6,5,2,3,-1.0
20240701,401,1,1,3,3,-220.8
20240701,401,1,2,3,3,-90.0
20240701,401,1,3,3,3,-53.2
20240701,401,1,4,3,3,-28.6
20240701,401,1,5,3,3,-16.4
20240701,401,2,1,3,3,-169.3
20240701,401,2,2,3,3,-69.0
20240701,401,2,3,3,3,-40.8
20240701,401,2,4,3,3,-21.9
20240701,401,2,5,3,3,-12.5
20240701,401,3,1,3,3,-132.5
20240701,401,3,2,3,3,-54.0
20240701,401,3,3,3,3,-31.9
20240701,401,3,4,3,3,-17.2
20240701,401,3,5,3,3,-9.8
20240701,401,4,1,3,3,-103.0
20240701,401,4,2,3,3,-42.0
20240701,401,4,3,3,3,-24.8
20240701,401,4,4,3,3,-13.4
20240701,401,4,5,3,3,-7.6
20240701,401,5,1,3,3,-66.2
20240701,401,5,2,3,3,-27.0
20240701,401,5,3,3,3,-15.9
20240701,401,5,4,3,3,-8.6
20240701,401,5,5,3,3,-4.9
20240701,401,6,1,3,3,-44.2
20240701,401,6,2,3,3,-18.0
20240701,401,6,3,3,3,-10.6
20240701,401,6,4,3,3,-5.7
20240701,401,6,5,3,3,-3.3
20240701,401,1,1,4,3,-77.6
20240701,401,1,2,4,3,-31.6
20240701,401,1,3,4,3,-18.7
20240701,401,1,4,4,3,-10.1
20240701,401,1,5,4,3,-5.7
20240701,401,2,1,4,3,-59.5
20240701,401,2,2,4,3,-24.2
20240701,401,2,3,4,3,-14.3
20240701,401,2,4,4,3,-7.7
20240701,401,2,5,4,3,-4.4
20240701,401,3,1,4,3,-46.6
20240701,401,3,2,4,3,-19.0
20240701,401,3,3,4,3,-11.2
20240701,401,3,4,4,3,-6.0
20240701,401,3,5,4,3,-3.4
20240701,401,4,1,4,3,-36.2
20240701,401,4,2,4,3,-14.8
20240701,401,4,3,4,3,-8.7
20240701,401,4,4,4,3,-4.7
20240701,401,4,5,4,3,-2.7
20240701,401,5,1,4,3,-23.3
20240701,401,5,2,4,3,-9.5
20240701,401,5,3,4,3,-5.6
20240701,401,5,4,4,3,-3.0
20240701,401,5,5,4,3,-1.7
20240701,401,6,1,4,3,-15.5
20240701,401,6,2,4,3,-6.3
20240701,401,6,3,4,3,-3.7
20240701,401,6,4,4,3,-2.0
20240701,401,6,5,4,3,-1.1
20240701,402,1,1,5,3,-194.1
20240701,402,1,2,5,3,-79.1
20240701,402,1,3,5,3,-46.7
20240701,402,1,4,5,3,-25.2
20240701,402,1,5,5,3,-14.4
20240701,402,2,1,5,3,-148.8
20240701,402,2,2,5,3,-60.6
20240701,402,2,3,5,3,-35.8
20240701,402,2,4,5,3,-19.3
20240701,402,2,5,5,3,-11.0
20240701,402,3,1,5,3,-116.5
20240701,402,3,2,5,3,-47.5
20240701,402,3,3,5,3,-28.0
20240701,402,3,4,5,3,-15.1
20240701,402,3,5,5,3,-8.6
20240701,402,4,1,5,3,-90.6
20240701,402,4,2,5,3,-36.9
20240701,402,4,3,5,3,-21.8
20240701,402,4,4,5,3,-11.7
20240701,402,4,5,5,3,-6.7
20240701,402,5,1,5,3,-58.2
20240701,402,5,2,5,3,-23.7
20240701,402,5,3,5,3,-14.0
20240701,402,5,4,5,3,-7.5
20240701,402,5,5,5,3,-4.3
20240701,402,6,1,5,3,-38.8
20240701,402,6,2,5,3,-15.8
20240701,402,6,3,5,3,-9.3
20240701,402,6,4,5,3,-5.0
20240701,402,6,5,5,3,-2.9
20240701,402,1,1,6,3,-75.5
20240701,402,1,2,6,3,-30.8
20240701,402,1,3,6,3,-18.2
20240701,402,1,4,6,3,-9.8
20240701,402,1,5,6,3,-5.6
20240701,402,2,1,6,3,-57.9
20240701,402,2,2,6,3,-23.6
20240701,402,2,3,6,3,-13.9
20240701,402,2,4,6,3,-7.5
20240701,402,2,5,6,3,-4.3
20240701,402,3,1,6,3,-45.3
20240701,402,3,2,6,3,-18.5
20240701,402,3,3,6,3,-10.9
20240701,402,3,4,6,3,-5.9
20240701,402,3,5,6,3,-3.4
20240701,402,4,1,6,3,-35.2
20240701,402,4,2,6,3,-14.4
20240701,402,4,3,6,3,-8.5
20240701,402,4,4,6,3,-4.6
20240701,402,4,5,6,3,-2.6
20240701,402,5,1,6,3,-22.6
20240701,402,5,2,6,3,-9.2
20240701,402,5,3,6,3,-5.5
20240701,402,5,4,6,3,-2.9
20240701,402,5,5,6,3,-1.7
20240701,402,6,1,6,3,-15.1
20240701,402,6,2,6,3,-6.2
20240701,402,6,3,6,3,-3.6
20240701,402,6,4,6,3,-2.0
20240701,402,6,5,6,3,-1.1
20240701,403,1,1,7,3,-68.5
20240701,403,1,2,7,3,-27.9
20240701,403,1,3,7,3,-16.5
20240701,403,1,4,7,3,-8.9
20240701,403,1,5,7,3,-5.1
20240701,403,2,1,7,3,-52.5
20240701,403,2,2,7,3,-21.4
20240701,403,2,3,7,3,-12.6
20240701,403,2,4,7,3,-6.8
20240701,403,2,5,7,3,-3.9
20240701,403,3,1,7,3,-41.1
20240701,403,3,2,7,3,-16.8
20240701,403,3,3,7,3,-9.9
20240701,403,3,4,7,3,-5.3
20240701,403,3,5,7,3,-3.0
20240701,403,4,1,7,3,-32.0
20240701,403,4,2,7,3,-13.0
20240701,403,4,3,7,3,-7.7
20240701,403,4,4,7,3,-4.1
20240701,403,4,5,7,3,-2.4
20240701,403,5,1,7,3,-20.6
20240701,403,5,2,7,3,-8.4
20240701,403,5,3,7,3,-4.9
20240701,403,5,4,7,3,-2.7
20240701,403,5,5,7,3,-1.5
20240701,403,6,1,7,3,-13.7
20240701,403,6,2,7,3,-5.6
20240701,403,6,3,7,3,-3.3
20240701,403,6,4,7,3,-1.8
20240701,403,6,5,7,3,-1.0
20240701,403,1,1,8,3,-49.6
20240701,403,1,2,8,3,-20.2
20240701,403,1,3,8,3,-11.9
20240701,403,1,4,8,3,-6.4
20240701,403,1,5,8,3,-3.7
20240701,403,2,1,8,3,-38.0
20240701,403,2,2,8,3,-15.5
20240701,403,2,3,8,3,-9.2
20240701,403,2,4,8,3,-4.9
20240701,403,2,5,8,3,-2.8
20240701,403,3,1,8,3,-29.8
20240701,403,3,2,8,3,-12.1
20240701,403,3,3,8,3,-7.2
20240701,403,3,4,8,3,-3.9
20240701,403,3,5,8,3,-2.2
20240701,403,4,1,8,3,-23.2
20240701,403,4,2,8,3,-9.4
20240701,403,4,3,8,3,-5.6
20240701,403,4,4,8,3,-3.0
20240701,403,4,5,8,3,-1.7
20240701,403,5,1,8,3,-14.9
20240701,403,5,2,8,3,-6.1
20240701,403,5,3,8,3,-3.6
20240701,403,5,4,8,3,-1.9
20240701,403,5,5,8,3,-1.1
20240701,403,6,1,8,3,-9.9
20240701,403,6,2,8,3,-4.0
20240701,403,6,3,8,3,-2.4
20240701,403,6,4,8,3,-1.3
20240701,403,6,5,8,3,-0.7
20240701,404,1,1,7,3,-19.7
20240701,404,1,2,7,3,-8.0
20240701,404,1,3,7,3,-4.7
20240701,404,1,4,7,3,-2.6
20240701,404,1,5,7,3,-1.5
20240701,404,2,1,7,3,-15.1
20240701,404,2,2,7,3,-6.2
20240701,404,2,3,7,3,-3.6
20240701,404,2,4,7,3,-2.0
20240701,404,2,5,7,3,-1.1
20240701,404,3,1,7,3,-11.8
20240701,404,3,2,7,3,-4.8
20240701,404,3,3,7,3,-2.8
20240701,404,3,4,7,3,-1.5
20240701,404,3,5,7,3,-0.9
20240701,404,4,1,7,3,-9.2
20240701,404,4,2,7,3,-3.7
20240701,404,4,3,7,3,-2.2
20240701,404,4,4,7,3,-1.2
20240701,404,4,5,7,3,-0.7
20240701,404,5,1,7,3,-5.9
20240701,404,5,2,7,3,-2.4
20240701,404,5,3,7,3,-1.4
20240701,404,5,4,7,3,-0.8
20240701,404,5,5,7,3,-0.4
20240701,404,6,1,7,3,-3.9
20240701,404,6,2,7,3,-1.6
20240701,404,6,3,7,3,-0.9
20240701,404,6,4,7,3,-0.5
20240701,404,6,5,7,3,-0.3
20240701,404,1,1,8,3,-19.7
20240701,404,1,2,8,3,-8.0
20240701,404,1,3,8,3,-4.7
20240701,404,1,4,8,3,-2.6
20240701,404,1,5,8,3,-1.5
20240701,404,2,1,8,3,-15.1
20240701,404,2,2,8,3,-6.2
20240701,404,2,3,8,3,-3.6
20240701,404,2,4,8,3,-2.0
20240701,404,2,5,8,3,-1.1
20240701,404,3,1,8,3,-11.8
20240701,404,3,2,8,3,-4.8
20240701,404,3,3,8,3,-2.8
20240701,404,3,4,8,3,-1.5
20240701,404,3,5,8,3,-0.9
20240701,404,4,1,8,3,-9.2
20240701,404,4,2,8,3,-3.7
20240701,404,4,3,8,3,-2.2
20240701,404,4,4,8,3,-1.2
20240701,404,4,5,8,3,-0.7
20240701,404,5,1,8,3,-5.9
20240701,404,5,2,8,3,-2.4
20240701,404,5,3,8,3,-1.4
20240701,404,5,4,8,3,-0.8
20240701,404,5,5,8,3,-0.4
20240701,404,6,1,8,3,-3.9
20240701,404,6,2,8,3,-1.6
20240701,404,6,3,8,3,-0.9
20240701,404,6,4,8,3,-0.5
20240701,404,6,5,8,3,-0.3
20240701,301,1,1,7,3,6208.6
20240701,501,1,1,7,3,1972.9
20240701,502,1,1,7,3,1729.8
20240701,503,1,1,7,3,-84.2
20240701,504,1,1,7,3,1300.0
20240701,601,1,1,7,3,1888.7
20240701,602,1,1,7,3,-383.4
20240701,603,1,1,7,3,70155.3
20240801,101,1,1,5,3,705.2
20240801,101,1,2,5,3,286.0
20240801,101,1,3,5,3,169.2
20240801,101,1,4,5,3,90.7
20240801,101,1,5,5,3,52.6
20240801,101,2,1,5,3,541.2
20240801,101,2,2,5,3,219.2
20240801,101,2,3,5,3,130.5
20240801,101,2,4,5,3,70.6
20240801,101,2,5,5,3,39.5
20240801,101,3,1,5,3,425.8
20240801,101,3,2,5,3,171.3
20240801,101,3,3,5,3,102.5
20240801,101,3,4,5,3,54.7
20240801,101,3,5,5,3,30.7
20240801,101,4,1,5,3,321.0
20240801,101,4,2,5,3,133.6
20240801,101,4,3,5,3,78.9
20240801,101,4,4,5,3,43.0
20240801,101,4,5,5,3,24.2
20240801,101,5,1,5,3,211.5
20240801,101,5,2,5,3,85.2
20240801,101,5,3,5,3,50.5
20240801,101,5,4,5,3,27.3
20240801,101,5,5,5,3,15.4
20240801,101,6,1,5,3,138.1
20240801,101,6,2,5,3,57.6
20240801,101,6,3,5,3,34.1
20240801,101,6,4,5,3,17.9
20240801,101,6,5,5,3,10.5
20240801,102,1,1,5,3,179.9
20240801,102,1,2,5,3,75.5
20240801,102,1,3,5,3,44.1
20240801,102,1,4,5,3,23.3
20240801,102,1,5,5,3,13.4
20240801,102,2,1,5,3,139.2
20240801,102,2,2,5,3,57.3
20240801,102,2,3,5,3,33.4
20240801,102,2,4,5,3,17.9
20240801,102,2,5,5,3,10.3
20240801,102,3,1,5,3,109.8
20240801,102,3,2,5,3,44.7
20240801,102,3,3,5,3,26.1
20240801,102,3,4,5,3,14.3
20240801,102,3,5,5,3,8.0
20240801,102,4,1,5,3,84.1
20240801,102,4,2,5,3,35.2
20240801,102,4,3,5,3,20.4
20240801,102,4,4,5,3,11.2
20240801,102,4,5,5,3,6.3
20240801,102,5,1,5,3,53.9
20240801,102,5,2,5,3,22.2
20240801,102,5,3,5,3,13.3
20240801,102,5,4,5,3,7.2
20240801,102,5,5,5,3,4.1
20240801,102,6,1,5,3,36.6
20240801,102,6,2,5,3,14.6
20240801,102,6,3,5,3,8.7
20240801,102,6,4,5,3,4.7
20240801,102,6,5,5,3,2.7
20240801,103,1,1,5,3,637.7
20240801,103,1,2,5,3,260.5
20240801,103,1,3,5,3,153.0
20240801,103,1,4,5,3,83.1
20240801,103,1,5,5,3,46.5
20240801,103,2,1,5,3,493.4
20240801,103,2,2,5,3,197.3
20240801,103,2,3,5,3,118.4
20240801,103,2,4,5,3,64.2
20240801,103,2,5,5,3,35.6
20240801,103,3,1,5,3,376.7
20240801,103,3,2,5,3,157.6
20240801,103,3,3,5,3,92.9
20240801,103,3,4,5,3,49.8
20240801,103,3,5,5,3,28.5
20240801,103,4,1,5,3,298.7
20240801,103,4,2,5,3,121.4
20240801,103,4,3,5,3,71.8
20240801,103,4,4,5,3,38.4
20240801,103,4,5,5,3,21.8
20240801,103,5,1,5,3,194.9
20240801,103,5,2,5,3,77.7
20240801,103,5,3,5,3,45.8
20240801,103,5,4,5,3,25.2
20240801,103,5,5,5,3,14.0
20240801,103,6,1,5,3,129.6
20240801,103,6,2,5,3,51.9
20240801,103,6,3,5,3,30.4
20240801,103,6,4,5,3,16.3
20240801,103,6,5,5,3,9.4
20240801,201,1,1,1,3,-199.2
20240801,201,1,1,2,3,-93.8
20240801,201,1,2,1,3,-81.2
20240801,201,1,2,2,3,-38.2
20240801,201,1,3,1,3,-48.0
20240801,201,1,3,2,3,-22.6
20240801,201,1,4,1,3,-25.8
20240801,201,1,4,2,3,-12.2
20240801,201,1,5,1,3,-14.8
20240801,201,1,5,2,3,-6.9
20240801,201,2,1,1,3,-152.7
20240801,201,2,1,2,3,-71.9
20240801,201,2,2,1,3,-62.2
20240801,201,2,2,2,3,-29.3
20240801,201,2,3,1,3,-36.8
20240801,201,2,3,2,3,-17.3
20240801,201,2,4,1,3,-19.8
20240801,201,2,4,2,3,-9.3
20240801,201,2,5,1,3,-11.3
20240801,201,2,5,2,3,-5.3
20240801,201,3,1,1,3,-119.5
20240801,201,3,1,2,3,-56.3
20240801,201,3,2,1,3,-48.7
20240801,201,3,2,2,3,-22.9
20240801,201,3,3,1,3,-28.8
20240801,201,3,3,2,3,-13.5
20240801,201,3,4,1,3,-15.5
20240801,201,3,4,2,3,-7.3
20240801,201,3,5,1,3,-8.9
20240801,201,3,5,2,3,-4.2
20240801,201,4,1,1,3,-93.0
20240801,201,4,1,2,3,-43.8
20240801,201,4,2,1,3,-37.9
20240801,201,4,2,2,3,-17.8
20240801,201,4,3,1,3,-22.4
20240801,201,4,3,2,3,-10.5
20240801,201,4,4,1,3,-12.1
20240801,201,4,4,2,3,-5.7
20240801,201,4,5,1,3,-6.9
20240801,201,4,5,2,3,-3.2
20240801,201,5,1,1,3,-59.8
20240801,201,5,1,2,3,-28.1
20240801,201,5,2,1,3,-24.4
20240801,201,5,2,2,3,-11.5
20240801,201,5,3,1,3,-14.4
20240801,201,5,3,2,3,-6.8
20240801,201,5,4,1,3,-7.7
20240801,201,5,4,2,3,-3.6
20240801,201,5,5,1,3,-4.4
20240801,201,5,5,2,3,-2.1
20240801,201,6,1,1,3,-39.8
20240801,201,6,1,2,3,-18.8
20240801,201,6,2,1,3,-16.2
20240801,201,6,2,2,3,-7.6
20240801,201,6,3,1,3,-9.6
20240801,201,6,3,2,3,-4.5
20240801,201,6,4,1,3,-5.2
20240801,201,6,4,2,3,-2.4
20240801,201,6,5,1,3,-3.0
20240801,201,6,5,2,3,-1.4
20240801,202,1,1,1,3,-144.3
20240801,202,1,1,2,3,-67.9
20240801,202,1,2,1,3,-58.8
20240801,202,1,2,2,3,-27.7
20240801,202,1,3,1,3,-34.7
20240801,202,1,3,2,3,-16.3
20240801,202,1,4,1,3,-18.7
20240801,202,1,4,2,3,-8.8
20240801,202,1,5,1,3,-10.7
20240801,202,1,5,2,3,-5.0
20240801,202,2,1,1,3,-110.6
20240801,202,2,1,2,3,-52.1
20240801,202,2,2,1,3,-45.1
20240801,202,2,2,2,3,-21.2
20240801,202,2,3,1,3,-26.6
20240801,202,2,3,2,3,-12.5
20240801,202,2,4,1,3,-14.3
20240801,202,2,4,2,3,-6.7
20240801,202,2,5,1,3,-8.2
20240801,202,2,5,2,3,-3.9
20240801,202,3,1,1,3,-86.6
20240801,202,3,1,2,3,-40.7
20240801,202,3,2,1,3,-35.3
20240801,202,3,2,2,3,-16.6
20240801,202,3,3,1,3,-20.8
20240801,202,3,3,2,3,-9.8
20240801,202,3,4,1,3,-11.2
20240801,202,3,4,2,3,-5.3
20240801,202,3,5,1,3,-6.4
20240801,202,3,5,2,3,-3.0
20240801,202,4,1,1,3,-67.3
20240801,202,4,1,2,3,-31.7
20240801,202,4,2,1,3,-27.4
20240801,202,4,2,2,3,-12.9
20240801,202,4,3,1,3,-16.2
20240801,202,4,3,2,3,-7.6
20240801,202,4,4,1,3,-8.7
20240801,202,4,4,2,3,-4.1
20240801,202,4,5,1,3,-5.0
20240801,202,4,5,2,3,-2.3
20240801,202,5,1,1,3,-43.3
20240801,202,5,1,2,3,-20.4
20240801,202,5,2,1,3,-17.6
20240801,202,5,2,2,3,-8.3
20240801,202,5,3,1,3,-10.4
20240801,202,5,3,2,3,-4.9
20240801,202,5,4,1,3,-5.6
20240801,202,5,4,2,3,-2.6
20240801,202,5,5,1,3,-3.2
20240801,202,5,5,2,3,-1.5
20240801,202,6,1,1,3,-28.9
20240801,202,6,1,2,3,-13.6
20240801,202,6,2,1,3,-11.8
20240801,202,6,2,2,3,-5.5
20240801,202,6,3,1,3,-6.9
20240801,202,6,3,2,3,-3.3
20240801,202,6,4,1,3,-3.7
20240801,202,6,4,2,3,-1.8
20240801,202,6,5,1,3,-2.1
20240801,202,6,5,2,3,-1.0
20240801,401,1,1,3,3,-222.1
20240801,401,1,2,3,3,-90.5
20240801,401,1,3,3,3,-53.5
20240801,401,1,4,3,3,-28.8
20240801,401,1,5,3,3,-16.4
20240801,401,2,1,3,3,-170.3
20240801,401,2,2,3,3,-69.4
20240801,401,2,3,3,3,-41.0
20240801,401,2,4,3,3,-22.1
20240801,401,2,5,3,3,-12.6
20240801,401,3,1,3,3,-133.2
20240801,401,3,2,3,3,-54.3
20240801,401,3,3,3,3,-32.1
20240801,401,3,4,3,3,-17.3
20240801,401,3,5,3,3,-9.9
20240801,401,4,1,3,3,-103.6
20240801,401,4,2,3,3,-42.2
20240801,401,4,3,3,3,-24.9
20240801,401,4,4,3,3,-13.4
20240801,401,4,5,3,3,-7.7
20240801,401,5,1,3,3,-66.6
20240801,401,5,2,3,3,-27.1
20240801,401,5,3,3,3,-16.0
20240801,401,5,4,3,3,-8.6
20240801,401,5,5,3,3,-4.9
20240801,401,6,1,3,3,-44.4
20240801,401,6,2,3,3,-18.1
20240801,401,6,3,3,3,-10.7
20240801,401,6,4,3,3,-5.8
20240801,401,6,5,3,3,-3.3
20240801,401,1,1,4,3,-78.0
20240801,401,1,2,4,3,-31.8
20240801,401,1,3,4,3,-18.8
20240801,401,1,4,4,3,-10.1
20240801,401,1,5,4,3,-5.8
20240801,401,2,1,4,3,-59.8
20240801,401,2,2,4,3,-24.4
20240801,401,2,3,4,3,-14.4
20240801,401,2,4,4,3,-7.8
20240801,401,2,5,4,3,-4.4
20240801,401,3,1,4,3,-46.8
20240801,401,3,2,4,3,-19.1
20240801,401,3,3,4,3,-11.3
20240801,401,3,4,4,3,-6.1
20240801,401,3,5,4,3,-3.5
20240801,401,4,1,4,3,-36.4
20240801,401,4,2,4,3,-14.8
20240801,401,4,3,4,3,-8.8
20240801,401,4,4,4,3,-4.7
20240801,401,4,5,4,3,-2.7
20240801,401,5,1,4,3,-23.4
20240801,401,5,2,4,3,-9.5
20240801,401,5,3,4,3,-5.6
20240801,401,5,4,4,3,-3.0
20240801,401,5,5,4,3,-1.7
20240801,401,6,1,4,3,-15.6
20240801,401,6,2,4,3,-6.4
20240801,401,6,3,4,3,-3.8
20240801,401,6,4,4,3,-2.0
20240801,401,6,5,4,3,-1.2
20240801,402,1,1,5,3,-195.2
20240801,402,1,2,5,3,-79.5
20240801,402,1,3,5,3,-47.0
20240801,402,1,4,5,3,-25.3
20240801,402,1,5,5,3,-14.5
20240801,402,2,1,5,3,-149.7
20240801,402,2,2,5,3,-61.0
20240801,402,2,3,5,3,-36.0
20240801,402,2,4,5,3,-19.4
20240801,402,2,5,5,3,-11.1
20240801,402,3,1,5,3,-117.1
20240801,402,3,2,5,3,-47.7
20240801,402,3,3,5,3,-28.2
20240801,402,3,4,5,3,-15.2
20240801,402,3,5,5,3,-8.7
20240801,402,4,1,5,3,-91.1
20240801,402,4,2,5,3,-37.1
20240801,402,4,3,5,3,-21.9
20240801,402,4,4,5,3,-11.8
20240801,402,4,5,5,3,-6.7
20240801,402,5,1,5,3,-58.6
20240801,402,5,2,5,3,-23.9
20240801,402,5,3,5,3,-14.1
20240801,402,5,4,5,3,-7.6
20240801,402,5,5,5,3,-4.3
20240801,402,6,1,5,3,-39.0
20240801,402,6,2,5,3,-15.9
20240801,402,6,3,5,3,-9.4
20240801,402,6,4,5,3,-5.1
20240801,402,6,5,5,3,-2.9
20240801,402,1,1,6,3,-75.9
20240801,402,1,2,6,3,-30.9
20240801,402,1,3,6,3,-18.3
20240801,402,1,4,6,3,-9.8
20240801,402,1,5,6,3,-5.6
20240801,402,2,1,6,3,-58.2
20240801,402,2,2,6,3,-23.7
20240801,402,2,3,6,3,-14.0
20240801,402,2,4,6,3,-7.5
20240801,402,2,5,6,3,-4.3
20240801,402,3,1,6,3,-45.6
20240801,402,3,2,6,3,-18.6
20240801,402,3,3,6,3,-11.0
20240801,402,3,4,6,3,-5.9
20240801,402,3,5,6,3,-3.4
20240801,402,4,1,6,3,-35.4
20240801,402,4,2,6,3,-14.4
20240801,402,4,3,6,3,-8.5
20240801,402,4,4,6,3,-4.6
20240801,402,4,5,6,3,-2.6
20240801,402,5,1,6,3,-22.8
20240801,402,5,2,6,3,-9.3
20240801,402,5,3,6,3,-5.5
20240801,402,5,4,6,3,-3.0
20240801,402,5,5,6,3,-1.7
20240801,402,6,1,6,3,-15.2
20240801,402,6,2,6,3,-6.2
20240801,402,6,3,6,3,-3.7
20240801,402,6,4,6,3,-2.0
20240801,402,6,5,6,3,-1.1
20240801,403,1,1,7,3,-68.9
20240801,403,1,2,7,3,-28.1
20240801,403,1,3,7,3,-16.6
20240801,403,1,4,7,3,-8.9
20240801,403,1,5,7,3,-5.1
20240801,403,2,1,7,3,-52.8
20240801,403,2,2,7,3,-21.5
20240801,403,2,3,7,3,-12.7
20240801,403,2,4,7,3,-6.8
20240801,403,2,5,7,3,-3.9
20240801,403,3,1,7,3,-41.3
20240801,403,3,2,7,3,-16.8
20240801,403,3,3,7,3,-10.0
20240801,403,3,4,7,3,-5.4
20240801,403,3,5,7,3,-3.1
20240801,403,4,1,7,3,-32.2
20240801,403,4,2,7,3,-13.1
20240801,403,4,3,7,3,-7.7
20240801,403,4,4,7,3,-4.2
20240801,403,4,5,7,3,-2.4
20240801,403,5,1,7,3,-20.7
20240801,403,5,2,7,3,-8.4
20240801,403,5,3,7,3,-5.0
20240801,403,5,4,7,3,-2.7
20240801,403,5,5,7,3,-1.5
20240801,403,6,1,7,3,-13.8
20240801,403,6,2,7,3,-5.6
20240801,403,6,3,7,3,-3.3
20240801,403,6,4,7,3,-1.8
20240801,403,6,5,7,3,-1.0
20240801,403,1,1,8,3,-49.9
20240801,403,1,2,8,3,-20.3
20240801,403,1,3,8,3,-12.0
20240801,403,1,4,8,3,-6.5
20240801,403,1,5,8,3,-3.7
20240801,403,2,1,8,3,-38.3
20240801,403,2,2,8,3,-15.6
20240801,403,2,3,8,3,-9.2
20240801,403,2,4,8,3,-5.0
20240801,403,2,5,8,3,-2.8
20240801,403,3,1,8,3,-29.9
20240801,403,3,2,8,3,-12.2
20240801,403,3,3,8,3,-7.2
20240801,403,3,4,8,3,-3.9
20240801,403,3,5,8,3,-2.2
20240801,403,4,1,8,3,-23.3
20240801,403,4,2,8,3,-9.5
20240801,403,4,3,8,3,-5.6
20240801,403,4,4,8,3,-3.0
20240801,403,4,5,8,3,-1.7
20240801,403,5,1,8,3,-15.0
20240801,403,5,2,8,3,-6.1
20240801,403,5,3,8,3,-3.6
20240801,403,5,4,8,3,-1.9
20240801,403,5,5,8,3,-1.1
20240801,403,6,1,8,3,-10.0
20240801,403,6,2,8,3,-4.1
20240801,403,6,3,8,3,-2.4
20240801,403,6,4,8,3,-1.3
20240801,403,6,5,8,3,-0.7
20240801,404,1,1,7,3,-19.8
20240801,404,1,2,7,3,-8.1
20240801,404,1,3,7,3,-4.8
20240801,404,1,4,7,3,-2.6
20240801,404,1,5,7,3,-1.5
20240801,404,2,1,7,3,-15.2
20240801,404,2,2,7,3,-6.2
20240801,404,2,3,7,3,-3.7
20240801,404,2,4,7,3,-2.0
20240801,404,2,5,7,3,-1.1
20240801,404,3,1,7,3,-11.9
20240801,404,3,2,7,3,-4.8
20240801,404,3,3,7,3,-2.9
20240801,404,3,4,7,3,-1.5
20240801,404,3,5,7,3,-0.9
20240801,404,4,1,7,3,-9.2
20240801,404,4,2,7,3,-3.8
20240801,404,4,3,7,3,-2.2
20240801,404,4,4,7,3,-1.2
20240801,404,4,5,7,3,-0.7
20240801,404,5,1,7,3,-5.9
20240801,404,5,2,7,3,-2.4
20240801,404,5,3,7,3,-1.4
20240801,404,5,4,7,3,-0.8
20240801,404,5,5,7,3,-0.4
20240801,404,6,1,7,3,-4.0
20240801,404,6,2,7,3,-1.6
20240801,404,6,3,7,3,-1.0
20240801,404,6,4,7,3,-0.5
20240801,404,6,5,7,3,-0.3
20240801,404,1,1,8,3,-19.8
20240801,404,1,2,8,3,-8.1
20240801,404,1,3,8,3,-4.8
20240801,404,1,4,8,3,-2.6
20240801,404,1,5,8,3,-1.5
20240801,404,2,1,8,3,-15.2
20240801,404,2,2,8,3,-6.2
20240801,404,2,3,8,3,-3.7
20240801,404,2,4,8,3,-2.0
20240801,404,2,5,8,3,-1.1
20240801,404,3,1,8,3,-11.9
20240801,404,3,2,8,3,-4.8
20240801,404,3,3,8,3,-2.9
20240801,404,3,4,8,3,-1.5
20240801,404,3,5,8,3,-0.9
20240801,404,4,1,8,3,-9.2
20240801,404,4,2,8,3,-3.8
20240801,404,4,3,8,3,-2.2
20240801,404,4,4,8,3,-1.2
20240801,404,4,5,8,3,-0.7
20240801,404,5,1,8,3,-5.9
20240801,404,5,2,8,3,-2.4
20240801,404,5,3,8,3,-1.4
20240801,404,5,4,8,3,-0.8
20240801,404,5,5,8,3,-0.4
20240801,404,6,1,8,3,-4.0
20240801,404,6,2,8,3,-1.6
20240801,404,6,3,8,3,-1.0
20240801,404,6,4,8,3,-0.5
20240801,404,6,5,8,3,-0.3
20240801,301,1,1,7,3,6285.2
20240801,501,1,1,7,3,2025.5
20240801,502,1,1,7,3,1781.0
20240801,503,1,1,7,3,-84.6
20240801,504,1,1,7,3,1340.2
20240801,601,1,1,7,3,1940.9
20240801,602,1,1,7,3,-385.5
20240801,603,1,1,7,3,71155.4
20240901,101,1,1,5,3,723.6
20240901,101,1,2,5,3,302.2
20240901,101,1,3,5,3,172.8
20240901,101,1,4,5,3,94.8
20240901,101,1,5,5,3,53.2
20240901,101,2,1,5,3,564.8
20240901,101,2,2,5,3,225.7
20240901,101,2,3,5,3,134.0
20240901,101,2,4,5,3,72.2
20240901,101,2,5,5,3,41.6
20240901,101,3,1,5,3,444.5
20240901,101,3,2,5,3,177.3
20240901,101,3,3,5,3,106.1
20240901,101,3,4,5,3,56.2
20240901,101,3,5,5,3,32.9
20240901,101,4,1,5,3,336.5
20240901,101,4,2,5,3,140.2
20240901,101,4,3,5,3,81.6
20240901,101,4,4,5,3,43.5
20240901,101,4,5,5,3,25.6
20240901,101,5,1,5,3,215.9
20240901,101,5,2,5,3,87.7
20240901,101,5,3,5,3,53.2
20240901,101,5,4,5,3,28.2
20240901,101,5,5,5,3,16.5
20240901,101,6,1,5,3,148.0
20240901,101,6,2,5,3,59.9
20240901,101,6,3,5,3,34.8
20240901,101,6,4,5,3,19.1
20240901,101,6,5,5,3,10.9
20240901,102,1,1,5,3,190.8
20240901,102,1,2,5,3,77.8
20240901,102,1,3,5,3,46.5
20240901,102,1,4,5,3,25.1
20240901,102,1,5,5,3,13.9
20240901,102,2,1,5,3,145.0
20240901,102,2,2,5,3,60.4
20240901,102,2,3,5,3,34.6
20240901,102,2,4,5,3,19.0
20240901,102,2,5,5,3,10.8
20240901,102,3,1,5,3,113.5
20240901,102,3,2,5,3,45.8
20240901,102,3,3,5,3,27.1
20240901,102,3,4,5,3,15.0
20240901,102,3,5,5,3,8.4
20240901,102,4,1,5,3,90.4
20240901,102,4,2,5,3,36.4
20240901,102,4,3,5,3,21.4
20240901,102,4,4,5,3,11.7
20240901,102,4,5,5,3,6.6
20240901,102,5,1,5,3,56.2
20240901,102,5,2,5,3,23.0
20240901,102,5,3,5,3,13.5
20240901,102,5,4,5,3,7.3
20240901,102,5,5,5,3,4.3
20240901,102,6,1,5,3,38.1
20240901,102,6,2,5,3,15.6
20240901,102,6,3,5,3,9.2
20240901,102,6,4,5,3,4.9
20240901,102,6,5,5,3,2.9
20240901,103,1,1,5,3,656.1
20240901,103,1,2,5,3,268.8
20240901,103,1,3,5,3,161.1
20240901,103,1,4,5,3,86.6
20240901,103,1,5,5,3,49.6
20240901,103,2,1,5,3,517.9
20240901,103,2,2,5,3,206.3
20240901,103,2,3,5,3,121.1
20240901,103,2,4,5,3,65.3
20240901,103,2,5,5,3,38.1
20240901,103,3,1,5,3,406.7
20240901,103,3,2,5,3,163.0
20240901,103,3,3,5,3,97.5
20240901,103,3,4,5,3,52.7
20240901,103,3,5,5,3,29.2
20240901,103,4,1,5,3,313.9
20240901,103,4,2,5,3,125.0
20240901,103,4,3,5,3,73.9
20240901,103,4,4,5,3,40.3
20240901,103,4,5,5,3,22.8
20240901,103,5,1,5,3,202.8
20240901,103,5,2,5,3,81.4
20240901,103,5,3,5,3,48.9
20240901,103,5,4,5,3,25.7
20240901,103,5,5,5,3,14.8
20240901,103,6,1,5,3,131.1
20240901,103,6,2,5,3,55.2
20240901,103,6,3,5,3,32.5
20240901,103,6,4,5,3,17.4
20240901,103,6,5,5,3,10.1
20240901,201,1,1,1,3,-206.5
20240901,201,1,1,2,3,-97.2
20240901,201,1,2,1,3,-84.1
20240901,201,1,2,2,3,-39.6
20240901,201,1,3,1,3,-49.7
20240901,201,1,3,2,3,-23.4
20240901,201,1,4,1,3,-26.8
20240901,201,1,4,2,3,-12.6
20240901,201,1,5,1,3,-15.3
20240901,201,1,5,2,3,-7.2
20240901,201,2,1,1,3,-158.3
20240901,201,2,1,2,3,-74.5
20240901,201,2,2,1,3,-64.5
20240901,201,2,2,2,3,-30.4
20240901,201,2,3,1,3,-38.1
20240901,201,2,3,2,3,-17.9
20240901,201,2,4,1,3,-20.5
20240901,201,2,4,2,3,-9.7
20240901,201,2,5,1,3,-11.7
20240901,201,2,5,2,3,-5.5
20240901,201,3,1,1,3,-123.9
20240901,201,3,1,2,3,-58.3
20240901,201,3,2,1,3,-50.5
20240901,201,3,2,2,3,-23.8
20240901,201,3,3,1,3,-29.8
20240901,201,3,3,2,3,-14.0
20240901,201,3,4,1,3,-16.1
20240901,201,3,4,2,3,-7.6
20240901,201,3,5,1,3,-9.2
20240901,201,3,5,2,3,-4.3
20240901,201,4,1,1,3,-96.4
20240901,201,4,1,2,3,-45.4
20240901,201,4,2,1,3,-39.3
20240901,201,4,2,2,3,-18.5
20240901,201,4,3,1,3,-23.2
20240901,201,4,3,2,3,-10.9
20240901,201,4,4,1,3,-12.5
20240901,201,4,4,2,3,-5.9
20240901,201,4,5,1,3,-7.1
20240901,201,4,5,2,3,-3.4
20240901,201,5,1,1,3,-62.0
20240901,201,5,1,2,3,-29.2
20240901,201,5,2,1,3,-25.2
20240901,201,5,2,2,3,-11.9
20240901,201,5,3,1,3,-14.9
20240901,201,5,3,2,3,-7.0
20240901,201,5,4,1,3,-8.0
20240901,201,5,4,2,3,-3.8
20240901,201,5,5,1,3,-4.6
20240901,201,5,5,2,3,-2.2
20240901,201,6,1,1,3,-41.3
20240901,201,6,1,2,3,-19.4
20240901,201,6,2,1,3,-16.8
20240901,201,6,2,2,3,-7.9
20240901,201,6,3,1,3,-9.9
20240901,201,6,3,2,3,-4.7
20240901,201,6,4,1,3,-5.4
20240901,201,6,4,2,3,-2.5
20240901,201,6,5,1,3,-3.1
20240901,201,6,5,2,3,-1.4
20240901,202,1,1,1,3,-149.5
20240901,202,1,1,2,3,-70.4
20240901,202,1,2,1,3,-60.9
20240901,202,1,2,2,3,-28.7
20240901,202,1,3,1,3,-36.0
20240901,202,1,3,2,3,-16.9
20240901,202,1,4,1,3,-19.4
20240901,202,1,4,2,3,-9.1
20240901,202,1,5,1,3,-11.1
20240901,202,1,5,2,3,-5.2
20240901,202,2,1,1,3,-114.7
20240901,202,2,1,2,3,-54.0
20240901,202,2,2,1,3,-46.7
20240901,202,2,2,2,3,-22.0
20240901,202,2,3,1,3,-27.6
20240901,202,2,3,2,3,-13.0
20240901,202,2,4,1,3,-14.9
20240901,202,2,4,2,3,-7.0
20240901,202,2,5,1,3,-8.5
20240901,202,2,5,2,3,-4.0
20240901,202,3,1,1,3,-89.7
20240901,202,3,1,2,3,-42.2
20240901,202,3,2,1,3,-36.6
20240901,202,3,2,2,3,-17.2
20240901,202,3,3,1,3,-21.6
20240901,202,3,3,2,3,-10.2
20240901,202,3,4,1,3,-11.6
20240901,202,3,4,2,3,-5.5
20240901,202,3,5,1,3,-6.6
20240901,202,3,5,2,3,-3.1
20240901,202,4,1,1,3,-69.8
20240901,202,4,1,2,3,-32.8
20240901,202,4,2,1,3,-28.4
20240901,202,4,2,2,3,-13.4
20240901,202,4,3,1,3,-16.8
20240901,202,4,3,2,3,-7.9
20240901,202,4,4,1,3,-9.0
20240901,202,4,4,2,3,-4.3
20240901,202,4,5,1,3,-5.2
20240901,202,4,5,2,3,-2.4
20240901,202,5,1,1,3,-44.9
20240901,202,5,1,2,3,-21.1
20240901,202,5,2,1,3,-18.3
20240901,202,5,2,2,3,-8.6
20240901,202,5,3,1,3,-10.8
20240901,202,5,3,2,3,-5.1
20240901,202,5,4,1,3,-5.8
20240901,202,5,4,2,3,-2.7
20240901,202,5,5,1,3,-3.3
20240901,202,5,5,2,3,-1.6
20240901,202,6,1,1,3,-29.9
20240901,202,6,1,2,3,-14.1
20240901,202,6,2,1,3,-12.2
20240901,202,6,2,2,3,-5.7
20240901,202,6,3,1,3,-7.2
20240901,202,6,3,2,3,-3.4
20240901,202,6,4,1,3,-3.9
20240901,202,6,4,2,3,-1.8
20240901,202,6,5,1,3,-2.2
20240901,202,6,5,2,3,-1.0
20240901,401,1,1,3,3,-231.3
20240901,401,1,2,3,3,-94.2
20240901,401,1,3,3,3,-55.7
20240901,401,1,4,3,3,-30.0
20240901,401,1,5,3,3,-17.1
20240901,401,2,1,3,3,-177.3
20240901,401,2,2,3,3,-72.2
20240901,401,2,3,3,3,-42.7
20240901,401,2,4,3,3,-23.0
20240901,401,2,5,3,3,-13.1
20240901,401,3,1,3,3,-138.8
20240901,401,3,2,3,3,-56.5
20240901,401,3,3,3,3,-33.4
20240901,401,3,4,3,3,-18.0
20240901,401,3,5,3,3,-10.3
20240901,401,4,1,3,3,-107.9
20240901,401,4,2,3,3,-44.0
20240901,401,4,3,3,3,-26.0
20240901,401,4,4,3,3,-14.0
20240901,401,4,5,3,3,-8.0
20240901,401,5,1,3,3,-69.4
20240901,401,5,2,3,3,-28.3
20240901,401,5,3,3,3,-16.7
20240901,401,5,4,3,3,-9.0
20240901,401,5,5,3,3,-5.1
20240901,401,6,1,3,3,-46.3
20240901,401,6,2,3,3,-18.8
20240901,401,6,3,3,3,-11.1
20240901,401,6,4,3,3,-6.0
20240901,401,6,5,3,3,-3.4
20240901,401,1,1,4,3,-81.3
20240901,401,1,2,4,3,-33.1
20240901,401,1,3,4,3,-19.6
20240901,401,1,4,4,3,-10.5
20240901,401,1,5,4,3,-6.0
20240901,401,2,1,4,3,-62.3
20240901,401,2,2,4,3,-25.4
20240901,401,2,3,4,3,-15.0
20240901,401,2,4,4,3,-8.1
20240901,401,2,5,4,3,-4.6
20240901,401,3,1,4,3,-48.8
20240901,401,3,2,4,3,-19.9
20240901,401,3,3,4,3,-11.7
20240901,401,3,4,4,3,-6.3
20240901,401,3,5,4,3,-3.6
20240901,401,4,1,4,3,-37.9
20240901,401,4,2,4,3,-15.5
20240901,401,4,3,4,3,-9.1
20240901,401,4,4,4,3,-4.9
20240901,401,4,5,4,3,-2.8
20240901,401,5,1,4,3,-24.4
20240901,401,5,2,4,3,-9.9
20240901,401,5,3,4,3,-5.9
20240901,401,5,4,4,3,-3.2
20240901,401,5,5,4,3,-1.8
20240901,401,6,1,4,3,-16.3
20240901,401,6,2,4,3,-6.6
20240901,401,6,3,4,3,-3.9
20240901,401,6,4,4,3,-2.1
20240901,401,6,5,4,3,-1.2
20240901,402,1,1,5,3,-203.4
20240901,402,1,2,5,3,-82.8
20240901,402,1,3,5,3,-49.0
20240901,402,1,4,5,3,-26.4
20240901,402,1,5,5,3,-15.1
20240901,402,2,1,5,3,-155.9
20240901,402,2,2,5,3,-63.5
20240901,402,2,3,5,3,-37.5
20240901,402,2,4,5,3,-20.2
20240901,402,2,5,5,3,-11.5
20240901,402,3,1,5,3,-122.0
20240901,402,3,2,5,3,-49.7
20240901,402,3,3,5,3,-29.4
20240901,402,3,4,5,3,-15.8
20240901,402,3,5,5,3,-9.0
20240901,402,4,1,5,3,-94.9
20240901,402,4,2,5,3,-38.7
20240901,402,4,3,5,3,-22.8
20240901,402,4,4,5,3,-12.3
20240901,402,4,5,5,3,-7.0
20240901,402,5,1,5,3,-61.0
20240901,402,5,2,5,3,-24.9
20240901,402,5,3,5,3,-14.7
20240901,402,5,4,5,3,-7.9
20240901,402,5,5,5,3,-4.5
20240901,402,6,1,5,3,-40.7
20240901,402,6,2,5,3,-16.6
20240901,402,6,3,5,3,-9.8
20240901,402,6,4,5,3,-5.3
20240901,402,6,5,5,3,-3.0
20240901,402,1,1,6,3,-79.1
20240901,402,1,2,6,3,-32.2
20240901,402,1,3,6,3,-19.0
20240901,402,1,4,6,3,-10.3
20240901,402,1,5,6,3,-5.9
20240901,402,2,1,6,3,-60.6
20240901,402,2,2,6,3,-24.7
20240901,402,2,3,6,3,-14.6
20240901,402,2,4,6,3,-7.9
20240901,402,2,5,6,3,-4.5
20240901,402,3,1,6,3,-47.4
20240901,402,3,2,6,3,-19.3
20240901,402,3,3,6,3,-11.4
20240901,402,3,4,6,3,-6.2
20240901,402,3,5,6,3,-3.5
20240901,402,4,1,6,3,-36.9
20240901,402,4,2,6,3,-15.0
20240901,402,4,3,6,3,-8.9
20240901,402,4,4,6,3,-4.8
20240901,402,4,5,6,3,-2.7
20240901,402,5,1,6,3,-23.7
20240901,402,5,2,6,3,-9.7
20240901,402,5,3,6,3,-5.7
20240901,402,5,4,6,3,-3.1
20240901,402,5,5,6,3,-1.8
20240901,402,6,1,6,3,-15.8
20240901,402,6,2,6,3,-6.4
20240901,402,6,3,6,3,-3.8
20240901,402,6,4,6,3,-2.1
20240901,402,6,5,6,3,-1.2
20240901,403,1,1,7,3,-71.8
20240901,403,1,2,7,3,-29.2
20240901,403,1,3,7,3,-17.3
20240901,403,1,4,7,3,-9.3
20240901,403,1,5,7,3,-5.3
20240901,403,2,1,7,3,-55.0
20240901,403,2,2,7,3,-22.4
20240901,403,2,3,7,3,-13.2
20240901,403,2,4,7,3,-7.1
20240901,403,2,5,7,3,-4.1
20240901,403,3,1,7,3,-43.1
20240901,403,3,2,7,3,-17.5
20240901,403,3,3,7,3,-10.4
20240901,403,3,4,7,3,-5.6
20240901,403,3,5,7,3,-3.2
20240901,403,4,1,7,3,-33.5
20240901,403,4,2,7,3,-13.6
20240901,403,4,3,7,3,-8.1
20240901,403,4,4,7,3,-4.3
20240901,403,4,5,7,3,-2.5
20240901,403,5,1,7,3,-21.5
20240901,403,5,2,7,3,-8.8
20240901,403,5,3,7,3,-5.2
20240901,403,5,4,7,3,-2.8
20240901,403,5,5,7,3,-1.6
20240901,403,6,1,7,3,-14.4
20240901,403,6,2,7,3,-5.8
20240901,403,6,3,7,3,-3.5
20240901,403,6,4,7,3,-1.9
20240901,403,6,5,7,3,-1.1
20240901,403,1,1,8,3,-52.0
20240901,403,1,2,8,3,-21.2
20240901,403,1,3,8,3,-12.5
20240901,403,1,4,8,3,-6.7
20240901,403,1,5,8,3,-3.9
20240901,403,2,1,8,3,-39.9
20240901,403,2,2,8,3,-16.2
20240901,403,2,3,8,3,-9.6
20240901,403,2,4,8,3,-5.2
20240901,403,2,5,8,3,-3.0
20240901,403,3,1,8,3,-31.2
20240901,403,3,2,8,3,-12.7
20240901,403,3,3,8,3,-7.5
20240901,403,3,4,8,3,-4.0
20240901,403,3,5,8,3,-2.3
20240901,403,4,1,8,3,-24.3
20240901,403,4,2,8,3,-9.9
20240901,403,4,3,8,3,-5.8
20240901,403,4,4,8,3,-3.1
20240901,403,4,5,8,3,-1.8
20240901,403,5,1,8,3,-15.6
20240901,403,5,2,8,3,-6.4
20240901,403,5,3,8,3,-3.8
20240901,403,5,4,8,3,-2.0
20240901,403,5,5,8,3,-1.2
20240901,403,6,1,8,3,-10.4
20240901,403,6,2,8,3,-4.2
20240901,403,6,3,8,3,-2.5
20240901,403,6,4,8,3,-1.3
20240901,403,6,5,8,3,-0.8
20240901,404,1,1,7,3,-20.6
20240901,404,1,2,7,3,-8.4
20240901,404,1,3,7,3,-5.0
20240901,404,1,4,7,3,-2.7
20240901,404,1,5,7,3,-1.5
20240901,404,2,1,7,3,-15.8
20240901,404,2,2,7,3,-6.4
20240901,404,2,3,7,3,-3.8
20240901,404,2,4,7,3,-2.0
20240901,404,2,5,7,3,-1.2
20240901,404,3,1,7,3,-12.4
20240901,404,3,2,7,3,-5.0
20240901,404,3,3,7,3,-3.0
20240901,404,3,4,7,3,-1.6
20240901,404,3,5,7,3,-0.9
20240901,404,4,1,7,3,-9.6
20240901,404,4,2,7,3,-3.9
20240901,404,4,3,7,3,-2.3
20240901,404,4,4,7,3,-1.2
20240901,404,4,5,7,3,-0.7
20240901,404,5,1,7,3,-6.2
20240901,404,5,2,7,3,-2.5
20240901,404,5,3,7,3,-1.5
20240901,404,5,4,7,3,-0.8
20240901,404,5,5,7,3,-0.5
20240901,404,6,1,7,3,-4.1
20240901,404,6,2,7,3,-1.7
20240901,404,6,3,7,3,-1.0
20240901,404,6,4,7,3,-0.5
20240901,404,6,5,7,3,-0.3
20240901,404,1,1,8,3,-20.6
20240901,404,1,2,8,3,-8.4
20240901,404,1,3,8,3,-5.0
20240901,404,1,4,8,3,-2.7
20240901,404,1,5,8,3,-1.5
20240901,404,2,1,8,3,-15.8
20240901,404,2,2,8,3,-6.4
20240901,404,2,3,8,3,-3.8
20240901,404,2,4,8,3,-2.0
20240901,404,2,5,8,3,-1.2
20240901,404,3,1,8,3,-12.4
20240901,404,3,2,8,3,-5.0
20240901,404,3,3,8,3,-3.0
20240901,404,3,4,8,3,-1.6
20240901,404,3,5,8,3,-0.9
20240901,404,4,1,8,3,-9.6
20240901,404,4,2,8,3,-3.9
20240901,404,4,3,8,3,-2.3
20240901,404,4,4,8,3,-1.2
20240901,404,4,5,8,3,-0.7
20240901,404,5,1,8,3,-6.2
20240901,404,5,2,8,3,-2.5
20240901,404,5,3,8,3,-1.5
20240901,404,5,4,8,3,-0.8
20240901,404,5,5,8,3,-0.5
20240901,404,6,1,8,3,-4.1
20240901,404,6,2,8,3,-1.7
20240901,404,6,3,8,3,-1.0
20240901,404,6,4,8,3,-0.5
20240901,404,6,5,8,3,-0.3
20240901,301,1,1,7,3,6562.3
20240901,501,1,1,7,3,2125.4
20240901,502,1,1,7,3,1870.7
20240901,503,1,1,7,3,-88.2
20240901,504,1,1,7,3,1408.2
20240901,601,1,1,7,3,2037.2
20240901,602,1,1,7,3,-401.6
20240901,603,1,1,7,3,72185.6
20241001,101,1,1,5,3,730.7
20241001,101,1,2,5,3,295.0
20241001,101,1,3,5,3,175.2
20241001,101,1,4,5,3,95.7
20241001,101,1,5,5,3,52.9
20241001,101,2,1,5,3,565.2
20241001,101,2,2,5,3,222.9
20241001,101,2,3,5,3,131.8
20241001,101,2,4,5,3,70.8
20241001,101,2,5,5,3,40.9
20241001,101,3,1,5,3,434.0
20241001,101,3,2,5,3,178.6
20241001,101,3,3,5,3,103.2
20241001,101,3,4,5,3,55.4
20241001,101,3,5,5,3,32.6
20241001,101,4,1,5,3,339.4
20241001,101,4,2,5,3,137.7
20241001,101,4,3,5,3,80.1
20241001,101,4,4,5,3,44.5
20241001,101,4,5,5,3,25.1
20241001,101,5,1,5,3,216.1
20241001,101,5,2,5,3,87.9
20241001,101,5,3,5,3,51.5
20241001,101,5,4,5,3,27.7
20241001,101,5,5,5,3,16.4
20241001,101,6,1,5,3,146.1
20241001,101,6,2,5,3,59.2
20241001,101,6,3,5,3,34.6
20241001,101,6,4,5,3,19.1
20241001,101,6,5,5,3,10.7
20241001,102,1,1,5,3,191.7
20241001,102,1,2,5,3,76.1
20241001,102,1,3,5,3,46.2
20241001,102,1,4,5,3,24.2
20241001,102,1,5,5,3,14.2
20241001,102,2,1,5,3,144.8
20241001,102,2,2,5,3,58.7
20241001,102,2,3,5,3,34.5
20241001,102,2,4,5,3,18.7
20241001,102,2,5,5,3,10.8
20241001,102,3,1,5,3,111.8
20241001,102,3,2,5,3,46.4
20241001,102,3,3,5,3,27.8
20241001,102,3,4,5,3,14.7
20241001,102,3,5,5,3,8.3
20241001,102,4,1,5,3,87.1
20241001,102,4,2,5,3,35.9
20241001,102,4,3,5,3,21.1
20241001,102,4,4,5,3,11.6
20241001,102,4,5,5,3,6.5
20241001,102,5,1,5,3,56.2
20241001,102,5,2,5,3,23.2
20241001,102,5,3,5,3,13.6
20241001,102,5,4,5,3,7.4
20241001,102,5,5,5,3,4.2
20241001,102,6,1,5,3,38.1
20241001,102,6,2,5,3,15.2
20241001,102,6,3,5,3,9.0
20241001,102,6,4,5,3,4.9
20241001,102,6,5,5,3,2.8
20241001,103,1,1,5,3,673.5
20241001,103,1,2,5,3,266.4
20241001,103,1,3,5,3,157.7
20241001,103,1,4,5,3,85.7
20241001,103,1,5,5,3,48.2
20241001,103,2,1,5,3,501.6
20241001,103,2,2,5,3,206.9
20241001,103,2,3,5,3,124.2
20241001,103,2,4,5,3,65.0
20241001,103,2,5,5,3,38.1
20241001,103,3,1,5,3,400.7
20241001,103,3,2,5,3,163.2
20241001,103,3,3,5,3,94.9
20241001,103,3,4,5,3,52.0
20241001,103,3,5,5,3,29.2
20241001,103,4,1,5,3,313.0
20241001,103,4,2,5,3,124.6
20241001,103,4,3,5,3,73.5
20241001,103,4,4,5,3,40.8
20241001,103,4,5,5,3,23.2
20241001,103,5,1,5,3,200.6
20241001,103,5,2,5,3,82.1
20241001,103,5,3,5,3,47.4
20241001,103,5,4,5,3,25.4
20241001,103,5,5,5,3,14.6
20241001,103,6,1,5,3,133.2
20241001,103,6,2,5,3,54.1
20241001,103,6,3,5,3,32.2
20241001,103,6,4,5,3,17.2
20241001,103,6,5,5,3,9.7
20241001,201,1,1,1,3,-206.5
20241001,201,1,1,2,3,-97.2
20241001,201,1,2,1,3,-84.1
20241001,201,1,2,2,3,-39.6
20241001,201,1,3,1,3,-49.7
20241001,201,1,3,2,3,-23.4
20241001,201,1,4,1,3,-26.8
20241001,201,1,4,2,3,-12.6
20241001,201,1,5,1,3,-15.3
20241001,201,1,5,2,3,-7.2
20241001,201,2,1,1,3,-158.3
20241001,201,2,1,2,3,-74.5
20241001,201,2,2,1,3,-64.5
20241001,201,2,2,2,3,-30.4
20241001,201,2,3,1,3,-38.1
20241001,201,2,3,2,3,-17.9
20241001,201,2,4,1,3,-20.5
20241001,201,2,4,2,3,-9.7
20241001,201,2,5,1,3,-11.7
20241001,201,2,5,2,3,-5.5
20241001,201,3,1,1,3,-123.9
20241001,201,3,1,2,3,-58.3
20241001,201,3,2,1,3,-50.5
20241001,201,3,2,2,3,-23.8
20241001,201,3,3,1,3,-29.8
20241001,201,3,3,2,3,-14.0
20241001,201,3,4,1,3,-16.1
20241001,201,3,4,2,3,-7.6
20241001,201,3,5,1,3,-9.2
20241001,201,3,5,2,3,-4.3
20241001,201,4,1,1,3,-96.4
20241001,201,4,1,2,3,-45.3
20241001,201,4,2,1,3,-39.3
20241001,201,4,2,2,3,-18.5
20241001,201,4,3,1,3,-23.2
20241001,201,4,3,2,3,-10.9
20241001,201,4,4,1,3,-12.5
20241001,201,4,4,2,3,-5.9
20241001,201,4,5,1,3,-7.1
20241001,201,4,5,2,3,-3.4
20241001,201,5,1,1,3,-61.9
20241001,201,5,1,2,3,-29.2
20241001,201,5,2,1,3,-25.2
20241001,201,5,2,2,3,-11.9
20241001,201,5,3,1,3,-14.9
20241001,201,5,3,2,3,-7.0
20241001,201,5,4,1,3,-8.0
20241001,201,5,4,2,3,-3.8
20241001,201,5,5,1,3,-4.6
20241001,201,5,5,2,3,-2.2
20241001,201,6,1,1,3,-41.3
20241001,201,6,1,2,3,-19.4
20241001,201,6,2,1,3,-16.8
20241001,201,6,2,2,3,-7.9
20241001,201,6,3,1,3,-9.9
20241001,201,6,3,2,3,-4.7
20241001,201,6,4,1,3,-5.4
20241001,201,6,4,2,3,-2.5
20241001,201,6,5,1,3,-3.1
20241001,201,6,5,2,3,-1.4
20241001,202,1,1,1,3,-149.5
20241001,202,1,1,2,3,-70.4
20241001,202,1,2,1,3,-60.9
20241001,202,1,2,2,3,-28.7
20241001,202,1,3,1,3,-36.0
20241001,202,1,3,2,3,-16.9
20241001,202,1,4,1,3,-19.4
20241001,202,1,4,2,3,-9.1
20241001,202,1,5,1,3,-11.1
20241001,202,1,5,2,3,-5.2
20241001,202,2,1,1,3,-114.6
20241001,202,2,1,2,3,-53.9
20241001,202,2,2,1,3,-46.7
20241001,202,2,2,2,3,-22.0
20241001,202,2,3,1,3,-27.6
20241001,202,2,3,2,3,-13.0
20241001,202,2,4,1,3,-14.9
20241001,202,2,4,2,3,-7.0
20241001,202,2,5,1,3,-8.5
20241001,202,2,5,2,3,-4.0
20241001,202,3,1,1,3,-89.7
20241001,202,3,1,2,3,-42.2
20241001,202,3,2,1,3,-36.5
20241001,202,3,2,2,3,-17.2
20241001,202,3,3,1,3,-21.6
20241001,202,3,3,2,3,-10.2
20241001,202,3,4,1,3,-11.6
20241001,202,3,4,2,3,-5.5
20241001,202,3,5,1,3,-6.6
20241001,202,3,5,2,3,-3.1
20241001,202,4,1,1,3,-69.8
20241001,202,4,1,2,3,-32.8
20241001,202,4,2,1,3,-28.4
20241001,202,4,2,2,3,-13.4
20241001,202,4,3,1,3,-16.8
20241001,202,4,3,2,3,-7.9
20241001,202,4,4,1,3,-9.0
20241001,202,4,4,2,3,-4.3
20241001,202,4,5,1,3,-5.2
20241001,202,4,5,2,3,-2.4
20241001,202,5,1,1,3,-44.9
20241001,202,5,1,2,3,-21.1
20241001,202,5,2,1,3,-18.3
20241001,202,5,2,2,3,-8.6
20241001,202,5,3,1,3,-10.8
20241001,202,5,3,2,3,-5.1
20241001,202,5,4,1,3,-5.8
20241001,202,5,4,2,3,-2.7
20241001,202,5,5,1,3,-3.3
20241001,202,5,5,2,3,-1.6
20241001,202,6,1,1,3,-29.9
20241001,202,6,1,2,3,-14.1
20241001,202,6,2,1,3,-12.2
20241001,202,6,2,2,3,-5.7
20241001,202,6,3,1,3,-7.2
20241001,202,6,3,2,3,-3.4
20241001,202,6,4,1,3,-3.9
20241001,202,6,4,2,3,-1.8
20241001,202,6,5,1,3,-2.2
20241001,202,6,5,2,3,-1.0
20241001,401,1,1,3,3,-230.2
20241001,401,1,2,3,3,-93.8
20241001,401,1,3,3,3,-55.4
20241001,401,1,4,3,3,-29.8
20241001,401,1,5,3,3,-17.0
20241001,401,2,1,3,3,-176.5
20241001,401,2,2,3,3,-71.9
20241001,401,2,3,3,3,-42.5
20241001,401,2,4,3,3,-22.9
20241001,401,2,5,3,3,-13.1
20241001,401,3,1,3,3,-138.1
20241001,401,3,2,3,3,-56.3
20241001,401,3,3,3,3,-33.2
20241001,401,3,4,3,3,-17.9
20241001,401,3,5,3,3,-10.2
20241001,401,4,1,3,3,-107.4
20241001,401,4,2,3,3,-43.8
20241001,401,4,3,3,3,-25.9
20241001,401,4,4,3,3,-13.9
20241001,401,4,5,3,3,-8.0
20241001,401,5,1,3,3,-69.0
20241001,401,5,2,3,3,-28.1
20241001,401,5,3,3,3,-16.6
20241001,401,5,4,3,3,-9.0
20241001,401,5,5,3,3,-5.1
20241001,401,6,1,3,3,-46.0
20241001,401,6,2,3,3,-18.8
20241001,401,6,3,3,3,-11.1
20241001,401,6,4,3,3,-6.0
20241001,401,6,5,3,3,-3.4
20241001,401,1,1,4,3,-80.9
20241001,401,1,2,4,3,-32.9
20241001,401,1,3,4,3,-19.5
20241001,401,1,4,4,3,-10.5
20241001,401,1,5,4,3,-6.0
20241001,401,2,1,4,3,-62.0
20241001,401,2,2,4,3,-25.3
20241001,401,2,3,4,3,-14.9
20241001,401,2,4,4,3,-8.0
20241001,401,2,5,4,3,-4.6
20241001,401,3,1,4,3,-48.5
20241001,401,3,2,4,3,-19.8
20241001,401,3,3,4,3,-11.7
20241001,401,3,4,4,3,-6.3
20241001,401,3,5,4,3,-3.6
20241001,401,4,1,4,3,-37.7
20241001,401,4,2,4,3,-15.4
20241001,401,4,3,4,3,-9.1
20241001,401,4,4,4,3,-4.9
20241001,401,4,5,4,3,-2.8
20241001,401,5,1,4,3,-24.3
20241001,401,5,2,4,3,-9.9
20241001,401,5,3,4,3,-5.8
20241001,401,5,4,4,3,-3.1
20241001,401,5,5,4,3,-1.8
20241001,401,6,1,4,3,-16.2
20241001,401,6,2,4,3,-6.6
20241001,401,6,3,4,3,-3.9
20241001,401,6,4,4,3,-2.1
20241001,401,6,5,4,3,-1.2
20241001,402,1,1,5,3,-202.3
20241001,402,1,2,5,3,-82.4
20241001,402,1,3,5,3,-48.7
20241001,402,1,4,5,3,-26.2
20241001,402,1,5,5,3,-15.0
20241001,402,2,1,5,3,-155.1
20241001,402,2,2,5,3,-63.2
20241001,402,2,3,5,3,-37.3
20241001,402,2,4,5,3,-20.1
20241001,402,2,5,5,3,-11.5
20241001,402,3,1,5,3,-121.4
20241001,402,3,2,5,3,-49.5
20241001,402,3,3,5,3,-29.2
20241001,402,3,4,5,3,-15.7
20241001,402,3,5,5,3,-9.0
20241001,402,4,1,5,3,-94.4
20241001,402,4,2,5,3,-38.5
20241001,402,4,3,5,3,-22.7
20241001,402,4,4,5,3,-12.2
20241001,402,4,5,5,3,-7.0
20241001,402,5,1,5,3,-60.7
20241001,402,5,2,5,3,-24.7
20241001,402,5,3,5,3,-14.6
20241001,402,5,4,5,3,-7.9
20241001,402,5,5,5,3,-4.5
20241001,402,6,1,5,3,-40.5
20241001,402,6,2,5,3,-16.5
20241001,402,6,3,5,3,-9.7
20241001,402,6,4,5,3,-5.2
20241001,402,6,5,5,3,-3.0
20241001,402,1,1,6,3,-78.7
20241001,402,1,2,6,3,-32.1
20241001,402,1,3,6,3,-18.9
20241001,402,1,4,6,3,-10.2
20241001,402,1,5,6,3,-5.8
20241001,402,2,1,6,3,-60.3
20241001,402,2,2,6,3,-24.6
20241001,402,2,3,6,3,-14.5
20241001,402,2,4,6,3,-7.8
20241001,402,2,5,6,3,-4.5
20241001,402,3,1,6,3,-47.2
20241001,402,3,2,6,3,-19.2
20241001,402,3,3,6,3,-11.4
20241001,402,3,4,6,3,-6.1
20241001,402,3,5,6,3,-3.5
20241001,402,4,1,6,3,-36.7
20241001,402,4,2,6,3,-15.0
20241001,402,4,3,6,3,-8.8
20241001,402,4,4,6,3,-4.8
20241001,402,4,5,6,3,-2.7
20241001,402,5,1,6,3,-23.6
20241001,402,5,2,6,3,-9.6
20241001,402,5,3,6,3,-5.7
20241001,402,5,4,6,3,-3.1
20241001,402,5,5,6,3,-1.7
20241001,402,6,1,6,3,-15.7
20241001,402,6,2,6,3,-6.4
20241001,402,6,3,6,3,-3.8
20241001,402,6,4,6,3,-2.0
20241001,402,6,5,6,3,-1.2
20241001,403,1,1,7,3,-71.4
20241001,403,1,2,7,3,-29.1
20241001,403,1,3,7,3,-17.2
20241001,403,1,4,7,3,-9.3
20241001,403,1,5,7,3,-5.3
20241001,403,2,1,7,3,-54.8
20241001,403,2,2,7,3,-22.3
20241001,403,2,3,7,3,-13.2
20241001,403,2,4,7,3,-7.1
20241001,403,2,5,7,3,-4.1
20241001,403,3,1,7,3,-42.9
20241001,403,3,2,7,3,-17.5
20241001,403,3,3,7,3,-10.3
20241001,403,3,4,7,3,-5.6
20241001,403,3,5,7,3,-3.2
20241001,403,4,1,7,3,-33.3
20241001,403,4,2,7,3,-13.6
20241001,403,4,3,7,3,-8.0
20241001,403,4,4,7,3,-4.3
20241001,403,4,5,7,3,-2.5
20241001,403,5,1,7,3,-21.4
20241001,403,5,2,7,3,-8.7
20241001,403,5,3,7,3,-5.2
20241001,403,5,4,7,3,-2.8
20241001,403,5,5,7,3,-1.6
20241001,403,6,1,7,3,-14.3
20241001,403,6,2,7,3,-5.8
20241001,403,6,3,7,3,-3.4
20241001,403,6,4,7,3,-1.9
20241001,403,6,5,7,3,-1.1
20241001,403,1,1,8,3,-51.7
20241001,403,1,2,8,3,-21.1
20241001,403,1,3,8,3,-12.5
20241001,403,1,4,8,3,-6.7
20241001,403,1,5,8,3,-3.8
20241001,403,2,1,8,3,-39.7
20241001,403,2,2,8,3,-16.2
20241001,403,2,3,8,3,-9.5
20241001,403,2,4,8,3,-5.1
20241001,403,2,5,8,3,-2.9
20241001,403,3,1,8,3,-31.0
20241001,403,3,2,8,3,-12.6
20241001,403,3,3,8,3,-7.5
20241001,403,3,4,8,3,-4.0
20241001,403,3,5,8,3,-2.3
20241001,403,4,1,8,3,-24.1
20241001,403,4,2,8,3,-9.8
20241001,403,4,3,8,3,-5.8
20241001,403,4,4,8,3,-3.1
20241001,403,4,5,8,3,-1.8
20241001,403,5,1,8,3,-15.5
20241001,403,5,2,8,3,-6.3
20241001,403,5,3,8,3,-3.7
20241001,403,5,4,8,3,-2.0
20241001,403,5,5,8,3,-1.1
20241001,403,6,1,8,3,-10.3
20241001,403,6,2,8,3,-4.2
20241001,403,6,3,8,3,-2.5
20241001,403,6,4,8,3,-1.3
20241001,403,6,5,8,3,-0.8
20241001,404,1,1,7,3,-20.5
20241001,404,1,2,7,3,-8.4
20241001,404,1,3,7,3,-4.9
20241001,404,1,4,7,3,-2.7
20241001,404,1,5,7,3,-1.5
20241001,404,2,1,7,3,-15.7
20241001,404,2,2,7,3,-6.4
20241001,404,2,3,7,3,-3.8
20241001,404,2,4,7,3,-2.0
20241001,404,2,5,7,3,-1.2
20241001,404,3,1,7,3,-12.3
20241001,404,3,2,7,3,-5.0
20241001,404,3,3,7,3,-3.0
20241001,404,3,4,7,3,-1.6
20241001,404,3,5,7,3,-0.9
20241001,404,4,1,7,3,-9.6
20241001,404,4,2,7,3,-3.9
20241001,404,4,3,7,3,-2.3
20241001,404,4,4,7,3,-1.2
20241001,404,4,5,7,3,-0.7
20241001,404,5,1,7,3,-6.2
20241001,404,5,2,7,3,-2.5
20241001,404,5,3,7,3,-1.5
20241001,404,5,4,7,3,-0.8
20241001,404,5,5,7,3,-0.5
20241001,404,6,1,7,3,-4.1
20241001,404,6,2,7,3,-1.7
20241001,404,6,3,7,3,-1.0
20241001,404,6,4,7,3,-0.5
20241001,404,6,5,7,3,-0.3
20241001,404,1,1,8,3,-20.5
20241001,404,1,2,8,3,-8.4
20241001,404,1,3,8,3,-4.9
20241001,404,1,4,8,3,-2.7
20241001,404,1,5,8,3,-1.5
20241001,404,2,1,8,3,-15.7
20241001,404,2,2,8,3,-6.4
20241001,404,2,3,8,3,-3.8
20241001,404,2,4,8,3,-2.0
20241001,404,2,5,8,3,-1.2
20241001,404,3,1,8,3,-12.3
20241001,404,3,2,8,3,-5.0
20241001,404,3,3,8,3,-3.0
20241001,404,3,4,8,3,-1.6
20241001,404,3,5,8,3,-0.9
20241001,404,4,1,8,3,-9.6
20241001,404,4,2,8,3,-3.9
20241001,404,4,3,8,3,-2.3
20241001,404,4,4,8,3,-1.2
20241001,404,4,5,8,3,-0.7
20241001,404,5,1,8,3,-6.2
20241001,404,5,2,8,3,-2.5
20241001,404,5,3,8,3,-1.5
20241001,404,5,4,8,3,-0.8
20241001,404,5,5,8,3,-0.5
20241001,404,6,1,8,3,-4.1
20241001,404,6,2,8,3,-1.7
20241001,404,6,3,8,3,-1.0
20241001,404,6,4,8,3,-0.5
20241001,404,6,5,8,3,-0.3
20241001,301,1,1,7,3,6513.9
20241001,501,1,1,7,3,2099.1
20241001,502,1,1,7,3,1845.7
20241001,503,1,1,7,3,-87.7
20241001,504,1,1,7,3,1388.8
20241001,601,1,1,7,3,2011.4
20241001,602,1,1,7,3,-399.6
20241001,603,1,1,7,3,73111.8
20241101,101,1,1,5,3,751.1
20241101,101,1,2,5,3,306.7
20241101,101,1,3,5,3,177.1
20241101,101,1,4,5,3,97.0
20241101,101,1,5,5,3,54.8
20241101,101,2,1,5,3,573.0
20241101,101,2,2,5,3,233.7
20241101,101,2,3,5,3,137.4
20241101,101,2,4,5,3,74.7
20241101,101,2,5,5,3,42.7
20241101,101,3,1,5,3,442.9
20241101,101,3,2,5,3,181.4
20241101,101,3,3,5,3,105.4
20241101,101,3,4,5,3,58.2
20241101,101,3,5,5,3,32.8
20241101,101,4,1,5,3,350.1
20241101,101,4,2,5,3,141.4
20241101,101,4,3,5,3,81.8
20241101,101,4,4,5,3,45.5
20241101,101,4,5,5,3,25.7
20241101,101,5,1,5,3,221.9
20241101,101,5,2,5,3,90.9
20241101,101,5,3,5,3,52.9
20241101,101,5,4,5,3,28.7
20241101,101,5,5,5,3,16.6
20241101,101,6,1,5,3,150.3
20241101,101,6,2,5,3,60.1
20241101,101,6,3,5,3,35.3
20241101,101,6,4,5,3,19.1
20241101,101,6,5,5,3,10.9
20241101,102,1,1,5,3,193.1
20241101,102,1,2,5,3,79.4
20241101,102,1,3,5,3,46.2
20241101,102,1,4,5,3,24.8
20241101,102,1,5,5,3,14.1
20241101,102,2,1,5,3,147.5
20241101,102,2,2,5,3,61.3
20241101,102,2,3,5,3,36.2
20241101,102,2,4,5,3,19.1
20241101,102,2,5,5,3,10.9
20241101,102,3,1,5,3,115.9
20241101,102,3,2,5,3,47.0
20241101,102,3,3,5,3,28.1
20241101,102,3,4,5,3,14.8
20241101,102,3,5,5,3,8.7
20241101,102,4,1,5,3,89.8
20241101,102,4,2,5,3,37.1
20241101,102,4,3,5,3,21.8
20241101,102,4,4,5,3,11.5
20241101,102,4,5,5,3,6.8
20241101,102,5,1,5,3,58.1
20241101,102,5,2,5,3,23.9
20241101,102,5,3,5,3,13.8
20241101,102,5,4,5,3,7.4
20241101,102,5,5,5,3,4.3
20241101,102,6,1,5,3,38.5
20241101,102,6,2,5,3,15.6
20241101,102,6,3,5,3,9.2
20241101,102,6,4,5,3,5.0
20241101,102,6,5,5,3,2.9
20241101,103,1,1,5,3,686.2
20241101,103,1,2,5,3,279.8
20241101,103,1,3,5,3,164.2
20241101,103,1,4,5,3,88.3
20241101,103,1,5,5,3,50.6
20241101,103,2,1,5,3,510.6
20241101,103,2,2,5,3,212.2
20241101,103,2,3,5,3,124.7
20241101,103,2,4,5,3,67.3
20241101,103,2,5,5,3,38.1
20241101,103,3,1,5,3,403.3
20241101,103,3,2,5,3,167.3
20241101,103,3,3,5,3,99.2
20241101,103,3,4,5,3,53.5
20241101,103,3,5,5,3,30.3
20241101,103,4,1,5,3,315.1
20241101,103,4,2,5,3,130.3
20241101,103,4,3,5,3,76.5
20241101,103,4,4,5,3,40.4
20241101,103,4,5,5,3,23.4
20241101,103,5,1,5,3,201.5
20241101,103,5,2,5,3,82.2
20241101,103,5,3,5,3,48.5
20241101,103,5,4,5,3,26.3
20241101,103,5,5,5,3,14.9
20241101,103,6,1,5,3,135.2
20241101,103,6,2,5,3,54.8
20241101,103,6,3,5,3,32.1
20241101,103,6,4,5,3,17.8
20241101,103,6,5,5,3,10.0
20241101,201,1,1,1,3,-214.2
20241101,201,1,1,2,3,-100.8
20241101,201,1,2,1,3,-87.3
20241101,201,1,2,2,3,-41.1
20241101,201,1,3,1,3,-51.6
20241101,201,1,3,2,3,-24.3
20241101,201,1,4,1,3,-27.8
20241101,201,1,4,2,3,-13.1
20241101,201,1,5,1,3,-15.9
20241101,201,1,5,2,3,-7.5
20241101,201,2,1,1,3,-164.2
20241101,201,2,1,2,3,-77.3
20241101,201,2,2,1,3,-66.9
20241101,201,2,2,2,3,-31.5
20241101,201,2,3,1,3,-39.5
20241101,201,2,3,2,3,-18.6
20241101,201,2,4,1,3,-21.3
20241101,201,2,4,2,3,-10.0
20241101,201,2,5,1,3,-12.2
20241101,201,2,5,2,3,-5.7
20241101,201,3,1,1,3,-128.5
20241101,201,3,1,2,3,-60.5
20241101,201,3,2,1,3,-52.4
20241101,201,3,2,2,3,-24.6
20241101,201,3,3,1,3,-30.9
20241101,201,3,3,2,3,-14.6
20241101,201,3,4,1,3,-16.7
20241101,201,3,4,2,3,-7.8
20241101,201,3,5,1,3,-9.5
20241101,201,3,5,2,3,-4.5
20241101,201,4,1,1,3,-100.0
20241101,201,4,1,2,3,-47.0
20241101,201,4,2,1,3,-40.7
20241101,201,4,2,2,3,-19.2
20241101,201,4,3,1,3,-24.1
20241101,201,4,3,2,3,-11.3
20241101,201,4,4,1,3,-13.0
20241101,201,4,4,2,3,-6.1
20241101,201,4,5,1,3,-7.4
20241101,201,4,5,2,3,-3.5
20241101,201,5,1,1,3,-64.3
20241101,201,5,1,2,3,-30.2
20241101,201,5,2,1,3,-26.2
20241101,201,5,2,2,3,-12.3
20241101,201,5,3,1,3,-15.5
20241101,201,5,3,2,3,-7.3
20241101,201,5,4,1,3,-8.3
20241101,201,5,4,2,3,-3.9
20241101,201,5,5,1,3,-4.8
20241101,201,5,5,2,3,-2.2
20241101,201,6,1,1,3,-42.8
20241101,201,6,1,2,3,-20.2
20241101,201,6,2,1,3,-17.5
20241101,201,6,2,2,3,-8.2
20241101,201,6,3,1,3,-10.3
20241101,201,6,3,2,3,-4.9
20241101,201,6,4,1,3,-5.6
20241101,201,6,4,2,3,-2.6
20241101,201,6,5,1,3,-3.2
20241101,201,6,5,2,3,-1.5
20241101,202,1,1,1,3,-155.1
20241101,202,1,1,2,3,-73.0
20241101,202,1,2,1,3,-63.2
20241101,202,1,2,2,3,-29.7
20241101,202,1,3,1,3,-37.3
20241101,202,1,3,2,3,-17.6
20241101,202,1,4,1,3,-20.1
20241101,202,1,4,2,3,-9.5
20241101,202,1,5,1,3,-11.5
20241101,202,1,5,2,3,-5.4
20241101,202,2,1,1,3,-118.9
20241101,202,2,1,2,3,-56.0
20241101,202,2,2,1,3,-48.4
20241101,202,2,2,2,3,-22.8
20241101,202,2,3,1,3,-28.6
20241101,202,2,3,2,3,-13.5
20241101,202,2,4,1,3,-15.4
20241101,202,2,4,2,3,-7.3
20241101,202,2,5,1,3,-8.8
20241101,202,2,5,2,3,-4.1
20241101,202,3,1,1,3,-93.1
20241101,202,3,1,2,3,-43.8
20241101,202,3,2,1,3,-37.9
20241101,202,3,2,2,3,-17.8
20241101,202,3,3,1,3,-22.4
20241101,202,3,3,2,3,-10.5
20241101,202,3,4,1,3,-12.1
20241101,202,3,4,2,3,-5.7
20241101,202,3,5,1,3,-6.9
20241101,202,3,5,2,3,-3.2
20241101,202,4,1,1,3,-72.4
20241101,202,4,1,2,3,-34.1
20241101,202,4,2,1,3,-29.5
20241101,202,4,2,2,3,-13.9
20241101,202,4,3,1,3,-17.4
20241101,202,4,3,2,3,-8.2
20241101,202,4,4,1,3,-9.4
20241101,202,4,4,2,3,-4.4
20241101,202,4,5,1,3,-5.4
20241101,202,4,5,2,3,-2.5
20241101,202,5,1,1,3,-46.5
20241101,202,5,1,2,3,-21.9
20241101,202,5,2,1,3,-19.0
20241101,202,5,2,2,3,-8.9
20241101,202,5,3,1,3,-11.2
20241101,202,5,3,2,3,-5.3
20241101,202,5,4,1,3,-6.0
20241101,202,5,4,2,3,-2.8
20241101,202,5,5,1,3,-3.4
20241101,202,5,5,2,3,-1.6
20241101,202,6,1,1,3,-31.0
20241101,202,6,1,2,3,-14.6
20241101,202,6,2,1,3,-12.6
20241101,202,6,2,2,3,-5.9
20241101,202,6,3,1,3,-7.5
20241101,202,6,3,2,3,-3.5
20241101,202,6,4,1,3,-4.0
20241101,202,6,4,2,3,-1.9
20241101,202,6,5,1,3,-2.3
20241101,202,6,5,2,3,-1.1
20241101,401,1,1,3,3,-235.6
20241101,401,1,2,3,3,-96.0
20241101,401,1,3,3,3,-56.7
20241101,401,1,4,3,3,-30.5
20241101,401,1,5,3,3,-17.5
20241101,401,2,1,3,3,-180.7
20241101,401,2,2,3,3,-73.6
20241101,401,2,3,3,3,-43.5
20241101,401,2,4,3,3,-23.4
20241101,401,2,5,3,3,-13.4
20241101,401,3,1,3,3,-141.4
20241101,401,3,2,3,3,-57.6
20241101,401,3,3,3,3,-34.0
20241101,401,3,4,3,3,-18.3
20241101,401,3,5,3,3,-10.5
20241101,401,4,1,3,3,-110.0
20241101,401,4,2,3,3,-44.8
20241101,401,4,3,3,3,-26.5
20241101,401,4,4,3,3,-14.3
20241101,401,4,5,3,3,-8.1
20241101,401,5,1,3,3,-70.7
20241101,401,5,2,3,3,-28.8
20241101,401,5,3,3,3,-17.0
20241101,401,5,4,3,3,-9.2
20241101,401,5,5,3,3,-5.2
20241101,401,6,1,3,3,-47.1
20241101,401,6,2,3,3,-19.2
20241101,401,6,3,3,3,-11.3
20241101,401,6,4,3,3,-6.1
20241101,401,6,5,3,3,-3.5
20241101,401,1,1,4,3,-82.8
20241101,401,1,2,4,3,-33.7
20241101,401,1,3,4,3,-19.9
20241101,401,1,4,4,3,-10.7
20241101,401,1,5,4,3,-6.1
20241101,401,2,1,4,3,-63.5
20241101,401,2,2,4,3,-25.9
20241101,401,2,3,4,3,-15.3
20241101,401,2,4,4,3,-8.2
20241101,401,2,5,4,3,-4.7
20241101,401,3,1,4,3,-49.7
20241101,401,3,2,4,3,-20.2
20241101,401,3,3,4,3,-12.0
20241101,401,3,4,4,3,-6.4
20241101,401,3,5,4,3,-3.7
20241101,401,4,1,4,3,-38.6
20241101,401,4,2,4,3,-15.7
20241101,401,4,3,4,3,-9.3
20241101,401,4,4,4,3,-5.0
20241101,401,4,5,4,3,-2.9
20241101,401,5,1,4,3,-24.8
20241101,401,5,2,4,3,-10.1
20241101,401,5,3,4,3,-6.0
20241101,401,5,4,4,3,-3.2
20241101,401,5,5,4,3,-1.8
20241101,401,6,1,4,3,-16.6
20241101,401,6,2,4,3,-6.7
20241101,401,6,3,4,3,-4.0
20241101,401,6,4,4,3,-2.1
20241101,401,6,5,4,3,-1.2
20241101,402,1,1,5,3,-207.2
20241101,402,1,2,5,3,-84.4
20241101,402,1,3,5,3,-49.9
20241101,402,1,4,5,3,-26.9
20241101,402,1,5,5,3,-15.3
20241101,402,2,1,5,3,-158.8
20241101,402,2,2,5,3,-64.7
20241101,402,2,3,5,3,-38.2
20241101,402,2,4,5,3,-20.6
20241101,402,2,5,5,3,-11.8
20241101,402,3,1,5,3,-124.3
20241101,402,3,2,5,3,-50.6
20241101,402,3,3,5,3,-29.9
20241101,402,3,4,5,3,-16.1
20241101,402,3,5,5,3,-9.2
20241101,402,4,1,5,3,-96.7
20241101,402,4,2,5,3,-39.4
20241101,402,4,3,5,3,-23.3
20241101,402,4,4,5,3,-12.5
20241101,402,4,5,5,3,-7.2
20241101,402,5,1,5,3,-62.1
20241101,402,5,2,5,3,-25.3
20241101,402,5,3,5,3,-15.0
20241101,402,5,4,5,3,-8.1
20241101,402,5,5,5,3,-4.6
20241101,402,6,1,5,3,-41.4
20241101,402,6,2,5,3,-16.9
20241101,402,6,3,5,3,-10.0
20241101,402,6,4,5,3,-5.4
20241101,402,6,5,5,3,-3.1
20241101,402,1,1,6,3,-80.6
20241101,402,1,2,6,3,-32.8
20241101,402,1,3,6,3,-19.4
20241101,402,1,4,6,3,-10.4
20241101,402,1,5,6,3,-6.0
20241101,402,2,1,6,3,-61.8
20241101,402,2,2,6,3,-25.2
20241101,402,2,3,6,3,-14.9
20241101,402,2,4,6,3,-8.0
20241101,402,2,5,6,3,-4.6
20241101,402,3,1,6,3,-48.3
20241101,402,3,2,6,3,-19.7
20241101,402,3,3,6,3,-11.6
20241101,402,3,4,6,3,-6.3
20241101,402,3,5,6,3,-3.6
20241101,402,4,1,6,3,-37.6
20241101,402,4,2,6,3,-15.3
20241101,402,4,3,6,3,-9.1
20241101,402,4,4,6,3,-4.9
20241101,402,4,5,6,3,-2.8
20241101,402,5,1,6,3,-24.2
20241101,402,5,2,6,3,-9.8
20241101,402,5,3,6,3,-5.8
20241101,402,5,4,6,3,-3.1
20241101,402,5,5,6,3,-1.8
20241101,402,6,1,6,3,-16.1
20241101,402,6,2,6,3,-6.6
20241101,402,6,3,6,3,-3.9
20241101,402,6,4,6,3,-2.1
20241101,402,6,5,6,3,-1.2
20241101,403,1,1,7,3,-73.1
20241101,403,1,2,7,3,-29.8
20241101,403,1,3,7,3,-17.6
20241101,403,1,4,7,3,-9.5
20241101,403,1,5,7,3,-5.4
20241101,403,2,1,7,3,-56.1
20241101,403,2,2,7,3,-22.8
20241101,403,2,3,7,3,-13.5
20241101,403,2,4,7,3,-7.3
20241101,403,2,5,7,3,-4.2
20241101,403,3,1,7,3,-43.9
20241101,403,3,2,7,3,-17.9
20241101,403,3,3,7,3,-10.6
20241101,403,3,4,7,3,-5.7
20241101,403,3,5,7,3,-3.2
20241101,403,4,1,7,3,-34.1
20241101,403,4,2,7,3,-13.9
20241101,403,4,3,7,3,-8.2
20241101,403,4,4,7,3,-4.4
20241101,403,4,5,7,3,-2.5
20241101,403,5,1,7,3,-21.9
20241101,403,5,2,7,3,-8.9
20241101,403,5,3,7,3,-5.3
20241101,403,5,4,7,3,-2.8
20241101,403,5,5,7,3,-1.6
20241101,403,6,1,7,3,-14.6
20241101,403,6,2,7,3,-6.0
20241101,403,6,3,7,3,-3.5
20241101,403,6,4,7,3,-1.9
20241101,403,6,5,7,3,-1.1
20241101,403,1,1,8,3,-53.0
20241101,403,1,2,8,3,-21.6
20241101,403,1,3,8,3,-12.7
20241101,403,1,4,8,3,-6.9
20241101,403,1,5,8,3,-3.9
20241101,403,2,1,8,3,-40.6
20241101,403,2,2,8,3,-16.5
20241101,403,2,3,8,3,-9.8
20241101,403,2,4,8,3,-5.3
20241101,403,2,5,8,3,-3.0
20241101,403,3,1,8,3,-31.8
20241101,403,3,2,8,3,-12.9
20241101,403,3,3,8,3,-7.6
20241101,403,3,4,8,3,-4.1
20241101,403,3,5,8,3,-2.4
20241101,403,4,1,8,3,-24.7
20241101,403,4,2,8,3,-10.1
20241101,403,4,3,8,3,-5.9
20241101,403,4,4,8,3,-3.2
20241101,403,4,5,8,3,-1.8
20241101,403,5,1,8,3,-15.9
20241101,403,5,2,8,3,-6.5
20241101,403,5,3,8,3,-3.8
20241101,403,5,4,8,3,-2.1
20241101,403,5,5,8,3,-1.2
20241101,403,6,1,8,3,-10.6
20241101,403,6,2,8,3,-4.3
20241101,403,6,3,8,3,-2.5
20241101,403,6,4,8,3,-1.4
20241101,403,6,5,8,3,-0.8
20241101,404,1,1,7,3,-21.0
20241101,404,1,2,7,3,-8.6
20241101,404,1,3,7,3,-5.1
20241101,404,1,4,7,3,-2.7
20241101,404,1,5,7,3,-1.6
20241101,404,2,1,7,3,-16.1
20241101,404,2,2,7,3,-6.6
20241101,404,2,3,7,3,-3.9
20241101,404,2,4,7,3,-2.1
20241101,404,2,5,7,3,-1.2
20241101,404,3,1,7,3,-12.6
20241101,404,3,2,7,3,-5.1
20241101,404,3,3,7,3,-3.0
20241101,404,3,4,7,3,-1.6
20241101,404,3,5,7,3,-0.9
20241101,404,4,1,7,3,-9.8
20241101,404,4,2,7,3,-4.0
20241101,404,4,3,7,3,-2.4
20241101,404,4,4,7,3,-1.3
20241101,404,4,5,7,3,-0.7
20241101,404,5,1,7,3,-6.3
20241101,404,5,2,7,3,-2.6
20241101,404,5,3,7,3,-1.5
20241101,404,5,4,7,3,-0.8
20241101,404,5,5,7,3,-0.5
20241101,404,6,1,7,3,-4.2
20241101,404,6,2,7,3,-1.7
20241101,404,6,3,7,3,-1.0
20241101,404,6,4,7,3,-0.5
20241101,404,6,5,7,3,-0.3
20241101,404,1,1,8,3,-21.0
20241101,404,1,2,8,3,-8.6
20241101,404,1,3,8,3,-5.1
20241101,404,1,4,8,3,-2.7
20241101,404,1,5,8,3,-1.6
20241101,404,2,1,8,3,-16.1
20241101,404,2,2,8,3,-6.6
20241101,404,2,3,8,3,-3.9
20241101,404,2,4,8,3,-2.1
20241101,404,2,5,8,3,-1.2
20241101,404,3,1,8,3,-12.6
20241101,404,3,2,8,3,-5.1
20241101,404,3,3,8,3,-3.0
20241101,404,3,4,8,3,-1.6
20241101,404,3,5,8,3,-0.9
20241101,404,4,1,8,3,-9.8
20241101,404,4,2,8,3,-4.0
20241101,404,4,3,8,3,-2.4
20241101,404,4,4,8,3,-1.3
20241101,404,4,5,8,3,-0.7
20241101,404,5,1,8,3,-6.3
20241101,404,5,2,8,3,-2.6
20241101,404,5,3,8,3,-1.5
20241101,404,5,4,8,3,-0.8
20241101,404,5,5,8,3,-0.5
20241101,404,6,1,8,3,-4.2
20241101,404,6,2,8,3,-1.7
20241101,404,6,3,8,3,-1.0
20241101,404,6,4,8,3,-0.5
20241101,404,6,5,8,3,-0.3
20241101,301,1,1,7,3,6625.1
20241101,501,1,1,7,3,2105.3
20241101,502,1,1,7,3,1845.9
20241101,503,1,1,7,3,-89.8
20241101,504,1,1,7,3,1387.3
20241101,601,1,1,7,3,2015.5
20241101,602,1,1,7,3,-409.1
20241101,603,1,1,7,3,74056.4
20241201,101,1,1,5,3,798.2
20241201,101,1,2,5,3,323.1
20241201,101,1,3,5,3,192.2
20241201,101,1,4,5,3,101.8
20241201,101,1,5,5,3,58.8
20241201,101,2,1,5,3,603.2
20241201,101,2,2,5,3,242.4
20241201,101,2,3,5,3,147.1
20241201,101,2,4,5,3,78.4
20241201,101,2,5,5,3,45.3
20241201,101,3,1,5,3,477.2
20241201,101,3,2,5,3,191.1
20241201,101,3,3,5,3,114.1
20241201,101,3,4,5,3,62.2
20241201,101,3,5,5,3,35.3
20241201,101,4,1,5,3,364.3
20241201,101,4,2,5,3,149.3
20241201,101,4,3,5,3,89.7
20241201,101,4,4,5,3,47.1
20241201,101,4,5,5,3,27.6
20241201,101,5,1,5,3,237.0
20241201,101,5,2,5,3,94.8
20241201,101,5,3,5,3,57.1
20241201,101,5,4,5,3,30.6
20241201,101,5,5,5,3,17.5
20241201,101,6,1,5,3,159.6
20241201,101,6,2,5,3,63.6
20241201,101,6,3,5,3,38.5
20241201,101,6,4,5,3,20.2
20241201,101,6,5,5,3,11.7
20241201,102,1,1,5,3,202.9
20241201,102,1,2,5,3,84.7
20241201,102,1,3,5,3,48.7
20241201,102,1,4,5,3,26.9
20241201,102,1,5,5,3,15.4
20241201,102,2,1,5,3,156.7
20241201,102,2,2,5,3,64.0
20241201,102,2,3,5,3,38.5
20241201,102,2,4,5,3,20.6
20241201,102,2,5,5,3,11.6
20241201,102,3,1,5,3,122.3
20241201,102,3,2,5,3,50.7
20241201,102,3,3,5,3,29.4
20241201,102,3,4,5,3,15.8
20241201,102,3,5,5,3,9.2
20241201,102,4,1,5,3,96.9
20241201,102,4,2,5,3,38.9
20241201,102,4,3,5,3,23.0
20241201,102,4,4,5,3,12.5
20241201,102,4,5,5,3,7.1
20241201,102,5,1,5,3,61.5
20241201,102,5,2,5,3,24.7
20241201,102,5,3,5,3,14.6
20241201,102,5,4,5,3,8.0
20241201,102,5,5,5,3,4.6
20241201,102,6,1,5,3,40.9
20241201,102,6,2,5,3,16.7
20241201,102,6,3,5,3,9.9
20241201,102,6,4,5,3,5.3
20241201,102,6,5,5,3,3.0
20241201,103,1,1,5,3,707.4
20241201,103,1,2,5,3,297.0
20241201,103,1,3,5,3,173.0
20241201,103,1,4,5,3,91.7
20241201,103,1,5,5,3,52.5
20241201,103,2,1,5,3,541.4
20241201,103,2,2,5,3,221.5
20241201,103,2,3,5,3,130.2
20241201,103,2,4,5,3,72.2
20241201,103,2,5,5,3,40.7
20241201,103,3,1,5,3,437.9
20241201,103,3,2,5,3,174.1
20241201,103,3,3,5,3,104.8
20241201,103,3,4,5,3,55.1
20241201,103,3,5,5,3,31.9
20241201,103,4,1,5,3,332.2
20241201,103,4,2,5,3,137.2
20241201,103,4,3,5,3,79.3
20241201,103,4,4,5,3,43.1
20241201,103,4,5,5,3,25.2
20241201,103,5,1,5,3,218.5
20241201,103,5,2,5,3,89.1
20241201,103,5,3,5,3,51.6
20241201,103,5,4,5,3,27.7
20241201,103,5,5,5,3,16.2
20241201,103,6,1,5,3,141.0
20241201,103,6,2,5,3,58.8
20241201,103,6,3,5,3,34.6
20241201,103,6,4,5,3,18.3
20241201,103,6,5,5,3,10.6
20241201,201,1,1,1,3,-230.7
20241201,201,1,1,2,3,-108.6
20241201,201,1,2,1,3,-94.0
20241201,201,1,2,2,3,-44.2
20241201,201,1,3,1,3,-55.5
20241201,201,1,3,2,3,-26.1
20241201,201,1,4,1,3,-29.9
20241201,201,1,4,2,3,-14.1
20241201,201,1,5,1,3,-17.1
20241201,201,1,5,2,3,-8.0
20241201,201,2,1,1,3,-176.9
20241201,201,2,1,2,3,-83.2
20241201,201,2,2,1,3,-72.1
20241201,201,2,2,2,3,-33.9
20241201,201,2,3,1,3,-42.6
20241201,201,2,3,2,3,-20.0
20241201,201,2,4,1,3,-22.9
20241201,201,2,4,2,3,-10.8
20241201,201,2,5,1,3,-13.1
20241201,201,2,5,2,3,-6.2
20241201,201,3,1,1,3,-138.4
20241201,201,3,1,2,3,-65.1
20241201,201,3,2,1,3,-56.4
20241201,201,3,2,2,3,-26.5
20241201,201,3,3,1,3,-33.3
20241201,201,3,3,2,3,-15.7
20241201,201,3,4,1,3,-17.9
20241201,201,3,4,2,3,-8.4
20241201,201,3,5,1,3,-10.3
20241201,201,3,5,2,3,-4.8
20241201,201,4,1,1,3,-107.7
20241201,201,4,1,2,3,-50.7
20241201,201,4,2,1,3,-43.9
20241201,201,4,2,2,3,-20.6
20241201,201,4,3,1,3,-25.9
20241201,201,4,3,2,3,-12.2
20241201,201,4,4,1,3,-14.0
20241201,201,4,4,2,3,-6.6
20241201,201,4,5,1,3,-8.0
20241201,201,4,5,2,3,-3.8
20241201,201,5,1,1,3,-69.2
20241201,201,5,1,2,3,-32.6
20241201,201,5,2,1,3,-28.2
20241201,201,5,2,2,3,-13.3
20241201,201,5,3,1,3,-16.7
20241201,201,5,3,2,3,-7.8
20241201,201,5,4,1,3,-9.0
20241201,201,5,4,2,3,-4.2
20241201,201,5,5,1,3,-5.1
20241201,201,5,5,2,3,-2.4
20241201,201,6,1,1,3,-46.1
20241201,201,6,1,2,3,-21.7
20241201,201,6,2,1,3,-18.8
20241201,201,6,2,2,3,-8.8
20241201,201,6,3,1,3,-11.1
20241201,201,6,3,2,3,-5.2
20241201,201,6,4,1,3,-6.0
20241201,201,6,4,2,3,-2.8
20241201,201,6,5,1,3,-3.4
20241201,201,6,5,2,3,-1.6
20241201,202,1,1,1,3,-167.1
20241201,202,1,1,2,3,-78.6
20241201,202,1,2,1,3,-68.1
20241201,202,1,2,2,3,-32.0
20241201,202,1,3,1,3,-40.2
20241201,202,1,3,2,3,-18.9
20241201,202,1,4,1,3,-21.7
20241201,202,1,4,2,3,-10.2
20241201,202,1,5,1,3,-12.4
20241201,202,1,5,2,3,-5.8
20241201,202,2,1,1,3,-128.1
20241201,202,2,1,2,3,-60.3
20241201,202,2,2,1,3,-52.2
20241201,202,2,2,2,3,-24.6
20241201,202,2,3,1,3,-30.8
20241201,202,2,3,2,3,-14.5
20241201,202,2,4,1,3,-16.6
20241201,202,2,4,2,3,-7.8
20241201,202,2,5,1,3,-9.5
20241201,202,2,5,2,3,-4.5
20241201,202,3,1,1,3,-100.2
20241201,202,3,1,2,3,-47.2
20241201,202,3,2,1,3,-40.8
20241201,202,3,2,2,3,-19.2
20241201,202,3,3,1,3,-24.1
20241201,202,3,3,2,3,-11.4
20241201,202,3,4,1,3,-13.0
20241201,202,3,4,2,3,-6.1
20241201,202,3,5,1,3,-7.4
20241201,202,3,5,2,3,-3.5
20241201,202,4,1,1,3,-78.0
20241201,202,4,1,2,3,-36.7
20241201,202,4,2,1,3,-31.8
20241201,202,4,2,2,3,-14.9
20241201,202,4,3,1,3,-18.8
20241201,202,4,3,2,3,-8.8
20241201,202,4,4,1,3,-10.1
20241201,202,4,4,2,3,-4.8
20241201,202,4,5,1,3,-5.8
20241201,202,4,5,2,3,-2.7
20241201,202,5,1,1,3,-50.1
20241201,202,5,1,2,3,-23.6
20241201,202,5,2,1,3,-20.4
20241201,202,5,2,2,3,-9.6
20241201,202,5,3,1,3,-12.1
20241201,202,5,3,2,3,-5.7
20241201,202,5,4,1,3,-6.5
20241201,202,5,4,2,3,-3.1
20241201,202,5,5,1,3,-3.7
20241201,202,5,5,2,3,-1.7
20241201,202,6,1,1,3,-33.4
20241201,202,6,1,2,3,-15.7
20241201,202,6,2,1,3,-13.6
20241201,202,6,2,2,3,-6.4
20241201,202,6,3,1,3,-8.0
20241201,202,6,3,2,3,-3.8
20241201,202,6,4,1,3,-4.3
20241201,202,6,4,2,3,-2.0
20241201,202,6,5,1,3,-2.5
20241201,202,6,5,2,3,-1.2
20241201,401,1,1,3,3,-249.4
20241201,401,1,2,3,3,-101.6
20241201,401,1,3,3,3,-60.0
20241201,401,1,4,3,3,-32.3
20241201,401,1,5,3,3,-18.5
20241201,401,2,1,3,3,-191.2
20241201,401,2,2,3,3,-77.9
20241201,401,2,3,3,3,-46.0
20241201,401,2,4,3,3,-24.8
20241201,401,2,5,3,3,-14.2
20241201,401,3,1,3,3,-149.6
20241201,401,3,2,3,3,-61.0
20241201,401,3,3,3,3,-36.0
20241201,401,3,4,3,3,-19.4
20241201,401,3,5,3,3,-11.1
20241201,401,4,1,3,3,-116.4
20241201,401,4,2,3,3,-47.4
20241201,401,4,3,3,3,-28.0
20241201,401,4,4,3,3,-15.1
20241201,401,4,5,3,3,-8.6
20241201,401,5,1,3,3,-74.8
20241201,401,5,2,3,3,-30.5
20241201,401,5,3,3,3,-18.0
20241201,401,5,4,3,3,-9.7
20241201,401,5,5,3,3,-5.5
20241201,401,6,1,3,3,-49.9
20241201,401,6,2,3,3,-20.3
20241201,401,6,3,3,3,-12.0
20241201,401,6,4,3,3,-6.5
20241201,401,6,5,3,3,-3.7
20241201,401,1,1,4,3,-87.6
20241201,401,1,2,4,3,-35.7
20241201,401,1,3,4,3,-21.1
20241201,401,1,4,4,3,-11.4
20241201,401,1,5,4,3,-6.5
20241201,401,2,1,4,3,-67.2
20241201,401,2,2,4,3,-27.4
20241201,401,2,3,4,3,-16.2
20241201,401,2,4,4,3,-8.7
20241201,401,2,5,4,3,-5.0
20241201,401,3,1,4,3,-52.6
20241201,401,3,2,4,3,-21.4
20241201,401,3,3,4,3,-12.7
20241201,401,3,4,4,3,-6.8
20241201,401,3,5,4,3,-3.9
20241201,401,4,1,4,3,-40.9
20241201,401,4,2,4,3,-16.7
20241201,401,4,3,4,3,-9.8
20241201,401,4,4,4,3,-5.3
20241201,401,4,5,4,3,-3.0
20241201,401,5,1,4,3,-26.3
20241201,401,5,2,4,3,-10.7
20241201,401,5,3,4,3,-6.3
20241201,401,5,4,4,3,-3.4
20241201,401,5,5,4,3,-1.9
20241201,401,6,1,4,3,-17.5
20241201,401,6,2,4,3,-7.1
20241201,401,6,3,4,3,-4.2
20241201,401,6,4,4,3,-2.3
20241201,401,6,5,4,3,-1.3
20241201,402,1,1,5,3,-219.2
20241201,402,1,2,5,3,-89.3
20241201,402,1,3,5,3,-52.8
20241201,402,1,4,5,3,-28.4
20241201,402,1,5,5,3,-16.2
20241201,402,2,1,5,3,-168.1
20241201,402,2,2,5,3,-68.5
20241201,402,2,3,5,3,-40.5
20241201,402,2,4,5,3,-21.8
20241201,402,2,5,5,3,-12.4
20241201,402,3,1,5,3,-131.5
20241201,402,3,2,5,3,-53.6
20241201,402,3,3,5,3,-31.7
20241201,402,3,4,5,3,-17.1
20241201,402,3,5,5,3,-9.7
20241201,402,4,1,5,3,-102.3
20241201,402,4,2,5,3,-41.7
20241201,402,4,3,5,3,-24.6
20241201,402,4,4,5,3,-13.3
20241201,402,4,5,5,3,-7.6
20241201,402,5,1,5,3,-65.8
20241201,402,5,2,5,3,-26.8
20241201,402,5,3,5,3,-15.8
20241201,402,5,4,5,3,-8.5
20241201,402,5,5,5,3,-4.9
20241201,402,6,1,5,3,-43.8
20241201,402,6,2,5,3,-17.9
20241201,402,6,3,5,3,-10.6
20241201,402,6,4,5,3,-5.7
20241201,402,6,5,5,3,-3.2
20241201,402,1,1,6,3,-85.3
20241201,402,1,2,6,3,-34.7
20241201,402,1,3,6,3,-20.5
20241201,402,1,4,6,3,-11.1
20241201,402,1,5,6,3,-6.3
20241201,402,2,1,6,3,-65.4
20241201,402,2,2,6,3,-26.6
20241201,402,2,3,6,3,-15.7
20241201,402,2,4,6,3,-8.5
20241201,402,2,5,6,3,-4.8
20241201,402,3,1,6,3,-51.2
20241201,402,3,2,6,3,-20.8
20241201,402,3,3,6,3,-12.3
20241201,402,3,4,6,3,-6.6
20241201,402,3,5,6,3,-3.8
20241201,402,4,1,6,3,-39.8
20241201,402,4,2,6,3,-16.2
20241201,402,4,3,6,3,-9.6
20241201,402,4,4,6,3,-5.2
20241201,402,4,5,6,3,-2.9
20241201,402,5,1,6,3,-25.6
20241201,402,5,2,6,3,-10.4
20241201,402,5,3,6,3,-6.2
20241201,402,5,4,6,3,-3.3
20241201,402,5,5,6,3,-1.9
20241201,402,6,1,6,3,-17.1
20241201,402,6,2,6,3,-6.9
20241201,402,6,3,6,3,-4.1
20241201,402,6,4,6,3,-2.2
20241201,402,6,5,6,3,-1.3
20241201,403,1,1,7,3,-77.4
20241201,403,1,2,7,3,-31.5
20241201,403,1,3,7,3,-18.6
20241201,403,1,4,7,3,-10.0
20241201,403,1,5,7,3,-5.7
20241201,403,2,1,7,3,-59.3
20241201,403,2,2,7,3,-24.2
20241201,403,2,3,7,3,-14.3
20241201,403,2,4,7,3,-7.7
20241201,403,2,5,7,3,-4.4
20241201,403,3,1,7,3,-46.4
20241201,403,3,2,7,3,-18.9
20241201,403,3,3,7,3,-11.2
20241201,403,3,4,7,3,-6.0
20241201,403,3,5,7,3,-3.4
20241201,403,4,1,7,3,-36.1
20241201,403,4,2,7,3,-14.7
20241201,403,4,3,7,3,-8.7
20241201,403,4,4,7,3,-4.7
20241201,403,4,5,7,3,-2.7
20241201,403,5,1,7,3,-23.2
20241201,403,5,2,7,3,-9.5
20241201,403,5,3,7,3,-5.6
20241201,403,5,4,7,3,-3.0
20241201,403,5,5,7,3,-1.7
20241201,403,6,1,7,3,-15.5
20241201,403,6,2,7,3,-6.3
20241201,403,6,3,7,3,-3.7
20241201,403,6,4,7,3,-2.0
20241201,403,6,5,7,3,-1.1
20241201,403,1,1,8,3,-56.0
20241201,403,1,2,8,3,-22.8
20241201,403,1,3,8,3,-13.5
20241201,403,1,4,8,3,-7.3
20241201,403,1,5,8,3,-4.2
20241201,403,2,1,8,3,-43.0
20241201,403,2,2,8,3,-17.5
20241201,403,2,3,8,3,-10.3
20241201,403,2,4,8,3,-5.6
20241201,403,2,5,8,3,-3.2
20241201,403,3,1,8,3,-33.6
20241201,403,3,2,8,3,-13.7
20241201,403,3,3,8,3,-8.1
20241201,403,3,4,8,3,-4.4
20241201,403,3,5,8,3,-2.5
20241201,403,4,1,8,3,-26.2
20241201,403,4,2,8,3,-10.7
20241201,403,4,3,8,3,-6.3
20241201,403,4,4,8,3,-3.4
20241201,403,4,5,8,3,-1.9
20241201,403,5,1,8,3,-16.8
20241201,403,5,2,8,3,-6.8
20241201,403,5,3,8,3,-4.0
20241201,403,5,4,8,3,-2.2
20241201,403,5,5,8,3,-1.2
20241201,403,6,1,8,3,-11.2
20241201,403,6,2,8,3,-4.6
20241201,403,6,3,8,3,-2.7
20241201,403,6,4,8,3,-1.5
20241201,403,6,5,8,3,-0.8
20241201,404,1,1,7,3,-22.2
20241201,404,1,2,7,3,-9.1
20241201,404,1,3,7,3,-5.4
20241201,404,1,4,7,3,-2.9
20241201,404,1,5,7,3,-1.6
20241201,404,2,1,7,3,-17.0
20241201,404,2,2,7,3,-6.9
20241201,404,2,3,7,3,-4.1
20241201,404,2,4,7,3,-2.2
20241201,404,2,5,7,3,-1.3
20241201,404,3,1,7,3,-13.3
20241201,404,3,2,7,3,-5.4
20241201,404,3,3,7,3,-3.2
20241201,404,3,4,7,3,-1.7
20241201,404,3,5,7,3,-1.0
20241201,404,4,1,7,3,-10.4
20241201,404,4,2,7,3,-4.2
20241201,404,4,3,7,3,-2.5
20241201,404,4,4,7,3,-1.3
20241201,404,4,5,7,3,-0.8
20241201,404,5,1,7,3,-6.7
20241201,404,5,2,7,3,-2.7
20241201,404,5,3,7,3,-1.6
20241201,404,5,4,7,3,-0.9
20241201,404,5,5,7,3,-0.5
20241201,404,6,1,7,3,-4.4
20241201,404,6,2,7,3,-1.8
20241201,404,6,3,7,3,-1.1
20241201,404,6,4,7,3,-0.6
20241201,404,6,5,7,3,-0.3
20241201,404,1,1,8,3,-22.2
20241201,404,1,2,8,3,-9.1
20241201,404,1,3,8,3,-5.4
20241201,404,1,4,8,3,-2.9
20241201,404,1,5,8,3,-1.6
20241201,404,2,1,8,3,-17.0
20241201,404,2,2,8,3,-6.9
20241201,404,2,3,8,3,-4.1
20241201,404,2,4,8,3,-2.2
20241201,404,2,5,8,3,-1.3
20241201,404,3,1,8,3,-13.3
20241201,404,3,2,8,3,-5.4
20241201,404,3,3,8,3,-3.2
20241201,404,3,4,8,3,-1.7
20241201,404,3,5,8,3,-1.0
20241201,404,4,1,8,3,-10.4
20241201,404,4,2,8,3,-4.2
20241201,404,4,3,8,3,-2.5
20241201,404,4,4,8,3,-1.3
20241201,404,4,5,8,3,-0.8
20241201,404,5,1,8,3,-6.7
20241201,404,5,2,8,3,-2.7
20241201,404,5,3,8,3,-1.6
20241201,404,5,4,8,3,-0.9
20241201,404,5,5,8,3,-0.5
20241201,404,6,1,8,3,-4.4
20241201,404,6,2,8,3,-1.8
20241201,404,6,3,8,3,-1.1
20241201,404,6,4,8,3,-0.6
20241201,404,6,5,8,3,-0.3
20241201,301,1,1,7,3,6947.7
20241201,501,1,1,7,3,2164.6
20241201,502,1,1,7,3,1890.1
20241201,503,1,1,7,3,-95.0
20241201,504,1,1,7,3,1418.1
20241201,601,1,1,7,3,2069.6
20241201,602,1,1,7,3,-432.9
20241201,603,1,1,7,3,75036.7
